Lista de Suajes,,,,,,,,,,,,,,,,,,,
,,,,,,,,,,,,,,,,,21-06-24 Rev: 81,,
,N°,Dientes,Suaje Nº,Ubicación,Ancho,x,Largo,Cinta,G/L,G/S,P,D,Figura,ML/millar,Area/millar,Material,Comentarios,Proveedor,Fecha/alta
,207,53,830-210,D-7,"0,0",*,"0,0",14,0,"0,0",4,6,Figura,"0,000","0,00",,Cruz y Circulos Especiales,,
,211,53,830-214,D-11,"0,0",*,"0,0",165,0,"0,0",9,1,Navaja,"0,000","0,00",,Navaja especial Marca Precios (Junto con 830-215),,
,507,70,830-518,F-75,"0,0",*,"0,0",157,0,"0,0",2,1,Navaja,"0,000","0,00",,Pert.  C/circulos (Usar con 830-514),,3/6/2002
,892,72,910-158,I-92,"0,0",*,"0,0",0,0,"0,0",1,1,Figura,"0,000","0,00",,Unidad Ajustable C/4 Discos C.L.,AW,27/8/2003
,235,53,830-240,D-37,"2,3",*,"2,3",0,0,"0,0",12,8,Circunferencia,"0,192","0,00",,Para Eqipo Fedora,,
,486,48,830-496,F-54,"2,3",*,"2,3",0,0,"0,0",18,6,Circunferencia,"0,128","0,00",,circulo para etiquetadora,,29/3/2002
,499,45,830-510,F-67,"2,3",*,"2,3",121,0,"0,0",5,5,Figura,"0,460","0,06",,Perforador para etiquetadora Usar con 830-509,,29/5/2002
,271,49,830-277,D-73,"2,5",*,"2,5",155,0,"0,0",7,13,"""I""","0,357","0,06",,Seguridad Usar con Navaja (830-278),,
,481,65,830-491,F-49,"3,5",*,"3,5",0,0,"0,0",1,3,Circunferencia,"3,500","0,00",,se usa junto con 830-149,,23/3/2002
,407,60,830-417,E-109,"4,0",*,"4,0",111,89,"8,7",2,15,Figura,"6,350","0,70",,Ponchado C/Navaja Punteada Usar C/830-417,,17/3/2003
,693,44,830-717,F-256,"5,0",*,"5,0",131,3,"3,2",15,17,Cuadrado,"0,545","0,07",,Kodak Export,AW,28/11/2006
,,88,M-910-370,,"5,0",*,"25,0",253,"8,7","2,9",18,10,Rectángulo,"1,552","0,39",PH11,Laboratorios Pisa,Rotometrics,21/4/2022
,,68,M-910-304,,"6,0",*,"50,5",226,"8,7","3,5",15,4,Rectángulo,"3,598","0,81",BB15,Laboratorios Pisa,Rotometrics,7/10/2019
,,72,M-910-306,,"7,5",*,"35,0",253,"3,0","3,1",23,6,Rectángulo,"1,657","0,42",PH10,Laboratorios Pisa,Rotometrics,7/10/2019
,,63,M-910-420,,"8,0",*,"30,0",251,"8,4","3,3",15,6,Rectángulo (Gap especial),"2,223","0,56",PH16,Laboratorios Pisa,Rotometrics,11/7/2023
,,61,M-910-364,,"8,0",*,"35,2",234,"5,0","3,5",18,5,Rectángulo,"2,152","0,50",PH11,Laboratorios Pisa,Rotometrics,21/4/2022
,,63,830-852,,"9,0",*,"7,0","60,3",3,"3,0",4,20,Rectángulo,"2,500","0,15",KP04,UMC Electronics,AW,13/7/2020
,,61,830-853,,"9,0",*,"9,0","60,3",3,"3,1",4,16,Rectángulo,"3,026","0,18",KP04,UMC Electronics,AW,13/7/2020
,,68,M-910-038,,"9,0",*,"21,0",251,3,"3,2",20,9,Rectángulo,"1,209","0,30",TT01,Curiel Lomeli Jose Matias,Rotometrics,16/8/2012
,,96,M-910-042,,"9,0",*,"40,0",257,4,"3,5",19,7,Rectángulo,"2,292","0,59",PH07,Tokai de Mexico,Rotometrics,16/8/2012
,,76,M-910-074,,"9,0",*,"45,0",239,3,"3,3",19,5,Rectángulo,"2,540","0,61",CS13,Tokai de Mexico,Rotometrics,17/6/2013
,,88,MD-3030-003,,"9,0",*,"65,0",330,"3,0","4,9",24,4,Rectángulo,"2,910","0,96",BM06,Lalo Spirits,Rotometrics,19/5/2022
,181,57,830-174,C-19,"9,0",*,"178,0",83,3,"3,0",6,1,Rectángulo,"30,167","2,50",,,,
,474,45,830-484,F-42,"10,0",*,"10,0",128,3,"3,0",9,11,Circunferencia,"1,444","0,18",,,,15/3/2002
,,72,M-910-176,,"10,0",*,"35,0",245,"3,0","3,1",18,6,Rectángulo,"2,117","0,52",GC02,Laboratorios Pisa,Rotometrics,27/10/2015
,,72,M-910-291,,"10,0",*,"35,0",245,"3,0","3,1",18,6,Rectángulo,"2,117","0,52",PF07,Laboratorios Pisa,Rotometrics,7/10/2019
,,83,M-910-374,,"10,0",*,"85,0",251,"6,2","3,0",15,3,Rectángulo,"5,867","1,47",PH10,Laboratorios Pisa,Rotometrics,21/4/2022
,,102,M-3300-497,,"11,0",*,"158,0",305,3,"3,9",21,2,Rectángulo,"7,711","2,35",WI02,Altatec de Occidente,Rotometrics,26/1/2024
,,102,M-3300-503,,"11,0",*,"158,0",305,3,"3,9",21,2,Rectángulo con punteados internos,"7,711","2,35",WI09,Altatec de Occidente,Rotometrics,26/1/2024
,382,48,830-391,E-82,"12,0",*,"16,0",86,3,"3,0",5,8,Rectángulo,"3,800","0,33",,P/Poliester,,7/3/2003
,79,51,830-067,A-103,"12,0",*,"21,0",180,2,"2,0",12,7,Figura,"1,917","0,35",,,,
,,50,830-770,,"12,0",*,"23,3",131,3,"3,2",8,6,Figura,"3,309","0,43",,Invernaderos Potosinos,AW,5/11/2008
,553,50,830-568,F-120,"12,0",*,"24,0",77,3,"2,5",4,6,Ovalo,"6,625","0,51",,,C.S.,5/7/2003
,,106,M-830-153,,"12,0",*,"25,0",176,3,"3,0",11,12,Rectángulo con punteado en medio,"2,550","0,45",BT04,Thales Dis México,Rotometrics,11/7/2023
,265,47,830-271,D-67,"12,0",*,"47,0",101,3,"3,0",6,3,Rectángulo,"8,333","0,84",,Latex,,
,,68,M-910-060,,"12,0",*,"69,0",251,3,"3,0",16,3,Figura,"4,500","1,13",PH07,Salsas Castillo,Rotometrics,5/3/2013
,,96,M-910-393,,"12,0",*,"150,0",251,"3,0","3,0",16,2,Rectángulo,"9,563","2,40",BT07,Barcel,Rotometrics,21/4/2022
,,51,830-780,,"13,0",*,"51,0",171,3,"3,2",10,3,Rectángulo,"5,418","0,93",,Gemalto México,AW,24/8/2009
,450,48,830-460,F-19,"14,0",*,"14,0",147,3,"3,0",8,9,Circunferencia,"2,125","0,31",,,,22/6/2001
,,72,M-830-013,,"14,0",*,"25,0",113,3,"3,6",6,8,Rectángulo,"4,763","0,54",CS02,EEO,Rotometrics,23/5/2014
,,72,M-830-031,,"14,0",*,"25,0",96,3,"3,6",5,8,Rectángulo,"5,715","0,55",BT01,María Juana Hernández Mateo,Rotometrics,3/9/2015
,,72,M-830-066,,"14,0",*,"25,0",164,3,"3,6",9,8,Rectángulo,"3,175","0,52",TT01,Cab Logistics,Rotometrics,5/6/2017
,,76,M-910-061,,"14,0",*,"77,4",249,3,"3,0",14,3,Figura,"5,745","1,43",PH07,Salsas Castillo,Rotometrics,5/3/2013
,,90,M-830-028,,"14,0",*,"140,0",164,3,"3,2",9,2,Figura,"15,908","2,61",WI04,Tanteo Spirits México,Rotometrics,15/7/2015
,,90,M-830-134,,"14,0",*,"140,0",164,3,"3,2",9,2,Figura,"15,908","2,61",PH10,Tanteo Spirits México,Rotometrics,21/4/2022
,613,48,830-633,F-177,"14,5",*,"18,0",106,"1,05","2,5",6,8,Figura,"3,417","0,36",,Ovalo con Cortes de Seguridad,AW,19/10/2004
,380,44,830-389,E-80,"15,0",*,"15,0",114,2,"2,5",6,8,Figura,"2,917","0,33",,,,
,645,48,830-668,F-208,"15,0",*,"18,0",109,"1,05","2,5",6,8,Ponchado,"3,417","0,37",,Ponchado para el suaje 830-633,AW,30/4/2005
,,76,M-910-327,,"15,0",*,"19,0",155,"3,0","3,0",8,11,Rectángulo,"2,750","0,43",FP06,Casa Cuervo,Rotometrics,13/7/2020
,6,45,830-005,A-6,"15,0",*,"26,0",114,2,"2,5",6,5,Ovalo,"4,750","0,54",,,,
,,64,M-3300-462,,"15,0",*,"26,0",335,3,"3,0",18,7,Rectángulo,"1,613","0,54",SG12,Laboratorios Best,Rotometrics,11/7/2023
,,68,M-830-044,,"15,0",*,"68,0",83,3,"4,0",4,3,Dos Rectángulos,"17,992","1,49",WI04,Tequila las Americas,Rotometrics,19/7/2016
,394,47,830-404,E-96,"15,0",*,"146,0",119,3,"3,0",6,1,Rectángulo,"24,833","2,96",,,,25/11/2001
,,109,M-3300-373,,"15,0",*,"170,0",173,3,"3,0",9,2,Rectángulo,"19,226","3,33",BT07,Barcel,Rotometrics,21/4/2022
,,62,830-850,,"16,0",*,"5,0",96,6,"2,0",4,28,Rectángulo,"1,750","0,17",KP04,Jabil Circuit,AW,7/10/2019
,,75,M-830-087,,"16,0",*,"6,4",90,4,"3,2",4,25,Rectángulo,"2,381","0,21",KP04,Jabil Circuit de México,Rotometrics,5/7/2018
,7,45,830-006,A-7,"16,0",*,"18,0",141,"2,5","2,0",7,7,Rectángulo,"2,857","0,40",,,,30/10/2000
,321,51,830-327,E-11,"16,0",*,"18,0",142,0,"0,0",8,9,Marca precio,"2,250","0,32",,Etiqueta marca precio para usarse junto con la navaja 830-328 (reposición 29-08-09 con navajas laterales),aw,26/9/2008
,278,51,830-284,D-80,"16,0",*,"21,0",174,2,"2,0",9,7,Figura,"2,556","0,44",,Limón,,
,1,48,830-001,A-1,"16,0",*,"22,0",173,"1,875","3,0",9,6,Ovalo,"2,778","0,48",,,,
,,96,M-910-024,,"16,0",*,"22,2",227,"1,875","3,2",12,12,Ovalo,"2,117","0,48",CS18,Agricola el Rosal,Rotometrics,1/11/2010
,,72,M-910-416,,"16,0",*,"35,0",239,"3,0","3,1",12,6,Rectángulo,"3,175","0,76",CS40,Royal SYL Ventures México,Rotometrics,11/7/2023
,,64,M-910-278,,"16,0",*,"37,0",239,"3,0","3,6",12,5,Rectángulo,"3,387","0,81",PH10,Laboratorios Pisa,Rotometrics,21/2/2019
,,76,M-910-124,,"16,0",*,"45,0",239,"3,0","3,3",12,5,Rectángulo,"4,022","0,96",PH01,Laboratorios Pisa,Rotometrics,19/9/2014
,384,46,830-393,E-84,"16,0",*,"54,0",122,0,"0,0",3,1,Rectángulo (especial corta por debajo),"18,000","2,20",,Usar C/830-392 C.S.,,7/3/2003
,,64,830-638,,"16,5",*,"5,1",83,"1,3","3,0",4,25,Rectángulo,"2,032","0,17",,Jabil,Rotometrics,3/10/2022
,,64,M-830-012,,"16,5",*,"5,1",84,"1,33","3,5",4,25,Rectángulo,"2,140","0,18",TT01,EEO,Rotometrics,23/5/2014
,,64,M-830-051,,"16,5",*,"5,1",84,"1,33","3,5",4,25,Rectángulo,"2,140","0,18",PB04,Jabil Circuit,Rotometrics,12/1/2017
,,64,M-830-086,,"16,5",*,"5,1",84,"1,33","3,0",4,25,Rectángulo,"2,032","0,17",KP04,Jabil Circuit de México,Rotometrics,5/7/2018
,,61,910-557,,"16,5",*,"61,5",245,3,"3,1",12,3,Rectángulo,"5,383","1,32",CS01,Alejandro Araujo,AW,13/3/2014
,,96,M-910-034,,"17,0",*,"20,1",250,2,"1,7",12,14,Figura (Hardran),"1,816","0,45",PF01,Se usa con M-910-035,Rotometrics,14/5/2012
,,96,M-910-035,,"17,0",*,"20,1",250,2,"1,7",12,14,Ponchado (Hardran),"1,816","0,45",PF01,(Corte por debajo) Se usa con M-910-034,Rotometrics,14/5/2012
,,96,M-910-045,,"17,0",*,"20,1",250,2,"1,7",12,14,Figura (Hardran),"1,816","0,45",Roll Cover 125010,EEO (Se usa con M-910-046),Rotometrics,16/8/2012
,,96,M-910-046,,"17,0",*,"20,1",250,2,"1,7",12,14,Ponchado (Hardran),"1,816","0,45",Roll Cover 125010,EEO Corte por debajo (Se usa con M-910-045),Rotometrics,16/8/2012
,,96,M-910-071,,"17,0",*,"20,1",250,2,"1,7",12,14,Figura (Hardran),"1,816","0,45",7114F RI-787,EEO (Se usa con M-910-072),Rotometrics,5/3/2013
,,96,M-910-072,,"17,0",*,"20,1",250,2,"1,7",12,14,Ponchado (Hardran),"1,816","0,45",7114F RI-787,EEO Corte por debajo (Se usa con M-910-071),Rotometrics,5/3/2013
,,96,M-910-205,,"17,0",*,"20,1",250,"2,0","1,7",12,14,Figura (Hardran),"1,814","0,45",PF06,EEO,Rotometrics,12/1/2017
,,96,M-910-206,,"17,0",*,"20,1",250,"2,0","1,7",12,14,Figura (Hardran),"1,814","0,45",PF05,EEO,Rotometrics,12/1/2017
,,96,M-910-285,,"17,0",*,"20,1",240,"2,0","1,7",12,14,Figura,"1,814","0,44",PF07,EEO,Rotometrics,21/2/2019
,,96,M-910-323,,"17,0",*,"20,1",240,"2,0","1,7",12,14,Figura,"1,814","0,44",AF1072 Arclad PELB38–BH –G90S),EEO,Rotometrics,13/7/2020
,,98,M-910-400,,"17,0",*,"20,1",240,"2,0","2,1",12,14,Figura (Hadran),"1,852","0,44",PF02,Viñedos Alta (Se usa con M-910-401),Rotometrics,3/10/2022
,,98,M-910-401,,"17,0",*,"20,1",240,"2,0","2,1",12,14,Ponchado (Hadran),"1,852","0,44",PF02,Viñedos Alta (Se usa con M-910-400),Rotometrics,3/10/2022
,,53,830-804,,"17,0",*,"21,0",171,3,"3,0",8,7,Ovalo,"3,005","0,51",,Prime Harvest,AW,7/11/2011
,,90,M-910-441,,"17,0",*,"22,0",231,"5,7","4,4",10,11,Ovalo,"2,639","0,61",PF02,Industrias Rochin,Rotometrics,26/1/2024
,,51,830-806,,"17,0",*,"24,0",171,3,"3,0",8,6,Ovalo,"3,375","0,58",,Del Monte Grupo Comercial,AW,2/12/2011
,,76,M-910-135,,"17,0",*,"31,0",240,"2,0","3,5",12,7,Figura,"2,875","0,69",PF01,Mastronardi Produce,Rotometrics,19/9/2014
,,76,M-910-136,,"17,0",*,"31,0",240,"2,0","3,5",12,7,Muesca (corte por debajo),"2,875","0,69",PF01,Mastronardi Produce (se usa con M-910-135),Rotometrics,19/9/2014
,83,44,830-071,A-107,"17,0",*,"66,0",111,3,"4,0",5,2,Rectángulo,"14,000","1,55",,,,
,,65,M-830-148,,"17,0",*,"66,0",111,3,"2,8",5,3,Rectángulo,"13,758","1,53",PL06,Emerson,Rotometrics,3/10/2022
,,74,M-910-068,,"18,0",*,"10,0",242,3,"3,1",11,18,Rectángulo,"1,187","0,29",PH07,Laboratorios Pisa,Rotometrics,5/3/2013
,,96,M-910-027,,"18,0",*,"18,0",250,"2,3","4,1",12,14,Círculo (Hardran),"1,839","0,46",PF01,Mega Frescos (se usa con M-910-017),Rotometrics,21/2/2010
,,96,M-910-016,,"18,0",*,"20,0",256,"2,3","1,7",12,14,Figura (Hardran),"1,808","0,46",PF01,Se usa con M-910-017,Rotometrics,17/4/2008
,,96,M-910-017,,"18,0",*,"20,0",256,"2,3","1,7",12,14,Ponchado (Hardran),"1,808","0,46",PF01,(Cortea por debajo) Se usa con M-910-016,Rotometrics,17/4/2008
,,96,M-910-021,,"18,0",*,"20,0",255,"2,3","1,7",12,14,Ovalo especial (inclinado),"1,808","0,46",CS22,Orofrut,Rotometrics,2/11/2009
,671,48,830-695,F-234,"18,0",*,"22,0",137,3,"3,2",6,6,Figura especial,"4,196","0,57",,Dole,AW,2/5/2006
,3,48,830-003,A-3,"18,0",*,"23,0",72,2,"2,0",3,6,Ovalo,"8,333","0,60",,,,
,4,56,830-003A,A-4,"18,0",*,"23,0",172,2,"2,0",8,7,Ovalo,"3,125","0,54",,,,
,749,69,910-014,G-4,"18,0",*,"29,0",252,2,"3,0",12,7,Ovalo,"2,667","0,67",,,,
,,74,M-910-343,,"18,0",*,"30,0",242,"3,0","3,6",11,7,Figura,"3,051","0,74",BB15,Mastronardi Produce,Rotometrics,5/4/2021
,,76,M-910-090,,"18,0",*,"31,0",242,"3,0","3,5",11,7,Figura,"3,134","0,76",BB01,Comercializadora Gab,Rotometrics,8/11/2013
,,76,M-910-218,,"18,0",*,"31,0",242,"3,0","3,5",11,7,Figura,"3,134","0,76",BB07,Mastronardi Produce,Rotometrics,5/6/2017
,,76,M-910-436,,"18,0",*,"31,0",242,"3,0","3,5",11,7,Figura,"3,134","0,76",CS28,Mastronardi Produce,Rotometrics,26/1/2024
,,66,M-910-224,,"18,0",*,"32,0",242,"3,0","2,9",11,6,Rectángulo,"3,175","0,77",PH04,Importadora y Manufacturera Bruluart,Rotometrics,5/6/2017
,336,48,830-342,E-30,"18,0",*,"35,0",116,3,"3,0",5,4,Rectángulo,"7,600","0,88",,,,17/7/2000
,,96,M-910-089,,"18,0",*,"35,0",242,"3,0","3,1",11,8,Rectángulo,"3,464","0,84",CS01,Mainland Farms,Rotometrics,8/11/2013
,,72,M-910-158,,"18,0",*,"42,2",242,"3,0","3,5",11,5,Rectángulo,"4,156","1,01",PH01,Laboratorios Pisa,Rotometrics,10/2/2015
,,75,M-910-216,,"18,0",*,"77,0",242,"3,0","2,8",11,3,Rectángulo,"7,252","1,76",CS01,Productos Farmaceuticos Collins,Rotometrics,5/6/2017
,,54,910-455,,"18,0",*,"83,0",242,3,"3,2",11,2,Rectángulo,"7,834","1,90",,"Bruluagsa, S.A. de C.V.",AW,9/4/2009
,,60,830-857,,"19,0",*,"6,4",83,5,"3,2",3,20,Rectángulo,"3,175","0,26",KP05,Orora Busines Service Center,AW,11/7/2023
,592,47,830-612,F-159,"19,0",*,"12,0",143,3,"3,0",6,10,Figura,"2,500","0,36",,,,29/6/2004
,,50,830-800,,"19,0",*,"13,0",143,3,"3,2",6,10,Rectángulo,"2,696","0,39",,Naturesweet Invernaderos,AW,7/10/2011
,,65,M-830-050,,"19,0",*,"13,0",99,3,"3,2",4,13,Rectángulo,"4,044","0,40",DF690 (Avery 13014),Altatec de Occidente,Rotometrics,19/7/2016
,,54,910-442,,"19,0",*,"17,0",240,4,"2,0",10,9,Ovalo especial (Sinclare) Usar con 910-443,"1,900","0,46",,Distribuidora de Vegetales de Mexico,AW,24/11/2008
,,54,910-443,,"19,0",*,"17,0",240,4,"2,0",10,9,Corte por debajo especial (Sinclare) Usar con 910-442,"1,900","0,46",,Distribuidora de Vegetales de Mexico,AW,24/11/2008
,2,48,830-002,A-2,"19,0",*,"19,0",119,"2,5","3,0",5,7,Circunferencia,"4,400","0,52",,,,
,,68,M-910-080,,"19,0",*,"24,0",253,3,"3,2",11,8,Figura mango,"2,470","0,63",CS01,Alejandro Araujo,Rotometrics,16/8/2013
,375,52,830-384,E-73,"19,0",*,"25,0",143,3,"2,5",6,6,Figura,"4,583","0,66",,Vasti (P/CS),,7/3/2003
,498,45,830-509,F-66,"19,0",*,"25,0",121,3,"3,0",5,5,Ovalo,"5,600","0,68",,Usar con 830-510,,27/5/2002
,670,54,830-694,F-233,"19,0",*,"25,0",166,"3,175","3,2",7,6,Ovalo,"4,025","0,67",,Ovalo para Fruta,AW,2/5/2006
,,80,M-910-141,,"19,0",*,"25,0",253,"3,0","3,2",11,9,Ovalo,"2,566","0,65",CS17,Agrícola el Rosal,Rotometrics,10/2/2015
,1156,90,M-910-013,,"19,0",*,"25,4",253,3,"3,2",11,10,Figura,"2,598","0,66",BB07,Comercializadora Zarattini,Rotometrics,2/1/2008
,,80,M-910-427,,"19,0",*,"29,0",256,"3,2","3,2",11,8,Ovalo,"2,925","0,75",PF02,Industrias Rochin,Rotometrics,11/7/2023
,,74,M-910-104,,"19,0",*,"44,0",187,"3,0","3,2",8,5,Rectángulo,"5,897","1,10",CS01,Embalajes Agricolas Sambramex,Rotometrics,13/3/2014
,82,42,830-070,A-106,"19,0",*,"64,0",119,"2,5","2,6",5,2,Rectángulo,"13,320","1,59",,,,
,,63,M-830-079,,"20,0",*,"12,4",172,3,"3,0",7,13,Rectángulo,"2,198","0,38",BB15,Altatec de Occidente,Rotometrics,14/12/2017
,526,45,830-540,F-94,"20,0",*,"13,0",126,3,"3,0",5,9,Figura,"3,200","0,40",,,,
,535,45,830-549,F-103,"20,0",*,"13,0",149,3,"3,0",6,9,Ovalo,"2,667","0,40",,,,15/1/2003
,496,81,830-506,F-64,"20,0",*,"20,0",0,0,"0,0",3,1,Rectángulo,"6,667","0,00",,Especial Usar con 830-440,,24/5/2002
,713,51,830-737,,"20,0",*,"20,0",103,3,"3,1",4,7,Cuadrado,"5,783","0,60",,Ma. Del Socorro Rosales Hernandez,AW,4/7/2007
,,72,M-3300-281,,"20,0",*,"20,0",333,3,"2,9",14,10,Cuadrado,"1,633","0,54",BT25,Barcel,Rotometrics,5/4/2021
,,72,M-910-334,,"20,0",*,"20,0",103,"3,0","2,9",4,10,Cuadrado,"5,715","0,59",BT25,Barcel,Rotometrics,5/4/2021
,,80,M-910-182,,"20,0",*,"25,0",241,"3,0","3,2",10,9,Rectángulo,"2,822","0,68",PH07,Laboratorios Pisa,Rotometrics,2/2/2016
,,55,910-478,,"20,0",*,"26,0",241,3,"3,2",10,6,Rectángulo,"2,918","0,70",,Laboratorios Pisa,AW,5/1/2010
,,72,M-910-298,,"20,0",*,"29,0",218,"3,0","3,7",9,7,Figura,"3,629","0,79",CS27,Crisp Greenhouses,Rotometrics,7/10/2019
,,68,M-910-100,,"20,0",*,"33,0",241,"3,0","3,0",10,6,Figura,"3,600","0,87",BB01,Comercializadora Gab,Rotometrics,13/3/2014
,,68,M-830-124,,"20,0",*,"40,0",172,3,"3,2",7,5,Figura,"6,169","1,06",BT07,Farmiral,Rotometrics,5/4/2021
,,72,M-910-152,,"20,0",*,"42,5",241,"3,0","3,2",10,5,Rectángulo,"4,572","1,10",PH01,Laboratorios Pisa,Rotometrics,10/2/2015
,,76,M-910-237,,"20,0",*,"45,0",241,"3,0","3,3",10,5,Rectángulo,"4,826","1,16",PH04,Laboratorios Pisa,Rotometrics,4/9/2017
,,66,M-910-149,,"20,0",*,"49,2",241,"3,0","3,2",10,4,Rectángulo,"5,239","1,26",PH01,Laboratorios Pisa,Rotometrics,10/2/2015
,,64,M-910-222,,"20,0",*,"65,0",241,"3,0","3,2",10,3,Rectángulo,"6,818","1,64",BT09,Laboratorios Pisa,Rotometrics,5/6/2017
,421,45,830-431,E-126,"20,0",*,"68,0",126,3,"3,4",5,2,Rectángulo,"14,280","1,80",,,,15/2/2001
,,68,M-910-167,,"20,0",*,"70,0",241,"3,0","2,5",10,3,Rectángulo,"7,250","1,75",PH04,Laboratorios Pisa,Rotometrics,15/7/2015
,546,47,830-561,F-115,"20,0",*,"71,0",149,3,"3,0",6,2,Rectángulo,"12,333","1,84",,C.S.,AW,13/6/2003
,,72,M-830-123,,"20,0",*,"72,0",126,3,"4,7",5,3,Rectángulo,"15,340","1,93",PL06,Emerson,Rotometrics,5/4/2021
,,83,M-910-292,,"20,0",*,"85,0",103,"3,0","3,2",4,3,Rectángulo,"22,044","2,27",WI04,Sergio Manuel Moreno Sánchez,Rotometrics,7/10/2019
,,104,M-910-084,,"20,0",*,"107,0",241,3,"3,2",10,3,Rectángulo,"11,018","2,66",CS01,SLB Pharmaceuticals,Rotometrics,16/8/2013
,,90,M-910-023,,"20,0",*,"140,0",241,3,"3,2",10,2,Rectángulo,"14,318","3,45",BT04,Industrias Wetline,Rotometrics,28/9/2010
,,76,M-3300-459,,"21,0",*,"21,0",347,3,"3,1",14,10,Figura,"1,724","0,60",PF02,La Pradera Mixteca,Rotometrics,11/7/2023
,,90,M-910-087,,"21,0",*,"21,3",250,"2,8","2,5",10,12,Figura,"2,381","0,60",PF01,Prime Harvest,Rotometrics,8/11/2013
,,90,M-910-286,,"21,0",*,"21,3",250,"2,8","2,5",10,12,Figura,"2,381","0,60",PF07,EEO,Rotometrics,21/2/2019
,250,51,830-255,D-52,"21,0",*,"25,0",127,2,"2,0",5,6,Fígura,"5,400","0,69",,Fígura Pan,,
,283,46,830-289,D-85,"21,0",*,"27,0",155,3,"2,2",6,5,Ovalo,"4,867","0,75",,Vasti (P/CS),,7/3/2003
,,66,M-910-325,,"21,0",*,"27,0",236,"3,0","2,9",9,7,Ovalo,"3,326","0,78",CS28,GM Produce Sales,Rotometrics,13/7/2020
,,72,M-910-156,,"21,0",*,"53,0",235,"4,0","4,2",9,4,Rectángulo,"6,350","1,49",PH01,Laboratorios Pisa,Rotometrics,10/2/2015
,515,59,830-527,F-83,"21,5",*,"90,0",134,3,"3,6",5,2,Figura,"18,720","2,51",,,,28/7/2002
,,90,M-910-025,,"21,6",*,"21,3",250,"2,24","2,5",10,12,Hongo (inclinado)(Hardran),"2,381","0,60",PF01,Mega Frescos,Rotometrics,21/2/2010
,,90,M-910-026,,"21,6",*,"21,3",250,"2,24","2,5",10,12,Hongo (inclinado)(Hardran),"2,381","0,60",PF01,"Muesca por debajo, se usa con M-910-025",Rotometrics,21/2/2010
,601,45,830-621,F-168,"21,6",*,"21,8",177,2,"2,0",7,6,Ovalo,"3,401","0,60",,Cortes de seguridad (Medida real 21.6x21.8),AW,2/8/2004
,212,53,830-215,D-12,"22,0",*,"12,0",165,0,"0,0",8,14,Fígura,"1,500","0,25",,Fígura Meto Usar con Navaja (830-214),,
,622,44,830-643,F-186,"22,0",*,"13,0",161,3,"2,5",6,9,Ovalo,"2,587","0,42",,Ovalo (Del Monte),,
,591,46,830-611,F-158,"22,0",*,"22,0",186,3,"2,5",7,6,Ovalo,"3,500","0,65",,Especial con corte de seguridad,,29/6/2004
,763,66,910-028,G-19,"22,0",*,"24,5",252,2,"2,0",10,8,Ovalo,"2,650","0,67",,,,
,5,52,830-004,A-5,"22,0",*,"25,0",156,2,"2,5",6,6,Ovalo,"4,583","0,72",,,,
,,55,910-463,,"22,0",*,"26,0",236,3,"3,2",9,6,Rectángulo,"3,242","0,77",,Laboratorios Pisa,AW,1/7/2009
,102,55,830-091,A-129,"22,0",*,"27,0",156,2,"2,1",6,6,Ovalo,"4,850","0,76",,,,
,,74,M-910-020,,"22,0",*,"30,0",236,3,"3,6",9,7,Rectángulo,"3,729","0,88",PH08,Laboratorios Pisa,Rotometrics,2/11/2009
,,74,M-910-273,,"22,0",*,"30,0",236,"3,0","3,6",9,7,Rectángulo,"3,729","0,88",PH09,Laboratorios Pisa,Rotometrics,21/2/2019
,,74,M-910-307,,"22,0",*,"30,0",236,"3,0","3,6",9,7,Rectángulo,"3,729","0,88",BT09,Laboratorios Pisa,Rotometrics,7/10/2019
,,63,M-910-408,,"22,0",*,"30,2",236,"3,0","3,2",9,6,Rectángulo,"3,704","0,87",PH11,Importadora y Manufacturera Bruluart,Rotometrics,3/10/2022
,298,55,830-304,D-100,"22,0",*,"32,0",110,"2,5","3,0",4,5,Figura,"8,750","0,96",,,,15/2/2001
,,66,M-910-356,,"22,0",*,"32,0",236,"3,0","3,0",9,6,Figura,"3,889","0,92",CS28,Crisp Greenhouses,Rotometrics,5/4/2021
,,80,M-910-242,,"22,0",*,"33,1",236,"3,0","3,2",9,7,Figura,"4,032","0,95",BB15,Sociedad Hidroponica de Tlapanala,Rotometrics,14/12/2017
,,83,M-910-178,,"22,0",*,"34,1",236,"3,0","3,5",9,7,Rectángulo,"4,183","0,99",PH04,Laboratorios Pisa,Rotometrics,27/10/2015
,,74,M-910-022,,"22,0",*,"36,0",236,3,"3,2",9,6,Rectángulo,"4,351","1,03",PH08,Productos Farmaceuticos Collins,Rotometrics,2/11/2009
,427,54,830-437,E-132,"22,0",*,"40,0",161,3,"3,0",6,4,Rectángulo,"7,167","1,15",,,,15/2/2001
,,68,M-910-221,,"22,0",*,"40,0",236,"3,0","3,2",9,5,Figura,"4,798","1,13",CS01,USA Bananas,Rotometrics,5/6/2017
,347,48,830-355,E-42,"22,0",*,"48,0",111,3,"3,1",4,3,Rectángulo,"12,775","1,42",,,,20/7/2000
,,63,M-830-159,,"22,0",*,"63,0",111,3,"3,7",4,3,Figura,"16,669","1,85",CS40,Fruits Giddings,Rotometrics,26/1/2024
,,69,910-457,,"22,0",*,"70,0",236,3,"3,2",9,3,Rectángulo,"8,131","1,92",,Laboratorios Pisa,AW,5/5/2009
,556,50,830-572,F-123,"22,0",*,"76,0",161,3,"3,0",6,2,Rectángulo,"13,167","2,12",,,C.S.,
,692,57,830-716,F-255,"22,3",*,"27,0","162,8",3,"3,2",6,6,Figura,"5,029","0,82",,Propiedad de EEO (Filo especial para polietileno),AW,28/11/2006
,247,48,830-252,D-49,"22,5",*,"22,5","138,5",3,"3,0",5,6,Circulo,"5,100","0,71",,,,15/1/2003
,392,66,830-402,E-94,"22,5",*,"101,7",164,3,"3,0",6,2,Rectángulo,"17,450","2,86",,Prestado Amenidades,,7/3/2003
,,72,M-910-419,,"23,0",*,"16,0",245,"3,0","3,1",9,12,Figura,"2,117","0,52",CS40,High Tech Farms,Rotometrics,11/7/2023
,275,47,830-281,D-77,"23,0",*,"28,0",141,3,"3,0",5,5,Figura,"6,200","0,87",,,,
,,52,910-501,,"23,0",*,"30,0",245,3,"3,2",9,5,Figura,"3,686","0,90",,Comercializadora Gab,AW,28/9/2010
,356,51,830-364,E-52,"23,0",*,"38,0",115,3,"2,5",4,4,Figura,"10,125","1,16",,,,20/7/2000
,,83,M-3300-358,,"23,0",*,"49,0",243,3,"3,7",13,5,Figura,"4,054","0,99",CS28,Mainland Farms,Rotometrics,21/4/2022
,,80,M-830-034,,"23,0",*,"61,0",141,3,"3,0",5,4,Rectángulo,"12,800","1,80",PH04,Laboratorios Pisa,Rotometrics,27/10/2015
,,61,910-493,,"23,0",*,"61,4",245,3,"3,2",9,3,Rectángulo,"7,173","1,76",,Laboratrios Pisa,AW,30/6/2010
,,61,M-910-259,,"23,0",*,"61,4",245,"3,0","3,2",9,3,Rectángulo,"7,173","1,76",PH08,Laboratorios Pisa,Rotometrics,5/7/2018
,63,86,830-051,A-87,"23,0",*,"65,0",162,2,"3,0",6,4,Rectángulo,"11,333","1,84",,,,
,,72,M-3300-108,,"23,0",*,"73,0",323,3,"3,2",12,3,Figura,"6,350","2,05",BB16,Mission Hills,Rotometrics,5/6/2017
,1153,96,M-910-010,,"23,0",*,"97,0",245,3,"4,6",9,3,Rectángulo,"11,289","2,77",CS22,Productos Infovisión,Rotometrics,25/10/2007
,,65,910-467,,"23,0",*,"100,0",253,4,"3,2",9,2,Rectángulo,"11,464","2,90",,Apopharma,AW,28/7/2009
,,90,M-3300-514,,"23,0",*,"140,0",349,3,"2,9",13,2,Figura,"10,990","3,84",WI11,Tequilera BSC,Rotometrics,26/1/2024
,,72,M-830-006,,"23,5",*,"29,5",170,3,"3,2",6,7,Ovalo,"5,446","0,93",PF01,Agroindustrias de Michoacan,Rotometrics,13/3/2014
,,66,M-910-358,,"24,0",*,"32,0",254,"3,0","2,9",9,6,Rectángulo,"3,881","0,99",BT13,Naturesweet Invernaderos,Rotometrics,5/4/2021
,,60,910-458,,"24,0",*,"35,0",254,3,"3,2",9,5,Rectángulo,"4,242","1,08",,Laboratorios Pisa,AW,5/5/2009
,344,49,830-351,E-39,"24,0",*,"36,0",146,3,"3,0",5,4,Rectángulo,"7,800","1,14",,Térmico,,7/3/2003
,620,63,830-641,F-184,"24,0",*,"47,0",119,3,"3,2",4,4,Figura,"12,544","1,49",,,,17/12/2004
,709,74,830-733,,"24,0",*,"56,0",173,3,"3,2",6,4,Ovalo,"9,863","1,71",,Cia. Tequilera de Jalisco,AW,4/7/2007
,,76,M-3300-153,,"24,0",*,"56,0",335,3,"4,3",12,4,Figura,"5,027","1,68",BB16,Mission Hills,Rotometrics,5/7/2018
,357,63,830-365,E-53,"24,0",*,"65,0",116,2,"2,0",4,3,Figura,"16,750","1,94",,,,20/7/2000
,52,59,830-044,A-76,"24,0",*,"90,0",168,2,"3,0",6,2,Rectángulo,"15,500","2,60",,,,
,53,59,830-044A,A-77,"24,0",*,"90,0",168,2,"3,0",6,2,Rectángulo,"15,500","2,60",,,,
,,94,M-3300-511,,"24,0",*,"96,0",335,3,"3,5",12,3,Rectángulo,"8,290","2,78",CS28,Productos Tajín,Rotometrics,26/1/2024
,75,66,830-063,A-99,"24,0",*,"102,0",168,2,"3,0",6,2,Rectángulo,"17,500","2,94",,,,
,,68,M-910-264,,"24,0",*,"105,0",227,"3,0","3,0",8,2,Rectángulo,"13,500","3,06",CS30,Grimman,Rotometrics,5/7/2018
,44,69,830-036,A-68,"24,0",*,"106,0",168,2,"3,0",6,2,Rectángulo cs,"18,167","3,05",,Corte de seguridad,,
,851,54,910-117,I-56,"24,0",*,"168,0",227,3,"3,1",8,1,Rectángulo,"21,388","4,85",,,,28/5/2002
,355,45,830-363,E-51,"25,0",*,"6,0",93,"1,9","3,2",3,15,Rectángulo,"3,067","0,29",,,,20/7/2000
,,74,M-910-030,,"25,0",*,"10,0",207,3,"3,2",7,18,Rectángulo,"1,882","0,39",SP154P,Laboratorios Pisa,Rotometrics,17/1/2012
,,74,M-910-044,,"25,0",*,"10,0",207,3,"3,1",7,18,Rectángulo,"1,865","0,39",Avery 77382,Laboratorios Pisa,Rotometrics,16/8/2012
,,74,M-910-049,,"25,0",*,"10,0",235,3,"3,1",8,18,Figura,"1,632","0,38",CS01,Laboratorios Pisa,Rotometrics,16/8/2012
,400,45,830-410,E-102,"25,0",*,"13,0",67,3,"3,0",2,9,Rectángulo,"8,000","0,54",,,,
,144,53,830-135,A-172,"25,0",*,"19,0",174,2,"2,0",6,8,Ovalo,"3,500","0,61",,Reposición 07-07-08,,
,587,48,830-607,F-154,"25,0",*,"19,0",174,2,"2,0",6,8,Ovalo,"3,500","0,61",,Ponchado para el suaje 830-608,,28/4/2004
,588,48,830-608,F-155,"25,0",*,"19,0",179,3,"3,0",6,7,Ponchado,"3,667","0,66",,Ponchado para el suaje 830-607,,28/4/2004
,1028,56,910-296,I-216,"25,0",*,"19,0",235,3,"3,2",8,8,Ovalo,"2,772","0,65",,EEO,AW,2/5/2006
,,76,M-910-146,,"25,0",*,"21,0",235,"3,0","3,2",8,10,Rectángulo,"3,022","0,71",BT09,Laboratorios Pisa,Rotometrics,10/2/2015
,,76,M-910-336,,"25,0",*,"21,0",235,"3,0","3,2",8,10,Rectángulo,"3,022","0,71",GC02,Laboratorios Pisa,Rotometrics,5/4/2021
,113,52,830-103,A-140,"25,0",*,"25,0",123,3,"3,0",4,6,Casita,"7,000","0,86",,,,
,244,45,830-249,D-46,"25,0",*,"25,0",123,3,"3,0",4,5,Circunferencia,"7,000","0,86",,,,
,334,53,830-340,E-28,"25,0",*,"25,0",122,"2,5","3,0",4,6,Figura,"7,000","0,85",,Carabeo,,17/7/2000
,,53,830-782,,"25,0",*,"25,0",179,3,"3,2",6,6,Circulo especial (corte punteado en medio al desarrollo),"4,696","0,84",,Gemalto México,AW,2/11/2009
,,74,M-910-069,,"25,0",*,"25,0",207,3,"4,4",7,8,Cuadrado,"4,195","0,87",BT09,3M de México,Rotometrics,5/3/2013
,,80,M-910-396,,"25,0",*,"25,0",235,"3,0","3,2",8,9,Cuadrado,"3,528","0,83",PH10,Laboratorios Pisa,Rotometrics,3/10/2022
,,72,M-910-313,,"25,0",*,"25,4",235,"3,0","3,2",8,8,Figura,"3,572","0,84",CS27,Mastronardi Produce,Rotometrics,7/10/2019
,888,88,910-154,I-88,"25,0",*,"26,0",217,0,"0,0",8,10,Rectángulo,"3,250","0,71",,Especial Hojeado Transtherm,AW,11/8/2003
,446,50,830-456,F-15,"25,0",*,"30,0",151,3,"2,0",5,5,Ovalo,"6,400","0,97",,Corte de seguridad,,22/6/2001
,,52,830-789,,"25,0",*,"30,0",179,3,"3,2",6,5,Figura,"5,529","0,99",,Sociedad de Producción Rural,AW,29/7/2010
,737,60,910-001,A-28,"25,0",*,"30,0",174,2,"2,0",6,6,Ovalo,"5,333","0,93",,,,
,,74,M-910-412,,"25,0",*,"30,0",235,"3,0","3,6",8,7,Figura,"4,196","0,99",BB15,Mastronardi Produce,Rotometrics,3/10/2022
,,64,M-910-247,,"25,0",*,"31,0",235,"3,0","3,2",8,6,Figura,"4,272","1,00",BB15,Mastronardi Produce,Rotometrics,14/12/2017
,,65,M-910-406,,"25,0",*,"31,0",235,"3,0","3,4",8,6,Figura,"4,299","1,01",CS27,Grupo Descomex,Rotometrics,3/10/2022
,,65,M-910-432,,"25,0",*,"31,0",235,"3,0","3,4",8,6,Figura,"4,299","1,01",BB15,Grupo Descomex,Rotometrics,26/1/2024
,520,55,830-533,F-88,"25,0",*,"32,0",151,3,"3,0",5,5,Ovalo,"7,000","1,06",,,,15/1/2003
,,68,M-910-121,,"25,0",*,"33,0",235,"3,0","3,2",8,6,Rectángulo,"4,522","1,06",GC02,Laboratorios Solfran,Rotometrics,23/5/2014
,,80,M-910-280,,"25,0",*,"33,3",231,"3,0","3,0",8,7,Figura,"4,536","1,05",BB15,Comercializadora Zaratini,Rotometrics,21/2/2019
,,76,M-910-258,,"25,0",*,"45,0",151,"3,0","3,3",5,5,Rectángulo,"9,652","1,46",SG9,Omnilife Manufactura,Rotometrics,5/7/2018
,,68,M-910-148,,"25,0",*,"50,5",235,"3,0","3,5",8,4,Rectángulo,"6,747","1,59",BT01,Laboratorios Pisa,Rotometrics,10/2/2015
,1147,76,M-910-004,,"25,0",*,"57,2",235,3,"3,2",8,4,Rectángulo,"7,547","1,77",CS22,Kodak de Mexico (Suaje magnetico),Rotometrics,4/7/2007
,399,63,830-409,E-101,"25,0",*,"63,0",123,3,"3,0",4,3,Rectángulo,"16,500","2,03",,FORD Usar con 830-412,,
,,64,M-910-125,,"25,0",*,"65,0",235,"3,0","3,0",8,3,Rectángulo,"8,500","2,00",GC01,Unipharm de México,Rotometrics,19/9/2014
,,71,910-447,,"25,0",*,"72,0",235,3,"3,2",8,3,Rectángulo,"9,397","2,21",,"Bruluagsa, S.A. de C.V.",AW,6/1/2009
,,72,M-910-189,,"25,0",*,"73,0",235,"3,0","3,2",8,3,Rectángulo,"9,525","2,24",BT09,Laboratorios Pïsa,Rotometrics,19/7/2016
,,72,M-910-308,,"25,0",*,"73,0",235,"3,0","3,2",8,3,Rectángulo,"9,525","2,24",PH10,Laboratorios Pisa,Rotometrics,7/10/2019
,,72,M-910-363,,"25,0",*,"73,0",235,"3,0","3,2",8,3,Rectángulo,"9,525","2,24",CS10,Laboratorios Pisa,Rotometrics,5/4/2021
,,74,M-3300-094,,"25,0",*,"75,5",319,3,"2,8",11,3,Figura,"7,120","2,27",BB16,Mission Hills,Rotometrics,12/1/2017
,,75,910-488,,"25,0",*,"76,2",235,3,"3,2",8,3,Rectángulo,"9,922","2,33",,Laboratorios Pisa,AW,3/5/2010
,,80,M-910-147,,"25,0",*,"82,0",235,"3,0","2,7",8,3,Rectángulo,"10,583","2,49",CS01,Laboratorios Solfran,Rotometrics,10/2/2015
,,94,M-3300-268,,"25,0",*,"96,0",347,3,"3,5",12,3,Rectángulo,"8,290","2,88",CS28,Productos Tajin,Rotometrics,13/7/2020
,1084,74,910-352,I-261,"25,0",*,"114,0",207,3,"3,2",7,2,Rectángulo,"16,739","3,47",,Industrias Wet Line (Propiedad de EEO),AW,26/3/2007
,36,75,830-029,A-60,"25,0",*,"116,0",98,3,"3,0",4,2,Faj. de Botella,"29,750","2,92",,,,
,,126,MD-3030-092,,"25,0",*,"130,0",330,"3,0","3,4",10,3,Rectángulo,"13,335","4,40",BM06,Comercializadora Transfer Naga,Rotometrics,26/1/2024
,1091,85,910-359,I-375,"25,0",*,"132,0",235,3,"3,2",8,2,Rectángulo,"16,897","3,97",,Confivero,AW,26/3/2007
,,99,M-3300-232,,"25,0",*,"154,0",347,3,"3,2",12,2,Rectángulo,"13,097","4,54",BT07,Tecnoglobal,Rotometrics,13/7/2020
,565,51,830-581,F-132,"25,0",*,"159,0",123,3,"3,0",4,1,Rectángulo,"40,500","4,98",,,,10/8/2003
,,72,M-910-275,,"25,0",*,"225,0",235,"3,0","3,6",8,1,Rectángulo,"28,575","6,72",CS32,Laboratorios Pisa,Rotometrics,21/2/2019
,385,49,830-394,E-85,"25,4",*,"19,0",182,3,"3,0",6,8,Figura,"3,667","0,67",,C.S.,,7/3/2003
,,45,830-793,,"25,4",*,"25,4",182,3,"3,2",6,5,Circulo,"4,763","0,87",,EEO  ,AW,2/4/2011
,,72,M-910-349,,"25,4",*,"25,4",339,"3,0","3,2",8,8,Cuadrado,"3,572","1,21",CS28,Andrew and Wiliamson Sales Company,Rotometrics,5/4/2021
,,74,M-910-053,,"25,5",*,"30,4",239,3,"3,2",8,7,Rectángulo,"4,196","1,00",PH07,Laboratorios Pisa,Rotometrics,3/9/2012
,,64,M-3300-468,,"26,0",*,"15,0",330,3,"3,5",11,11,Rectángulo,"1,679","0,55",SG12,Laboratorios Best,Rotometrics,11/7/2023
,133,51,830-124,A-161,"26,0",*,"21,0",96,2,"2,0",3,7,Arco,"7,667","0,74",,,,
,149,60,830-140,B-5,"26,0",*,"47,0",162,2,"2,0",4,4,Robot,"12,250","1,98",,,,
,581,46,830-601,F-148,"26,0",*,"49,0",156,3,"0,0",5,3,Marbete,"9,800","1,53",,Marbete Especial,,28/4/2004
,,54,830-769,,"26,0",*,"54,0",118,0,"3,2",4,3,Rectángulo sin gap al eje,"14,294","1,69",,C&A de México,AW,22/9/2008
,,104,M-3300-163,,"26,0",*,"79,0",243,3,"3,6",8,4,Rectángulo,"10,325","2,51",BB27,Oculus Technologies,Rotometrics,21/2/2019
,,68,M-3300-421,,"26,0",*,"105,0",330,3,"3,0",11,2,Figura,"9,818","3,24",WI05,Cavas de Don Max,Rotometrics,3/10/2022
,,96,M-910-032,,"26,0",*,"150,0",243,3,"3,0",8,2,Figura,"19,125","4,65",BT04,Industrias Wet Line,Rotometrics,14/5/2012
,353,50,830-361,E-48,"27,0",*,"13,0",101,3,"2,9",3,10,Rectángulo,"5,300","0,54",,,,20/7/2000
,,83,M-910-195,,"27,0",*,"85,0",221,"3,0","3,0",7,3,Rectángulo,"12,571","2,78",PH04,Importadora y Manufacturera Bruluart,Rotometrics,19/7/2016
,964,62,910-231,I-159,"27,0",*,"95,0",191,3,"3,4",6,2,Rectángulo,"16,404","3,13",,,C&C,27/1/2005
,454,66,830-464,F-23,"27,0",*,"102,0",131,3,"2,3",4,2,Figura,"26,075","3,42",,,,25/9/2001
,,66,830-856,,"27,0",*,"102,0",161,3,"2,8",5,2,Rectángulo,"20,955","3,37",TT30,ICU Medical,AW,5/4/2021
,,70,M-3300-526,,"27,0",*,"107,0",341,3,"4,1",11,2,Rectángulo,"10,102","3,44",CS28,Productos Tajín,Rotometrics,26/1/2024
,,71,M-3300-516,,"27,0",*,"110,0",341,3,"3,0",11,2,Rectángulo,"10,273","3,50",BT07,Tecnoglobal PH7,Rotometrics,26/1/2024
,,100,910-538,,"27,0",*,"155,0",251,3,"3,8",8,2,Figura,"19,844","4,98",BM02,Industrias Wet Line,AW,16/8/2012
,,89,MD-3030-050,,"27,0",*,"280,0",330,"3,0","3,0",10,1,Rectángulo,"28,300","9,34",BM06,Laboratorios Anteii,Rotometrics,11/7/2023
,686,50,830-710,F-249,"28,0",*,"10,0",166,3,"3,2",5,12,Rectángulo,"2,646","0,44",,Jabil Circuit,AW,28/11/2006
,,62,910-462,,"28,0",*,"36,2",259,3,"3,2",8,5,Rectángulo,"4,922","1,27",,Laboratorios Pisa,AW,1/7/2009
,,90,M-910-186,,"28,0",*,"38,0",228,"3,0","3,2",7,7,Rectángulo,"5,882","1,34",PH11,Importadora y Manufacturera Bruluart,Rotometrics,2/2/2016
,216,51,830-219,D-16,"28,0",*,"51,0",132,2,"2,0",4,3,Rectángulo,"13,250","1,75",,,,
,1082,51,910-350,I-259,"28,0",*,"51,0",259,3,"3,2",8,3,Rectángulo,"6,772","1,75",,Laboratorios Jaloma (Crema para labios),AW,26/3/2007
,,70,910-589,,"28,0",*,"71,1",228,3,"3,0",7,3,Rectángulo,"10,583","2,41",PH04,Importadora y Manufacturera Bruluart,AW,4/9/2017
,,74,M-910-057,,"28,0",*,"75,1",166,3,"3,2",5,3,Rectángulo,"15,663","2,60",BB01,Cape May Global Partners,Rotometrics,23/10/2012
,,67,910-539,,"28,0",*,"103,2",228,3,"3,2",7,2,Figura,"15,194","3,46",BB01,Tequila Supremo,AW,3/9/2012
,1102,68,910-370,,"28,0",*,"105,0",197,3,"3,2",6,2,Rectángulo,"18,029","3,55",,Cia. Tequilera de Jalisco,AW,4/7/2007
,345,74,830-352,E-40,"28,0",*,"114,3",136,"3,1","3,1",4,2,Rectángulo,"29,350","3,99",,,,20/7/2000
,1149,76,M-910-006,,"28,0",*,"115,0",228,3,"5,7",7,2,Rectángulo,"17,243","3,93",CS22,Kodak de Mexico (Suaje magnetico),Rotometrics,4/7/2007
,,83,M-3300-092,,"28,0",*,"127,0",321,3,"4,8",10,2,Rectángulo,"13,176","4,23",BT01,Industrias Wetline,Rotometrics,12/1/2017
,997,89,910-265,I-356,"28,0",*,"138,1",259,3,"3,2",8,2,Rectángulo,"17,661","4,57",,Grupo Dussel,AW,23/9/2005
,,68,M-3300-270,,"28,0",*,"210,0",321,3,"5,9",10,1,Rectángulo,"21,590","6,93",BM07,Tecnoglobal PH7,Rotometrics,13/7/2020
,653,68,830-676,F-216,"28,0",*,"213,0",166,3,"2,9",5,1,Rectángulo,"43,180","7,17",,Bitar Lofte Nidia,AW,16/6/2005
,1133,68,910-401,,"28,0",*,"213,0",259,3,"3,2",8,1,Rectángulo,"27,022","7,00",,Etiquetas Electrónicas,AW,25/10/2007
,396,46,830-406,E-98,"29,0",*,"5,0",75,3,"4,0",2,16,Rectángulo,"4,500","0,34",,,,
,,56,830-779,,"29,0",*,"22,2",171,3,"3,2",5,7,Ovalo,"5,080","0,87",,Andrew and Williamson,AW,24/8/2009
,885,50,910-151,I-85,"29,0",*,"29,0",235,3,"2,8",7,5,Figura,"4,543","1,07",,C.S.,AW,7/8/2003
,,72,M-910-164,,"29,0",*,"35,0",263,"3,0","3,1",8,6,Rectángulo,"4,763","1,25",CS02,Sun Belle de Mexico,Rotometrics,15/7/2015
,,65,M-910-302,,"29,0",*,"38,0",235,"3,0","3,3",7,5,Rectángulo,"5,896","1,39",BT07,Mastronardi Produce,Rotometrics,7/10/2019
,,65,M-910-339,,"29,0",*,"38,0",235,"3,0","3,3",7,5,Rectángulo,"5,896","1,39",TT06,Mastronardi Produce,Rotometrics,5/4/2021
,,70,M-3300-429,,"29,0",*,"107,0",326,3,"4,1",10,2,Rectángulo,"11,113","3,62",CS37,Productos Tajín,Rotometrics,3/10/2022
,,90,M-910-066,,"30,0",*,"10,0",242,3,"3,0",7,22,Rectángulo,"1,857","0,45",PH07,Laboratorios Pisa,Rotometrics,5/3/2013
,,76,M-830-149,,"30,0",*,"12,0",110,3,"3,1",3,16,Rectángulo,"5,027","0,55",TT04,Seminis,Rotometrics,3/10/2022
,598,48,830-618,F-165,"30,0",*,"15,9",110,3,"3,2",3,8,Rectángulo,"6,358","0,70",,,AW,2/8/2004
,525,50,830-539,F-93,"30,0",*,"20,0",143,3,"3,0",4,7,Figura,"5,750","0,82",,,,
,,64,M-830-024,,"30,0",*,"22,0",110,3,"3,4",3,8,Rectángulo,"8,467","0,93",TT01,EEO,Rotometrics,10/2/2015
,,64,M-830-054,,"30,0",*,"22,0",176,3,"3,4",5,8,Rectángulo,"5,080","0,89",BB01,EEO,Rotometrics,12/1/2017
,,64,M-830-069,,"30,0",*,"22,0",110,3,"3,4",3,8,Rectángulo,"8,467","0,93",GC02,Colgate Palmolive,Rotometrics,4/9/2017
,,64,M-830-072,,"30,0",*,"22,0",110,3,"3,4",3,8,Rectángulo,"8,467","0,93",BB06,Mónica Sánchez,Rotometrics,4/9/2017
,,64,M-830-083,,"30,0",*,"22,0",143,3,"3,4",4,8,Rectángulo,"6,350","0,91",PL07,Monica Sánchez,Rotometrics,5/7/2018
,,64,M-830-113,,"30,0",*,"22,0",110,3,"3,4",3,8,Rectángulo,"8,467","0,93",BB31,Productos Carnicos de Occidente,Rotometrics,13/7/2020
,508,53,830-519,F-76,"30,0",*,"25,0",143,3,"3,0",4,6,Figura,"7,000","1,00",,,,24/6/2002
,504,52,830-515,F-72,"30,0",*,"30,0",176,3,"3,0",5,5,Circunferencia,"6,600","1,16",,Kodak,,5/6/2002
,,83,M-3300-381,,"30,0",*,"30,0",341,3,"2,9",10,8,Cuadrado,"3,294","1,12",BT04,Laboratorios Zeyco,Rotometrics,21/4/2022
,,104,M-830-122,,"30,0",*,"30,0",176,3,"3,0",5,10,Circulo,"6,604","1,16",PL06,Emerson,Rotometrics,5/4/2021
,,83,M-910-208,,"30,0",*,"30,0",242,"3,0","2,9",7,8,Cuadrado,"4,706","1,14",BT15,Laboratorios Zeyco,Rotometrics,5/6/2017
,,83,M-910-228,,"30,0",*,"30,0",242,"3,0","2,9",7,8,Cuadrado,"4,706","1,14",BT04,Laboratorios Zeyco,Rotometrics,5/6/2017
,,104,M-910-270,,"30,0",*,"30,0",173,"3,0","3,0",5,10,Circulo,"6,604","1,14",CS28,EEO,Rotometrics,21/2/2019
,,83,M-910-360,,"30,0",*,"30,0",242,"3,0","2,9",7,8,Cuadrado,"4,706","1,14",BT13,Laboratorios Zeyco,Rotometrics,5/4/2021
,,83,M-910-372,,"30,0",*,"30,0",242,"3,0","2,9",7,8,Cuadrado,"4,706","1,14",BT09,Laboratorios Zeyco,Rotometrics,21/4/2022
,,74,M-910-105,,"30,0",*,"30,6",242,"3,0","3,0",7,7,Cuadrado,"4,795","1,16",GC04,Unipharm de México,Rotometrics,13/3/2014
,,82,M-910-316,,"30,0",*,"34,0",242,"3,0","3,2",7,7,Rectángulo,"5,313","1,29",PH10,Laboratorios Pisa,Rotometrics,13/7/2020
,607,48,830-627,F-171,"30,0",*,"35,0",143,3,"3,1",4,4,Rectángulo,"9,525","1,36",,,C&C,2/8/2004
,193,54,830-196,C-32,"30,0",*,"40,0",110,3,"3,0",3,4,Trapezoide,"14,333","1,58",,,,
,328,53,830-334,E-20,"30,0",*,"40,0",143,3,"2,0",4,4,Ovalo,"10,500","1,50",,Vasti (P/CS),,7/3/2003
,,53,910-498,,"30,0",*,"40,0",242,3,"2,1",7,4,Ovalo,"6,010","1,45",,Etiquetas Electrónicas,AW,28/9/2010
,,68,M-830-071,,"30,0",*,"40,0",176,3,"3,2",5,5,Rectángulo (Especial - Corte a dos niveles),"8,636","1,52",TT12,Gemalto México,Rotometrics,4/9/2017
,633,50,830-655,F-197,"30,0",*,"50,0",143,3,"2,9",4,3,Rectángulo,"13,229","1,89",,con cortes de seguridad,C&C,27/1/2005
,,74,M-910-362,,"30,0",*,"75,0",242,"3,0","3,3",7,3,Rectángulo,"11,188","2,71",BT07,Alfa Comercializacion de Insumos,Rotometrics,5/4/2021
,18,55,830-014,A-18,"30,0",*,"85,0",176,3,"2,0",5,2,Rectángulo,"17,400","3,06",,Reposición 24-07-08 (Cambio de 3 a 4 al paso por solicitud de manufactura),,
,,111,MD-3030-029,,"30,0",*,"85,0",330,"3,0","3,1",9,4,Rectángulo,"9,790","3,23",BM09,Comercializadora Transfer Naga,Rotometrics,3/10/2022
,,61,M-910-423,,"30,0",*,"93,0",242,"3,0","3,8",7,2,Rectángulo,"13,834","3,35",BB15,Comercializadora Transfer Naga,Rotometrics,11/7/2023
,,65,M-3300-363,,"30,0",*,"100,0",341,3,"3,2",10,2,Rectángulo,"10,319","3,52",BB33,Laboratorios Best,Rotometrics,21/4/2022
,,65,M-3300-375,,"30,0",*,"100,0",341,3,"3,2",10,2,Rectángulo,"10,319","3,52",CS11,Laboratorios Best,Rotometrics,21/4/2022
,,65,M-910-318,,"30,0",*,"100,0",242,"3,0","3,2",7,2,Rectángulo,"14,741","3,57",PH10,Pisa Agropecuaria,Rotometrics,13/7/2020
,,71,M-3300-286,,"30,0",*,"109,0",341,3,"3,7",10,2,Rectángulo,"11,271","3,84",BT07,Tecnoglobal,Rotometrics,5/4/2021
,,75,M-3300-434,,"30,0",*,"115,1",341,3,"4,0",10,2,Rectángulo,"11,906","4,06",CS11,Laboratorios Best,Rotometrics,11/7/2023
,295,45,830-301,D-97,"30,0",*,"140,0",176,3,"3,0",5,1,Figura,"28,600","5,03",,,,30/10/2000
,,92,M-3300-137,,"30,0",*,"143,0",341,3,"3,2",10,2,Rectángulo,"14,618","4,98",BT20,Lafon Launay Cosmetics,Rotometrics,14/12/2017
,,96,M-3300-410,,"30,0",*,"149,0",341,3,"3,4",10,2,Rectángulo,"15,240","5,20",BM08,Lafon Launay Cosmetics,Rotometrics,3/10/2022
,111,48,830-101,A-138,"30,0",*,"150,0",176,3,"3,0",5,1,Rectángulo,"30,600","5,39",,,,15/1/2003
,1051,96,910-319,I-363,"30,0",*,"150,0",242,3,"3,0",7,2,Rectángulo,"21,857","5,29",,Propiedad de EEO (Reposición 07-08-07),AW,28/11/2006
,,96,M-3300-170,,"30,0",*,"150,0",341,3,"2,8",10,2,Rectángulo,"15,280","5,21",BT07,EEO,Rotometrics,21/2/2019
,,96,M-4200-002,,"30,0",*,"150,0",407,3,"2,8",12,2,Rectángulo,"12,733","5,18",BT07,Tecnoglobal,Rotometrics,5/7/2018
,,96,M-910-018,,"30,0",*,"150,0",242,3,"2,8",7,2,Rectángulo,"21,829","5,28",BT04,Industrias Wet Line,Rotometrics,17/4/2008
,,108,M-3300-059,,"30,0",*,"166,0",341,3,"5,5",10,2,Rectángulo,"17,145","5,85",BB01,Industrias Wet Line,Rotometrics,3/9/2015
,,109,MD-3030-068,,"30,0",*,"170,0",330,"3,0","3,0",9,2,Rectángulo,"19,226","6,34",BM06,Impogel,Rotometrics,11/7/2023
,1039,57,910-307,I-227,"30,0",*,"178,0",242,3,"3,2",7,1,Rectángulo,"25,882","6,26",,Industrias Wet Line,AW,2/5/2006
,,61,3300-047,,"30,0",*,"190,0",341,3,"3,6",10,1,Rectángulo,"19,358","6,60",,Industrias Wet Line,AW,2/12/2011
,,66,M-910-301,,"30,0",*,"205,0",242,"3,0","4,6",7,1,Rectángulo,"29,936","7,24",BT07,Tecnoglobal,Rotometrics,7/10/2019
,1057,73,910-325,I-240,"30,0",*,"229,0",209,3,"3,2",6,1,Rectángulo,"38,696","8,09",,Ultrack Products (Propiedad de EEO),AW,28/11/2006
,,76,M-910-289,,"30,0",*,"238,1",143,"3,0","3,2",4,1,Rectángulo,"60,325","8,63",WI04,Sergio Manuel Moreno Sánchez,Rotometrics,21/2/2019
,,68,M-910-180,,"31,0",*,"18,0",249,"3,0","3,6",7,10,Figura (Hardran)(se usa con M-910-181),"3,084","0,77",PF02,Horticola Cimarron,Rotometrics,2/2/2016
,,68,M-910-181,,"31,0",*,"18,0",249,"3,0","3,6",7,10,Figura (Hardran)(corte por debajo)(se usa con M-910-180),"3,084","0,77",PF02,Horticola Cimarron,Rotometrics,2/2/2016
,,68,M-910-245,,"31,0",*,"18,0",249,"2,6","3,6",7,10,Figura,"3,084","0,77",PF02,Agrícola Diana Laura,Rotometrics,14/12/2017
,,97,MD-3030-093,,"31,0",*,"31,0",330,"3,0","3,2",8,9,Cuadrado,"4,277","1,41",CS27,Asesoría y Desarrollo de Productos Naturistas,Rotometrics,26/1/2024
,,68,M-910-209,,"31,0",*,"40,0",249,"3,0","3,2",7,5,Rectángulo,"6,169","1,54",BB07,Agricultura Controlada,Rotometrics,5/6/2017
,,76,M-3300-024,,"31,0",*,"45,0",317,3,"3,3",9,5,Rectángulo,"5,362","1,70",MT02,Tequila Centinela (Cabrito),Rotometrics,19/9/2014
,,76,M-3300-198,,"31,0",*,"45,0",317,3,"3,3",9,5,Rectángulo,"5,362","1,70",CS28,Mainland Farms,Rotometrics,21/2/2019
,264,48,830-270,D-66,"31,0",*,"48,0",111,2,"3,0",3,3,Rectángulo,"17,000","1,89",,,,
,317,48,830-323,E-7,"31,0",*,"48,0",113,3,"3,0",3,3,Rectángulo,"17,000","1,92",,,,
,,65,M-3300-156,,"31,0",*,"100,0",317,3,"3,2",9,2,Rectángulo,"11,465","3,63",CS11,Laboratorios Best,Rotometrics,5/7/2018
,,65,M-3300-380,,"31,0",*,"100,0",317,3,"3,2",9,2,Rectángulo,"11,465","3,63",CS28,Laboratorios Best,Rotometrics,21/4/2022
,,75,M-3300-200,,"31,0",*,"115,0",317,3,"4,0",9,2,Rectángulo,"13,222","4,19",CS11,Laboratorios Best,Rotometrics,7/10/2019
,,81,M-3300-248,,"31,0",*,"125,0",317,3,"3,6",9,2,Rectángulo,"14,288","4,53",MT08,Laboratorios Best,Rotometrics,13/7/2020
,,81,M-3300-439,,"31,0",*,"125,0",317,3,"3,6",9,2,Rectángulo,"14,288","4,53",BB15,Laboratorios Best,Rotometrics,11/7/2023
,,60,910-533,,"31,0",*,"188,0",215,3,"3,0",6,1,Figura especial,"31,833","6,84",,José Pablo Moreno,AW,3/4/2012
,445,46,830-455,F-14,"32,0",*,"22,0",148,2,"2,4",4,6,Ovalo,"6,100","0,90",,Ovalo Especial,,22/6/2001
,695,51,830-719,F-258,"32,0",*,"24,0",151,3,"3,2",4,6,Rectángulo,"6,794","1,03",,Jorge Mario Salinas Onofre,AW,28/11/2006
,255,55,830-261,D-57,"32,0",*,"32,0",116,3,"3,0",3,5,Circunferencia,"11,667","1,35",,,,
,,67,M-910-338,,"32,0",*,"32,0",221,"3,0","3,5",6,6,Cuadrado,"5,909","1,31",BT07,Mastronardi Produce,Rotometrics,5/4/2021
,,66,M-910-386,,"32,0",*,"32,0",221,"3,0","2,9",6,6,Círculo,"5,821","1,29",CS28,Divine Flavor,Rotometrics,21/4/2022
,325,45,830-331,E-17,"32,0",*,"47,0",174,0,"0,0",5,3,Marbete,"9,400","1,64",,,,23/7/2001
,,65,M-910-294,,"32,0",*,"48,0",221,"3,0","3,6",6,4,Rectángulo,"8,599","1,90",TT06,Airpac,Rotometrics,7/10/2019
,897,57,910-163,I-97,"32,0",*,"57,0",221,3,"3,0",6,3,Figura,"10,000","2,21",,C.S.,AW,11/12/2003
,634,60,830-656,F-198,"32,0",*,"60,0",116,3,"3,5",3,3,Rectángulo,"21,167","2,46",,,AW,27/1/2005
,,80,M-910-142,,"32,0",*,"60,0",221,"3,0","3,5",6,4,Figura,"10,583","2,34",CS01,Agricola San Isidro de Culiacan,Rotometrics,10/2/2015
,,80,M-910-157,,"32,0",*,"60,0",221,"3,0","3,5",6,4,Rectángulo,"10,583","2,34",PH01,Laboratorios Pisa,Rotometrics,10/2/2015
,,80,M-910-429,,"32,0",*,"60,0",256,"3,0","3,5",7,4,Rectángulo,"9,071","2,32",BT28,Naturesweet Invernaderos,Rotometrics,11/7/2023
,438,60,830-448,F-7,"32,0",*,"64,0",154,4,"0,0",4,3,Marbete,"16,000","2,46",,VH,,22/6/2001
,899,64,910-165,I-99,"32,0",*,"65,0",256,3,"3,0",7,3,Rectángulo,"9,714","2,49",,TransTherm,AW,23/12/2003
,,107,MD-3030-008,,"32,0",*,"65,0",330,"3,0","2,9",8,5,Rectángulo,"8,493","2,80",CS28,Comercializadora Agropecuaria de Degollado,Rotometrics,19/5/2022
,,68,M-910-040,,"32,0",*,"69,0",256,3,"3,0",7,3,Rectángulo,"10,286","2,63",CS28,Laboratorios Pisa,Rotometrics,16/8/2012
,,72,M-910-267,,"32,0",*,"73,0",221,"3,0","3,2",6,3,Rectángulo,"12,700","2,81",CS28,Pisa Agropecuaria,Rotometrics,21/2/2019
,,74,M-910-036,,"32,0",*,"74,0",256,3,"4,2",7,3,Figura,"11,176","2,86",CS06,Salsas Castillo,Rotometrics,14/5/2012
,,74,910-464,,"32,0",*,"75,1",256,3,"3,2",7,3,Rectángulo,"11,188","2,86",,Genomma Lab Internacional,AW,2/7/2009
,,53,910-461,,"32,0",*,"81,0",256,3,"3,2",7,2,Rectángulo,"12,025","3,08",,Laboratorios Pisa,AW,29/6/2009
,,106,M-910-407,,"32,0",*,"81,0",256,"3,0","3,2",7,4,Rectángulo,"12,025","3,08",CS37,Laboratorios Pisa,Rotometrics,3/10/2022
,549,60,830-564,F-117,"32,0",*,"92,0",151,3,"3,0",4,2,Rectángulo,"23,750","3,59",,C.S.,AW,13/6/2003
,578,72,830-596,F-145,"32,0",*,"111,0",151,3,"3,0",4,2,Rectángulo,"28,500","4,30",,,AW,15/3/2004
,1148,76,M-910-005,,"32,0",*,"115,0",256,3,"5,7",7,2,Rectángulo,"17,243","4,41",CS22,Kodak de Mexico (Suaje magnetico),Rotometrics,4/7/2007
,998,82,910-266,I-188,"32,0",*,"127,0",256,3,"3,2",7,1,Rectángulo,"18,596","4,76",,Medicamentos Natirales,AW,23/9/2005
,531,42,830-545,F-99,"33,0",*,"8,0",83,3,"3,0",2,12,Rectángulo,"5,500","0,46",,,,11/10/2002
,378,45,830-387,E-78,"33,0",*,"13,0",120,"3,18","3,1",3,9,Rectángulo,"5,373","0,64",,Rep. Gasca,,30/10/2000
,,65,M-910-352,,"33,0",*,"23,0",227,"2,6","3,0",6,8,Figura (se usa con M-910-353),"4,333","0,98",PF01,Agricultura Controlada,Rotometrics,5/4/2021
,,65,M-910-353,,"33,0",*,"23,0",227,"2,6","3,0",6,8,Ponchado (se usa con M-910-352)(Corte por debajo),"4,333","0,98",PF01,Agricultura Controlada,Rotometrics,5/4/2021
,,68,M-910-397,,"33,0",*,"33,0",227,"3,0","3,0",6,6,Cuadrado,"5,997","1,36",BT29,Laboratorios Pisa,Rotometrics,3/10/2022
,619,60,830-640,F-183,"33,0",*,"61,0",119,3,"3,2",3,3,Figura,"21,392","2,55",,,,17/12/2004
,,90,M-910-163,,"33,0",*,"68,0",227,"3,0","3,5",6,4,Rectángulo,"11,917","2,71",PH01,Laboratorios Pisa,Rotometrics,10/2/2015
,,78,M-3300-204,,"33,0",*,"79,0",335,3,"3,6",9,3,Rectángulo,"9,172","3,07",CS11,Laboratorios Jaloma,Rotometrics,7/10/2019
,,90,M-910-055,,"33,0",*,"92,0",227,3,"3,8",6,3,Figura,"15,968","3,62",BT04,North Star,Rotometrics,23/10/2012
,893,65,910-159,I-93,"33,0",*,"100,0",155,3,"3,0",4,2,Rectángulo,"25,750","3,99",,C.S.,AW,28/8/2003
,1122,65,910-390,,"33,0",*,"100,0",227,3,"3,2",6,2,Rectángulo,"17,198","3,90",,Laboratorios Best,AW,31/7/2007
,,82,M-3300-403,,"33,0",*,"127,0",335,3,"3,2",9,2,Rectángulo,"14,464","4,85",CS28,Embalajes Agricolas Sambramex,Rotometrics,3/10/2022
,,85,M-3300-266,,"33,0",*,"131,0",335,3,"3,9",9,2,Rectángulo,"14,993","5,02",CS28,Productos Tajin,Rotometrics,13/7/2020
,,85,M-4200-010,,"33,0",*,"131,0",371,3,"3,9",10,2,Rectángulo,"13,494","5,01",CS28,Productos Tajin,Rotometrics,21/4/2022
,,86,3300-066,,"33,0",*,"133,4",335,3,"3,2",9,2,Rectángulo,"15,169","5,08",CS02,Alejandro Araujo,AW,8/11/2013
,451,47,830-461,F-20,"34,0",*,"12,0",122,3,"3,0",3,10,Figura,"5,000","0,61",,Especial,,22/6/2001
,138,40,830-129,A-166,"34,0",*,"22,0",122,3,"3,0",3,5,Triangulo,"8,333","1,02",,Prestamo,,
,,68,910-459,,"34,0",*,"40,0",233,3,"3,2",6,5,Rectángulo,"7,196","1,68",,Laboratorios Pisa,AW,5/5/2009
,,68,M-3300-262,,"34,0",*,"40,0",344,3,"3,2",7,5,Rectángulo,"6,168","2,12",BT09,Laboratorios Pisa,Rotometrics,13/7/2020
,,68,M-910-119,,"34,0",*,"40,0",233,"3,0","3,2",6,5,Rectángulo,"7,196","1,68",PH01,Laboratorios Pisa,Rotometrics,23/5/2014
,,68,M-910-239,,"34,0",*,"40,0",233,"3,0","3,2",6,5,Rectángulo,"7,197","1,68",BT09,Laboratorios Pisa,Rotometrics,4/9/2017
,,75,M-3300-278,,"34,0",*,"56,0",344,3,"3,5",9,4,Rectángulo,"6,614","2,28",BT25,Barcel,Rotometrics,5/4/2021
,,64,M-910-309,,"34,0",*,"64,0",232,"3,0","4,2",6,3,Rectángulo,"11,372","2,64",WI04,Tequila las Americas,Rotometrics,7/10/2019
,715,70,830-739,,"34,0",*,"74,0",116,0,"0,0",3,3,Marbete 3 al paso,"24,667","2,86",,Corporacion Tectronic,AW,4/7/2007
,85,69,830-073,A-109,"34,0",*,"108,0",120,2,"2,0",3,2,Figura Zapato,"36,667","4,40",,Figura Zapato,,
,93,76,830-081,A-119,"34,0",*,"117,0",122,3,"3,0",3,2,Figura,"40,000","4,88",,,,7/3/2003
,383,46,830-392,E-83,"34,0",*,"143,0",122,3,"3,0",3,1,Rectángulo,"48,667","5,94",,Usar C/830-393 C.S.,,7/3/2003
,197,47,830-200,C-36,"34,0",*,"144,0",120,2,"2,0",3,1,Rectángulo,"48,667","5,84",,,,
,,68,M-3300-515,,"34,0",*,"180,0",344,3,"4,2",9,1,Rectángulo,"20,461","7,04",BT07,Tecnoglobal PH7,Rotometrics,26/1/2024
,354,45,830-362,E-49,"35,0",*,"6,0",87,3,"3,2",2,15,Rectángulo,"4,600","0,40",,,,20/7/2000
,,72,M-830-016,,"35,0",*,"13,0",125,3,"3,3",3,14,Rectángulo,"5,443","0,68",TT01,EEO,Rotometrics,10/2/2015
,,72,M-830-114,,"35,0",*,"13,0",125,3,"3,3",3,14,Rectángulo,"5,442","0,68",PB01,Consorcio Indutrial Mexicano de autopartes,Rotometrics,13/7/2020
,,72,M-830-121,,"35,0",*,"13,0",125,3,"3,3",3,14,Rectángulo,"5,443","0,68",BB15,Osteo Bio Laboratorio de Biotecnologia,Rotometrics,13/7/2020
,932,52,910-198,I-127,"35,0",*,"18,0",198,0,"0,0",5,7,Figura,"3,600","0,71",,Planilla de Kinder,,29/6/2004
,,68,M-830-056,,"35,0",*,"24,0",163,3,"3,0",4,8,Rectángulo especial (corte a dos niveles),"6,747","1,10",TT12 (Piggy back),Gemalto México,Rotometrics,5/6/2017
,585,45,830-605,F-152,"35,0",*,"26,0",163,3,"3,0",4,5,Figura,"7,250","1,18",,,,28/4/2004
,691,46,830-715,F-254,"35,0",*,"26,0",163,3,"3,2",4,5,Rectángulo,"7,294","1,19",,Etiquetas Titnas y Suplementos,AW,28/11/2006
,69,48,830-057,A-93,"35,0",*,"35,0",87,3,"3,0",2,4,Circunferencia,"19,000","1,65",,,,
,,72,M-910-303,,"35,0",*,"35,0",239,"3,0","3,1",6,6,Circulo con cortes internos,"6,350","1,52",BT04,Gemalto México,Rotometrics,7/10/2019
,659,60,830-683,F-222,"35,0",*,"45,0",163,3,"3,2",4,4,Rectángulo,"12,044","1,96",,Botas Establo (Suaje para Tyveck),AW,1/8/2005
,398,50,830-408,E-100,"35,0",*,"50,0",125,3,"3,0",3,3,Rectángulo,"17,667","2,21",,,,
,165,59,830-159,C-2,"35,0",*,"59,0",124,"2,5","3,0",3,3,Rectángulo,"20,667","2,56",,,,
,429,65,830-439,E-134,"35,0",*,"66,0",125,3,"3,0",3,3,Figura,"23,000","2,88",,,,15/2/2001
,,92,M-3300-415,,"35,0",*,"70,0",315,3,"3,0",8,4,Rectángulo,"9,128","2,88",BT29,Max World Trading,Rotometrics,3/10/2022
,,69,M-3300-513,,"35,0",*,"70,0",315,3,"3,0",8,3,Rectángulo,"9,128","2,88",WI11,Tequilera BSC,Rotometrics,26/1/2024
,182,50,830-175,C-20,"35,0",*,"76,0",125,3,"3,0",3,2,Rectángulo,"26,333","3,29",,,,
,,65,910-466,,"35,0",*,"100,0",244,4,"3,2",6,2,Rectángulo,"17,196","4,20",,Apopharma,AW,28/7/2009
,,99,M-3300-235,,"35,0",*,"102,0",315,3,"3,3",8,3,Figura,"13,159","4,15",BB06,Calavo de México,Rotometrics,13/7/2020
,1010,67,910-278,I-198,"35,0",*,"103,2",239,3,"3,2",6,2,Rectángulo,"17,729","4,24",,Michel Ontiveros Pablo Ignacio,AW,20/10/2005
,,88,M-3300-244,,"35,0",*,"136,0",315,3,"3,7",8,2,2 figuras,"17,463","5,50",BB06,Calavo de México,Rotometrics,13/7/2020
,,88,M-3300-237,,"35,0",*,"137,0",315,3,"3,2",8,2,2 figuras,"17,525","5,52",BB06,Calavo de México,Rotometrics,13/7/2020
,,96,M-3300-020,,"35,0",*,"150,0",353,3,"2,8",9,2,Rectángulo,"16,978","5,99",BT01,Industrias Wet Line,Rotometrics,19/9/2014
,,108,M-3300-122,,"35,0",*,"166,0",315,3,"5,5",8,2,Rectángulo,"21,431","6,75",BM05,Mission Hills,Rotometrics,4/9/2017
,624,57,830-646,F-188,"35,0",*,"178,0",163,3,"3,0",4,1,Rectángulo,"45,244","7,37",,,,17/12/2004
,1085,57,910-353,I-262,"35,0",*,"178,0",239,3,"3,0",6,1,Rectángulo,"30,167","7,21",,Industrias Wet Line (Propiedad de EEO),AW,26/3/2007
,519,61,830-532,F-87,"35,0",*,"191,0",163,3,"3,0",4,1,Rectángulo,"48,500","7,91",,,,6/8/2002
,,62,M-3300-505,,"35,0",*,"194,0",353,3,"3,0",9,1,Rectángulo,"21,889","7,73",BM07,Tecnoglobal PH7,Rotometrics,26/1/2024
,,62,M-3300-506,,"35,0",*,"194,0",353,3,"3,0",9,1,Rectángulo,"21,889","7,73",BT07,Tecnoglobal PH7,Rotometrics,26/1/2024
,1113,71,910-381,,"35,0",*,"222,3",239,3,"3,2",6,1,Rectángulo,"37,579","8,98",,SUAJE ENTREGADO AL CLIENTE EL 22-05-08  José Antonio Díaz Barriga (INGRESO DE NUEVO EL 11-05-09),AW,4/7/2007
,,75,M-3300-211,,"35,0",*,"235,0",315,3,"3,1",8,1,Rectángulo,"29,766","9,38",BT07,Tecnoglobal,Rotometrics,7/10/2019
,,75,M-3300-374,,"36,0",*,"20,5",323,3,"3,3",8,10,Rectángulo,"2,977","0,96",CS28,International Greenhouse Produce,Rotometrics,21/4/2022
,,68,M-910-102,,"36,0",*,"20,5",245,"3,0","3,5",6,9,Rectángulo,"3,998","0,98",CS01,International Greenhouse Produce,Rotometrics,13/3/2014
,57,50,830-048,A-81,"36,0",*,"24,0",89,3,"3,0",2,6,Rectángulo,"13,500","1,20",,,,
,,75,M-830-036,,"36,0",*,"24,0",167,3,"2,5",4,9,Rectángulo,"6,615","1,10",TT01,EEO,Rotometrics,2/2/2016
,,98,M-830-089,,"36,0",*,"36,0",167,3,"2,9",4,4,Circulo,"9,723","1,62",BT07,Genomma Lab,Rotometrics,21/2/2019
,638,50,830-661,F-201,"36,0",*,"37,0",167,3,"3,0",4,4,Rectángulo,"10,000","1,67",,,AW,5/4/2005
,,96,M-910-240,,"36,0",*,"98,4",245,"3,0","3,2",6,3,Rectángulo,"16,933","4,15",TT06,Javier Guerrero Arrequin,Rotometrics,14/12/2017
,1146,96,M-910-003,,"36,0",*,"98,5",245,3,"3,2",6,3,Rectángulo,"16,946","4,15",CS22,Kodak de Mexico (Suaje magnetico),Rotometrics,4/7/2007
,867,74,910-133,I-69,"36,0",*,"114,0",245,3,"3,0",6,2,Rectángulo,"19,500","4,78",,C.S.,,7/3/2003
,,92,3300-072,,"36,0",*,"144,0",323,3,"3,0",8,2,Figura,"18,375","5,94",BT01,Industrias Wet Line,AW,15/7/2015
,,96,M-910-043,,"36,0",*,"148,0",245,3,"4,4",6,2,Figura,"25,400","6,22",BT04,Industrias Wet Line,Rotometrics,16/8/2012
,221,53,830-225,D-22,"36,0",*,"165,0",126,2,"3,0",3,1,Rectángulo,"56,000","7,06",,Carrefour,,
,238,52,830-243,D-40,"36,0",*,"165,0",128,3,"0,0",3,1,Marbete,"55,000","7,04",,Carrefour,,
,1065,86,910-333,I-366,"36,0",*,"270,0",245,3,"3,2",6,1,Rectángulo,"45,529","11,15",,Amcor de México (Corte completo),AW,28/11/2006
,,96,M-910-062,,"36,1",*,"149,2",246,3,"3,2",6,2,Figura,"25,400","6,25",BT04,Industrias Wet Line (Propiedad de EEO),Rotometrics,5/3/2013
,982,75,910-250,I-176,"36,5",*,"79,4",209,3,"0,0",5,3,Figura,"15,874","3,32",,Figura especial (Quirelli),AW,16/6/2005
,,76,M-910-054,,"37,0",*,"37,0",251,3,"3,2",6,6,Figura,"6,703","1,68",MT01,Agrícola el Rosal,Rotometrics,23/10/2012
,13,57,830-011,A-13,"37,0",*,"58,0",129,2,"2,0",3,3,Rectángulo,"20,000","2,58",,,,
,14,57,830-011A,A-14,"37,0",*,"58,0",168,2,"2,0",4,3,Rectángulo,"15,000","2,52",,,,
,,74,M-910-340,,"37,0",*,"75,0",251,"3,0","3,3",6,3,Rectángulo,"13,053","3,28",CS10,Laboratorios Pisa,Rotometrics,5/4/2021
,514,56,830-526,F-82,"37,0",*,"86,0",131,3,"3,0",3,2,Rectángulo,"29,667","3,89",,,,27/7/2002
,,85,M-3300-305,,"37,0",*,"86,0",331,3,"4,0",8,3,Rectángulo,"11,245","3,72",BT04,Productos Verde Valle,Rotometrics,5/4/2021
,,85,M-3300-395,,"37,0",*,"86,0",331,3,"4,0",8,3,Rectángulo,"11,245","3,72",CS28,Embalajes Agricolas Sambramex,Rotometrics,3/10/2022
,626,64,830-648,F-190,"37,0",*,"98,0",171,3,"3,6",4,2,Rectángulo,"25,400","4,34",,,,17/12/2004
,816,45,910-082,I-20,"37,0",*,"140,0",211,3,"3,0",5,1,Figura,"28,600","6,03",,,,
,870,65,910-136,I-72,"37,0",*,"203,0",211,3,"3,0",5,1,Rectángulo,"41,200","8,69",,P/Boop Transp BA0873 C.D.C.,,7/3/2003
,424,42,830-434,E-129,"38,0",*,"6,4",134,3,"3,2",3,14,Rectángulo,"3,175","0,43",,,,
,,64,M-910-219,,"38,0",*,"19,0",257,"3,0","3,6",6,9,Rectángulo (especial),"3,763","0,97",CS01,Sun Belle de Mexico,Rotometrics,5/6/2017
,252,53,830-257,D-54,"38,0",*,"25,0",93,3,"3,0",2,6,Rectángulo,"14,000","1,30",,,,
,705,53,830-729,F-269,"38,0",*,"25,0",175,3,"3,0",4,6,Rectángulo,"7,010","1,23",,Propiedad de EEO,AW,26/3/2007
,,64,M-3300-243,,"38,0",*,"31,0",257,3,"2,9",6,6,Rectángulo,"5,644","1,45",CS28,Intermationmal Baskets,Rotometrics,13/7/2020
,335,51,830-341,E-29,"38,0",*,"38,0",172,2,"2,5",4,4,Circulo,"10,125","1,74",,,,17/7/2000
,,51,910-451,,"38,0",*,"38,0",252,2,"2,5",6,4,Círculo,"6,747","1,70",,Etiquetas Electrónicas,AW,20/3/2009
,,65,M-3300-377,,"38,0",*,"38,0",339,3,"3,3",8,5,Cuadrado ,"5,159","1,75",CS40,NatureSweet Invernaderos,Rotometrics,20/12/2022
,86,50,830-074,A-110,"38,0",*,"40,0",166,0,"0,0",4,4,Marbete,"10,000","1,66",,,,
,1053,68,910-321,I-238,"38,0",*,"51,0",257,3,"3,0",6,4,Ovalo,"9,000","2,31",,Latex Occidental (Propiedad de EEO),AW,28/11/2006
,,51,910-489,,"38,0",*,"51,0",257,3,"3,2",6,3,Figura,"9,029","2,32",,Grupo ETS,AW,3/5/2010
,,68,M-910-355,,"38,0",*,"51,0",257,"3,0","3,2",6,4,Rectángulo,"9,029","2,32",PT12,Siemon México MFG,Rotometrics,5/4/2021
,,74,M-3300-436,,"38,0",*,"55,0",339,3,"3,7",8,4,Figura,"7,342","2,49",BM07,Agrícola de Fuerte,Rotometrics,11/7/2023
,,57,3300-035,,"38,0",*,"57,2",339,3,"3,2",8,3,Rectángulo,"7,541","2,56",,Tequila Centinela (Cabrito),AW,6/6/2011
,87,60,830-075,A-111,"38,0",*,"64,0",138,"4,8","0,0",3,3,Marbete con muesca,"21,333","2,94",,EEO Marbete con muesca Reposición 29-05-06,,
,183,84,830-176,C-21,"38,0",*,"64,0",134,3,"3,0",3,4,Figura,"22,333","2,99",,,,
,,60,830-763,,"38,0",*,"64,0",138,5,"0,0",3,3,Marbete sin muesca,"21,333","2,94",,EEO Marbete sin muesca,AW,7/7/2008
,88,63,830-076,A-113,"38,0",*,"100,0",138,"4,8","0,0",3,2,Marbete,"33,333","4,60",,Class & Class,,
,439,66,830-449,F-8,"38,0",*,"102,0",134,3,"3,1",3,2,Rectángulo,"35,033","4,69",,Valycontrol,,22/6/2001
,,66,M-910-367,,"38,0",*,"102,0",216,"3,0","3,2",5,2,Rectángulo,"21,035","4,54",CS28,Bruluagsa,Rotometrics,21/4/2022
,,66,M-910-368,,"38,0",*,"102,0",216,"3,0","3,2",5,2,Rectángulo,"21,035","4,54",BT07,Bruluagsa,Rotometrics,21/4/2022
,1070,90,910-338,I-369,"38,0",*,"140,0",257,3,"3,0",6,2,Rectángulo,"23,833","6,13",,Laboratorios Best (Propiedad de EEO),AW,28/11/2006
,,90,M-3300-345,,"38,0",*,"140,0",339,3,"3,2",8,2,Rectángulo,"17,897","6,07",CS11,Laboratorios Best,Rotometrics,21/4/2022
,,90,M-3300-350,,"38,0",*,"140,0",339,3,"3,2",8,2,Rectángulo,"17,897","6,07",MT03,Laboratorios Best,Rotometrics,21/4/2022
,,90,M-3300-388,,"38,0",*,"140,0",339,3,"3,2",8,2,Rectángulo,"17,897","6,07",CS28,Laboratorios Best,Rotometrics,21/4/2022
,,96,M-3300-443,,"38,0",*,"149,0",339,3,"3,4",8,2,Rectángulo,"19,050","6,46",BT07,Lafon Launay Cosmetics,Rotometrics,11/7/2023
,,96,MD-3030-086,,"38,0",*,"149,0",330,"3,0","3,4",7,2,Rectángulo,"21,771","7,18",BM06,Lafon Launay Cosmetics,Rotometrics,26/1/2024
,,98,M-910-260,,"38,0",*,"151,0",257,"3,0","4,6",6,2,Figura,"25,929","6,66",BM06,Tecnoglobal,Rotometrics,5/7/2018
,710,49,830-734,,"38,0",*,"152,4",175,3,"3,2",4,1,Rectángulo,"38,894","6,81",,Arneses Electronicos Automotrices,AW,4/7/2007
,430,81,830-440,E-135,"38,0",*,"257,0",136,4,"0,0",3,1,Marbete,"85,667","11,65",,,,15/2/2001
,,166,MD-3030-059,,"38,0",*,"260,0",330,"3,0","3,5",7,2,Rectángulo,"37,646","12,42",BT29,Grisi Hnos,Rotometrics,11/7/2023
,,104,M-910-144,,"39,0",*,"63,0",221,"3,0","3,2",5,5,Rectángulo,"13,235","2,92",CS01,Laboratorios Pisa,Rotometrics,10/2/2015
,,86,M-3300-253,,"39,0",*,"88,0",305,3,"3,0",7,3,Figura,"13,000","3,97",CS26,Casa Cuervo,Rotometrics,13/7/2020
,203,86,830-206,D-3,"39,0",*,"133,0",137,3,"3,5",3,2,Rectángulo,"45,500","6,23",,,,
,,129,MD-3030-097,,"39,0",*,"133,0",330,"3,0","3,5",7,3,Rectángulo,"19,504","6,44",BB15,Tersa Piel,Rotometrics,26/1/2024
,926,83,910-192,I-121,"39,0",*,"260,0",221,3,"3,5",5,1,Rectángulo,"52,700","11,65",,,,29/6/2004
,673,96,830-697,F-394,"39,0",*,"302,0",179,3,"3,0",4,1,Rectángulo (Corte comp.),"76,250","13,65",,Amcor de México (CORTE COMPLETO),AW,2/5/2006
,,64,M-910-403,,"40,0",*,"8,0",226,"3,0","3,3",5,18,Rectángulo,"2,258","0,51",PB05,Jabil Circuit de México,Rotometrics,3/10/2022
,,63,M-830-065,,"40,0",*,"10,0",140,3,"3,3",3,15,Rectángulo,"4,445","0,62",TT01,Cab Logistics,Rotometrics,5/6/2017
,,90,M-910-050,,"40,0",*,"16,1",226,3,"3,0",5,15,Figura,"3,810","0,86",CS01,Laboratorios Pisa,Rotometrics,16/8/2012
,17,53,830-013,A-17,"40,0",*,"22,0",183,3,"3,0",4,7,Rectángulo,"6,250","1,14",,Segunda repeticion 09-06-06,,
,743,53,910-008,A-35,"40,0",*,"22,0",222,2,"3,0",5,7,Rectángulo,"5,000","1,11",,Repetición 26-02-09,,
,765,53,910-030,G-21,"40,0",*,"22,0",222,2,"3,0",5,7,Ponchado,"5,000","1,11",,Ponchado para etiqueta 40x22mm 910-008,,
,,68,M-830-105,,"40,0",*,"22,0",183,"2,8","2,4",4,9,Rectángulo,"6,098","1,12",TT06,EEO,Rotometrics,21/2/2019
,,68,M-830-133,,"40,0",*,"22,0",183,"2,8","2,4",4,9,Rectángulo,"6,098","1,12",PL06,Embotelladora del Nayar,Rotometrics,21/4/2022
,960,52,910-227,I-155,"40,0",*,"30,0",226,3,"3,0",5,5,Ovalo,"6,604","1,49",,(Tiene un círculo en medio),C&C,17/12/2004
,47,64,830-039,A-71,"40,0",*,"31,0",97,3,"3,0",2,6,Rectángulo,"17,000","1,65",,,,
,,64,M-830-001,,"40,0",*,"31,0",183,3,"3,0",4,6,Rectángulo,"8,500","1,56",BB06,Etiquetas Electrónicas  ,Rotometrics,17/6/2013
,,64,M-830-155,,"40,0",*,"31,0",183,3,"2,9",4,6,Rectángulo,"8,467","1,55",TT36,Emerson,Rotometrics,11/7/2023
,,69,M-830-145,,"40,0",*,"34,0",183,3,"2,5",4,6,Rectángulo,"9,128","1,67",TT06,Plásticos y Desechables Géminis,Rotometrics,21/4/2022
,,82,M-910-380,,"40,0",*,"34,0",226,"3,0","3,2",5,7,Rectángulo,"7,439","1,68",BT07,Delimex de México,Rotometrics,21/4/2022
,605,52,830-625,F-169,"40,0",*,"38,0",183,3,"3,3",4,4,Figura,"10,325","1,89",,,AW,2/8/2004
,,68,M-830-110,,"40,0",*,"40,0",140,3,"3,2",3,5,Cuadrado,"14,393","2,02",CS27,Flextronics Manufacturing,Rotometrics,7/10/2019
,72,59,830-060,A-96,"40,0",*,"45,0",140,3,"2,0",3,4,Rectángulo,"15,667","2,19",,,,
,,59,910-513,,"40,0",*,"45,0",226,3,"1,8",5,4,Rectángulo,"9,366","2,12",,Fresenius Kabi,AW,2/3/2011
,,76,M-830-096,,"40,0",*,"45,0",140,3,"3,3",3,5,Rectángulo,"16,087","2,25",TT06,EEO,Rotometrics,21/2/2019
,456,46,830-466,F-25,"40,0",*,"46,0",183,3,"2,7",4,3,Rectángulo,"12,175","2,23",,Especial C/Navaja Punteado Transtherm,,2/5/2003
,,68,M-910-170,,"40,0",*,"51,0",226,"3,0","3,2",5,4,Rectángulo,"10,835","2,45",DF555-1,Medtronic,Rotometrics,15/7/2015
,552,44,830-567,F-119,"40,0",*,"67,0",183,3,"3,3",4,2,Rectángulo,"17,575","3,22",,,C.S.,21/6/2003
,,65,M-910-132,,"40,0",*,"100,0",226,"3,0","3,2",5,2,Rectángulo,"20,638","4,66",CS01,Unipharm de México,Rotometrics,19/9/2014
,497,66,830-507,F-65,"40,0",*,"102,0",97,3,"2,7",2,2,Ovalo,"52,350","5,08",,,,25/5/2002
,,68,M-910-235,,"40,0",*,"104,0",226,"3,0","3,2",5,2,Rectángulo,"21,435","4,84",CS37,Importadora y Manufacturera Bluart,Rotometrics,4/9/2017
,1058,70,910-326,I-241,"40,0",*,"108,0",226,3,"3,2",5,2,Figura para cuello,"22,235","5,03",,Mezcales de Gusano (Mezcal dos gusanos),AW,28/11/2006
,1155,76,M-910-012,,"40,0",*,"114,0",183,3,"6,7",4,2,3 figuras en el mismo suaje,"30,163","5,52",MT01,Destiladora de los Altos,Rotometrics,18/12/2007
,1015,74,910-283,I-203,"40,0",*,"115,0",226,3,"3,2",5,2,Rectángulo,"23,635","5,34",,Laboratorios Best,AW,20/10/2005
,455,75,830-465,F-24,"40,0",*,"116,0",140,3,"3,0",3,2,Figura,"39,667","5,55",,,,25/9/2001
,162,78,830-154,B-19,"40,0",*,"120,0",140,3,"4,0",3,2,Rectángulo,"41,333","5,79",,,,
,738,76,910-002,A-29,"40,0",*,"120,0",204,0,"0,0",7,2,Suaje Canicas,"17,143","3,50",,Suaje Canicas,,
,,83,M-910-277,,"40,0",*,"129,0",226,"3,0","3,0",5,2,Rectángulo,"26,400","5,97",CS28,Laboratorios Pisa,Rotometrics,21/2/2019
,,96,MD-3030-017,,"40,0",*,"149,0",330,"3,0","3,4",7,2,Rectángulo,"21,771","7,18",BM06,Special Nutrition Group,Rotometrics,19/5/2022
,,99,910-566,,"40,0",*,"155,0",226,3,"3,0",5,2,Rectángulo,"31,600","7,14",MT01,Bodylogic,AW,19/9/2014
,,101,M-3300-267,,"40,0",*,"157,0",312,3,"3,3",7,2,Rectángulo,"22,905","7,15",CS28,Productos Tajin,Rotometrics,13/7/2020
,1128,64,910-396,,"40,0",*,"200,0",226,3,"3,2",5,1,Rectángulo,"40,635","9,18",,Fernan Heriberto Gonzalez,AW,3/9/2007
,,64,M-910-139,,"40,0",*,"200,0",226,"3,0","3,2",5,1,Figura,"40,635","9,18",CS01,Tequila Centinela,Rotometrics,10/2/2015
,,71,M-3300-463,,"40,0",*,"220,0",312,3,"5,4",7,1,Rectángulo,"32,204","10,05",BB15,Industrializadora Alceda,Rotometrics,11/7/2023
,672,73,830-696,F-235,"40,0",*,"229,0",183,3,"3,2",4,1,Rectángulo,"58,044","10,62",,Ultrak Products,AW,2/5/2006
,505,82,830-516,F-73,"40,0",*,"257,0",183,3,"3,0",4,1,Rectángulo,"65,000","11,90",,,,22/5/2002
,,111,910-521,,"40,0",*,"350,0",226,3,"3,2",5,1,Rectángulo,"70,635","15,96",,Mexicana de Lubricantes,AW,2/7/2011
,482,44,830-492,F-50,"41,0",*,"20,0",99,3,"3,2",2,6,Rectángulo,"11,600","1,15",,,,25/3/2002
,38,55,830-031,A-62,"41,0",*,"41,0",141,2,"2,0",3,4,Circunferencia,"14,333","2,02",,,,
,829,56,910-095,I-33,"41,0",*,"41,0",231,3,"3,0",5,4,Circulo,"8,800","2,03",,Reposición con 5 repeticiones para reponer el dañado,,25/9/2007
,,92,M-3300-254,,"41,0",*,"94,0",319,3,"3,2",7,3,Figura,"13,882","4,43",CS26,Casa Cuervo,Rotometrics,13/7/2020
,387,63,830-397,E-87,"41,0",*,"97,0",143,3,"3,1",3,2,Rectángulo,"33,367","4,77",,Nordin,,30/10/2000
,,63,M-910-382,,"41,0",*,"97,0",231,"3,0","3,2",5,2,Rectángulo,"20,035","4,63",BT07,EEO,Rotometrics,21/4/2022
,270,64,830-276,D-72,"41,0",*,"101,0",98,2,"2,0",2,2,Marbete,"51,500","5,05",,Especial Pantalón,,
,,83,M-3300-404,,"42,0",*,"30,0",326,3,"2,9",7,8,Rectángulo,"4,706","1,53",CS28,Productor Farmacéuticos Collins,Rotometrics,3/10/2022
,,88,M-3300-145,,"42,0",*,"32,0",326,3,"3,0",7,8,Rectángulo,"5,000","1,63",PH07,Productos Farmaceuticos Collins,Rotometrics,5/7/2018
,376,51,830-385,E-75,"42,0",*,"49,0",0,0,,1,1,Rectángulo,"49,000","0,00",,"Rep. Gasca, (Junto C/389) 17/8/00",,30/10/2000
,,62,910-512,,"42,0",*,"62,4",236,3,"3,2",5,3,Rectángulo,"13,123","3,10",,Laboratorios Pisa,AW,21/2/2011
,,83,M-3300-079,,"42,0",*,"63,0",281,3,"3,4",6,4,Rectángulo,"11,064","3,11",CS02,Laboratorios Pisa,Rotometrics,2/2/2016
,224,50,830-228,D-25,"42,0",*,"76,0",144,2,"2,0",3,2,Figura,"26,000","3,74",,"PRESTADO "" AMENIDADES DEL CENTRO """,,
,,77,MD-3030-002,,"42,0",*,"78,0",330,"3,0","3,5",6,3,Rectángulo,"13,582","4,48",BT07,Lalo Spirits,Rotometrics,19/5/2022
,288,45,830-294,D-90,"42,0",*,"140,0",146,3,"3,0",3,1,Rectángulo,"47,667","6,96",,,,
,1029,67,910-297,I-217,"42,0",*,"210,0",236,3,"3,2",5,1,Rectángulo,"42,635","10,06",,Fabrica de Hielo Polo,AW,2/5/2006
,865,72,910-131,I-68,"42,0",*,"225,0",146,3,"3,0",3,1,Rectángulo,"76,000","11,10",,Boop BA0872,,7/3/2003
,1083,72,910-351,I-260,"42,0",*,"225,0",236,3,"3,2",5,1,Rectángulo,"45,635","10,77",,Industrias Wet Line (Propiedad de EEO),AW,26/3/2007
,,76,M-3300-212,,"42,0",*,"236,0",326,3,"5,3",7,1,Rectángulo,"34,471","11,24",BT07,Tecnoglobal,Rotometrics,7/10/2019
,,81,M-3300-330,,"42,0",*,"254,0",146,3,"3,2",3,1,Figura,"85,725","12,52",BB15,Laboratorios Pisa,Rotometrics,21/4/2022
,,86,M-3300-331,,"42,0",*,"269,0",146,3,"4,1",3,1,Figura,"91,017","13,29",BB15,Laboratorios Pisa,Rotometrics,21/4/2022
,,72,M-910-154,,"43,0",*,"25,4",241,"3,0","3,2",5,"3,175",Rectángulo,"5,715","1,38",BT09,Laboratorios Pisa,Rotometrics,10/2/2015
,,58,830-786,,"43,0",*,"43,0",149,3,"3,2",3,4,Cuadrado,"15,392","2,29",,Emerson,AW,30/6/2010
,,72,M-910-159,,"43,0",*,"43,0",241,"3,0","3,0",5,5,Cuadrado,"9,200","2,22",BT01,Etiquetas Electronicas,Rotometrics,10/2/2015
,,72,M-910-331,,"43,0",*,"43,0",241,"3,0","3,0",5,5,Cuadrado,"9,200","2,22",TT15,Mastronardi Produce,Rotometrics,13/7/2020
,,86,M-3300-096,,"43,0",*,"51,0",333,3,"3,6",7,5,Figura,"7,801","2,60",BB16,Mission Hills,Rotometrics,12/1/2017
,,76,M-910-310,,"43,0",*,"57,2",241,"3,0","3,2",5,4,Rectángulo,"12,065","2,91",BB25,Mission Hills,Rotometrics,7/10/2019
,89,43,830-077,A-114,"43,0",*,"66,0",103,3,"4,3",2,2,Medallón,"35,150","3,62",,Medallón,,
,187,46,830-180,C-25,"43,0",*,"70,0",149,3,"3,0",3,2,Rectángulo,"24,333","3,63",,,,
,,92,MD-3030-084,,"43,0",*,"70,0",330,"3,0","3,0",6,4,Rectángulo,"12,171","4,02",PB05,AP Automatización y Cotrol Eléctrico,Rotometrics,26/1/2024
,,104,M-910-039,,"43,0",*,"79,4",241,3,"3,2",5,4,Figura,"16,510","3,98",CS01,Plasticos Tres Erres,Rotometrics,16/8/2012
,643,58,830-666,F-206,"43,0",*,"92,0",149,3,"0,0",3,2,Marbete,"30,667","4,57",,Marbete especial,AW,5/4/2005
,,65,M-910-188,,"43,0",*,"100,0",241,"3,0","3,2",5,2,Rectángulo,"20,638","4,97",PH04,Laboratorios Pïsa,Rotometrics,19/7/2016
,,71,910-528,,"43,0",*,"110,0",241,3,"3,0",5,2,Rectángulo,"22,600","5,45",,Genomma Lab Internacional,AW,7/10/2011
,,76,M-3300-238,,"43,0",*,"117,0",333,3,"4,2",7,2,Figura,"17,307","5,76",BB06,Calavo de México,Rotometrics,13/7/2020
,,78,M-3300-186,,"43,0",*,"120,0",333,3,"3,8",4,2,Figura especial,"30,956","10,31",BB15,Laboratorios pisa (Cambio de 7 a 4 al paso),Rotometrics,21/2/2019
,289,83,830-295,D-91,"43,0",*,"129,0",149,3,"3,0",3,2,Rectángulo,"44,000","6,56",,C.S.,,2/5/2003
,1135,83,910-403,,"43,0",*,"129,0",241,3,"3,2",5,2,Rectángulo,"26,435","6,37",,Productos Farmaceuticos Collins,AW,7/11/2007
,,96,M-3300-245,,"43,0",*,"148,2",333,3,"4,2",7,2,2 figuras,"21,771","7,25",BB06,Calavo de México,Rotometrics,13/7/2020
,,96,M-3300-239,,"43,0",*,"150,0",333,3,"3,0",7,2,2 figuras,"21,857","7,28",BB06,Calavo de México,Rotometrics,13/7/2020
,924,52,910-190,I-119,"43,0",*,"161,0",241,3,"3,0",5,1,Rectángulo,"32,800","7,90",,,,29/6/2004
,,65,M-910-232,,"44,0",*,"31,2",246,"3,0","3,2",5,6,Rectángulo,"6,879","1,69",CS01,Driscolls Operaciones,Rotometrics,4/9/2017
,420,48,830-430,E-124,"44,0",*,"48,0",152,3,"3,1",3,3,Figura,"17,033","2,59",,,,15/2/2001
,,107,MD-3030-030,,"44,0",*,"65,0",330,"3,0","2,9",6,5,Figura,"11,324","3,74",BB33,Tokai de Mexico,Rotometrics,3/10/2022
,,107,MD-3030-048,,"44,0",*,"65,0",330,"3,0","2,9",6,5,Figura,"11,324","3,74",DF1392-1,Tokai de Mexico,Rotometrics,11/7/2023
,1042,53,910-310,I-230,"44,0",*,"81,0",246,3,"3,2",5,2,Rectángulo,"16,835","4,14",,Laboratorios Pisa,AW,2/5/2006
,,81,830-843,,"44,0",*,"83,0",160,"6,35","3,2",3,3,Figura,"28,725","4,60",Green Bay 020CL100340SC,Medtronic Mexico,AW,14/12/2017
,,83,910-508,,"44,0",*,"85,0",246,3,"3,2",5,3,Rectángulo,"17,635","4,34",,Agrosuperior,AW,4/1/2011
,,83,M-3300-017,,"44,0",*,"85,0",340,3,"3,2",7,3,Rectángulo,"12,596","4,28",CS02,Mainland Farms,Rotometrics,19/9/2014
,,96,M-910-093,,"44,0",*,"100,0",246,"3,0","3,0",5,3,Figura,"20,600","5,07",CS02,Embalajes Agricolas Sambramex,Rotometrics,16/12/2013
,156,75,830-148,B-13,"44,0",*,"119,0",106,4,"0,0",2,2,Marbete *,"59,500","6,31",,,,
,,75,830-814,,"44,0",*,"119,0",154,4,"0,0",3,2,Marbete especial,"39,667","6,11",CA15,Barram Manufacturas,AW,5/3/2013
,656,80,830-679,F-219,"44,0",*,"124,0",152,3,"3,2",3,2,Figura,"42,392","6,44",,Mezcal de Gusano (Mezcal Dos Gusanos),AW,1/8/2005
,142,46,830-133,A-170,"44,0",*,"143,0",152,3,"3,0",3,1,Rectángulo,"48,667","7,40",,,,
,544,80,830-559,F-113,"44,0",*,"251,0",152,3,"3,0",3,1,Rectángulo,"84,667","12,87",,C.S.,AW,13/6/2003
,,81,M-3300-412,,"44,5",*,"83,0",211,"6,35","3,2",4,3,Figura,"21,544","4,55",PS01,Medtronic Vascular Galway,Rotometrics,3/10/2022
,983,66,910-251,I-177,"44,5",*,"101,6",249,3,"3,2",5,2,Rectángulo,"20,955","5,22",,Laboratorios Jaloma,AW,16/6/2005
,,51,830-822,,"45,0",*,"20,0",107,3,"3,1",2,7,Rectángulo,"11,565","1,24",BB01,Magna Assembly,AW,8/11/2013
,408,48,830-418,E-110,"45,0",*,"23,0",155,3,"3,0",3,6,Figura,"8,667","1,34",,Prestado Amenidades,,
,,60,H-910-005,,"45,0",*,"24,0",250,0,"0,0",3,8,Especial (Hueco),"8,000","2,00",DN01,Soluciones Medicas Exportacion,AW,3/4/2012
,,63,3300-045,,"45,0",*,"30,2",299,3,"3,2",6,6,Rectángulo,"5,563","1,66",,Mercancias Salubres,AW,7/10/2011
,,57,3300-025,,"45,0",*,"33,0",299,3,"3,2",6,5,Rectángulo,"6,033","1,80",,Genomma Lab,AW,29/11/2010
,,66,910-541,,"45,0",*,"40,0",251,3,"1,8",5,5,Rectángulo,"8,364","2,10",CS01,Fresenius Kabi,AW,23/10/2012
,,72,M-910-417,,"45,0",*,"42,0",251,"3,0","3,7",5,5,Rectángulo,"9,144","2,30",CS40,Laboratorios Pisa,Rotometrics,11/7/2023
,882,61,910-148,I-84,"45,0",*,"45,0",251,3,"3,0",5,4,Circulo,"9,600","2,41",,,C.S.,25/7/2003
,502,50,830-513,F-70,"45,0",*,"50,0",107,3,"3,0",2,3,Rectángulo,"26,500","2,84",,,,3/6/2002
,1097,67,910-365,I-271,"45,0",*,"50,0",251,3,"3,2",5,4,Rectángulo,"10,635","2,67",,Propiedad de EEO,AW,26/3/2006
,986,58,910-254,I-180,"45,0",*,"59,0",251,3,"3,2",5,3,Figura,"12,437","3,12",,Ultrack Products,AW,1/8/2005
,,107,MD-3030-094,,"45,0",*,"65,0",330,"3,0","2,9",6,5,Figura,"11,324","3,74",GC08,Tokai de Mexico,Rotometrics,26/1/2024
,,69,M-3300-127,,"45,0",*,"69,0",347,3,"4,0",7,3,Ovalo,"10,432","3,62",CS27,Planet Berries,Rotometrics,14/12/2017
,326,46,830-332,E-18,"45,0",*,"70,0",107,3,"3,0",2,2,Figura,"36,500","3,91",,,,
,365,49,830-373,E-61,"45,0",*,"74,0",155,3,"3,0",3,2,Rectángulo,"25,667","3,98",,,,
,,98,910-509,,"45,0",*,"75,0",251,3,"3,0",5,4,Rectángulo,"15,600","3,92",,Fresenius Kabi,AW,4/1/2011
,,99,M-3300-272,,"45,0",*,"75,0",347,3,"3,6",7,4,Rectángulo,"11,226","3,90",CS27,Barcel,Rotometrics,13/7/2020
,,99,M-3300-273,,"45,0",*,"75,0",347,3,"3,6",7,4,Rectángulo,"11,226","3,90",BT16,Barcel,Rotometrics,13/7/2020
,,99,M-3300-276,,"45,0",*,"75,0",347,3,"3,6",7,4,Rectángulo,"11,226","3,90",BT25,Barcel,Rotometrics,5/4/2021
,297,52,830-303,D-99,"45,0",*,"80,0",155,3,"2,6",3,2,Figura,"27,533","4,27",,,,30/10/2000
,145,55,830-136,B-1,"45,0",*,"83,0",107,3,"4,0",2,2,Rectángulo,"43,500","4,65",,,,
,140,54,830-131,A-168,"45,0",*,"85,0",143,0,"0,0",3,2,Nav. Punteada,"28,333","4,05",,MARBETE MONTE DE PIEDAD COMPLETA,,
,,96,M-3300-160,,"45,0",*,"99,0",347,3,"3,0",7,3,Rectángulo,"14,571","5,06",BB15,Oculus Technologies,Rotometrics,5/7/2018
,,65,M-910-174,,"45,0",*,"100,0",251,"3,0","3,2",5,2,Rectángulo,"20,638","5,18",CS02,Laboratorios Pisa,Rotometrics,3/9/2015
,,67,M-3300-517,,"45,0",*,"102,0",347,3,"4,4",7,2,Rectángulo,"15,195","5,27",BT07,Tecnoglobal PH7,Rotometrics,26/1/2024
,,102,MD-3030-051,,"45,0",*,"105,0",330,"3,0","3,0",6,3,Rectángulo,"17,992","5,94",BM06,Comercializadora Transfer Naga,Rotometrics,11/7/2023
,,104,M-910-134,,"45,0",*,"107,0",251,"3,0","3,1",5,3,Rectángulo,"22,013","5,53",CS01,Oculus Technologies,Rotometrics,19/9/2014
,,70,M-3300-247,,"45,0",*,"108,0",347,3,"3,1",7,2,Recangulo,"15,875","5,51",BB15,Oculus Technologies,Rotometrics,13/7/2020
,,105,MD-3030-028,,"45,0",*,"108,0",330,"3,0","3,1",6,3,Rectángulo,"18,521","6,11",BB15,Multiservicios Comerciales Fapro,Rotometrics,3/10/2022
,,72,M-3300-283,,"45,0",*,"110,0",347,3,"4,3",7,2,Rectángulo,"16,329","5,67",CS28,Fabrica de Mermeladas,Rotometrics,5/4/2021
,627,76,830-649,F-191,"45,0",*,"118,0",155,3,"3,2",3,2,Rectángulo,"40,392","6,26",,,,17/12/2004
,1064,78,910-332,I-365,"45,0",*,"121,0",203,3,"3,2",4,2,Rectángulo,"31,044","6,30",,Victory Enterprises,AW,28/11/2006
,1118,76,910-386,,"45,0",*,"121,0",239,0,"0,0",5,2,Marbete,"24,200","5,78",,Valvulas Urrea,AW,4/7/2007
,650,81,830-673,F-213,"45,0",*,"126,0",155,3,"3,2",3,2,Figura,"43,058","6,67",,Figura irregular (Esfera División Publicidad),AW,31/5/2005
,416,83,830-426,E-120,"45,0",*,"128,0",107,3,"3,0",2,2,Rectángulo,"65,500","7,01",,,,15/2/2001
,1093,83,910-361,I-268,"45,0",*,"129,0",203,3,"3,2",4,2,Rectángulo,"33,044","6,71",,Propiedad de EEO,AW,26/3/2007
,,86,M-3300-285,,"45,0",*,"134,0",347,3,"2,5",7,2,Rectángulo,"19,504","6,77",BT07,Tecnoglobal,Rotometrics,5/4/2021
,,94,M-3300-143,,"45,0",*,"146,0",299,3,"3,2",6,2,Rectángulo especial (colgador),"24,871","7,44",BB15,Laboratorios pisa,Rotometrics,5/7/2018
,,94,M-3300-144,,"45,0",*,"146,0",299,3,"3,2",6,2,Rectángulo especial (colgador),"24,871","7,44",Avery 77726,Laboratorios pisa,Rotometrics,5/7/2018
,,97,MD-3030-036,,"45,0",*,"150,0",330,"3,0","4,0",6,2,Rectángulo,"25,665","8,47",BM06,Omicronlab,Rotometrics,3/10/2022
,,98,M-830-132,,"45,0",*,"151,0",155,3,"4,6",3,2,Rectángulo,"51,858","8,04",TT28,Jabil Circuit de México,Rotometrics,5/4/2021
,,98,M-830-163,,"45,0",*,"151,0",154,3,"4,6",3,2,Rectángulo,"51,858","7,99",TT06,Flextronics Manufacturing México,Rotometrics,26/1/2024
,,109,M-3300-288,,"45,0",*,"170,0",347,3,"3,0",7,2,Rectángulo,"24,720","8,58",BT07,Tecnoglobal,Rotometrics,5/4/2021
,,111,M-3300-176,,"45,0",*,"171,0",347,3,"5,2",7,2,Rectángulo,"25,173","8,74",CS28,Fabrica de Mermeladas,Rotometrics,21/2/2019
,922,59,910-188,I-117,"45,0",*,"184,0",251,3,"3,0",5,1,Rectángulo,"37,400","9,39",,,,29/6/2004
,90,61,830-078,A-115,"45,0",*,"191,0",155,3,"3,0",3,1,Rectángulo,"64,667","10,02",,,,
,538,65,830-552,F-106,"45,0",*,"203,0",155,3,"3,0",3,1,Rectángulo,"68,667","10,64",,Agua princess,,15/1/2003
,991,67,910-259,I-185,"45,0",*,"210,0",251,3,"3,2",5,1,Rectángulo,"42,635","10,70",,Fabrica de Hielo Polo (Agua Hialina),AW,1/8/2005
,,69,910-548,,"45,0",*,"216,0",251,3,"3,2",5,1,Rectángulo,"43,835","11,00",BB09,Servicios Integrales Speed Line,AW,17/6/2013
,,78,M-3300-207,,"45,0",*,"245,0",347,3,"3,0",7,1,Rectángulo,"35,429","12,29",CS27,Jugos del Valle,Rotometrics,7/10/2019
,1038,83,910-306,I-226,"45,0",*,"260,4",251,3,"3,2",5,1,Rectángulo,"52,705","13,23",,Industrias Wet Line,AW,2/5/2006
,741,64,910-006,A-33,"46,0",*,"25,0",254,4,"0,0",5,8,Marbete,"5,000","1,27",,Marbete sin perforado (perforado 910-036),,
,532,59,830-546,F-100,"46,0",*,"90,0",109,3,"3,0",2,2,Rectángulo,"46,500","5,07",,,,17/10/2002
,,90,M-910-079,,"46,0",*,"93,0",256,3,"2,8",5,3,Figura,"19,150","4,90",CS01,Crisp Greenhouses,Rotometrics,17/6/2013
,,62,3300-067,,"46,0",*,"96,0",354,3,"3,0",7,2,Figura,"14,143","5,01",CS02,Mainland Farms,AW,8/11/2013
,,108,M-3300-274,,"46,0",*,"111,0",305,3,"3,3",6,3,Rectángulo,"19,050","5,81",CS27,Barcel,Rotometrics,13/7/2020
,,108,M-3300-275,,"46,0",*,"111,0",305,3,"3,3",6,3,Rectángulo,"19,050","5,81",BT16,Barcel,Rotometrics,13/7/2020
,,108,M-3300-277,,"46,0",*,"111,0",305,3,"3,3",6,3,Rectángulo,"19,050","5,81",BT25,Barcel,Rotometrics,5/4/2021
,489,83,830-499,F-57,"46,0",*,"129,0",109,3,"3,1",2,2,Ovalo,"66,050","7,20",,,,1/4/2002
,547,85,830-562,F-116,"46,0",*,"132,0",158,3,"3,0",3,2,Rectángulo,"45,000","7,11",,C.S.,AW,13/6/2003
,,96,M-910-033,,"46,0",*,"148,0",256,3,"4,5",5,2,Figura,"30,491","7,81",BT04,Industrias Wet Line,Rotometrics,14/5/2012
,,104,M-910-197,,"46,0",*,"162,0",256,"3,0","3,2",5,2,Rectángulo,"33,035","8,46",BB25,Mission Hills,Rotometrics,19/7/2016
,879,55,910-145,I-81,"46,0",*,"171,0",207,3,"3,0",4,1,Rectángulo,"43,500","9,00",,,AW,15/8/2003
,943,72,910-209,I-138,"46,0",*,"226,0",256,3,"2,6",5,1,Rectángulo,"45,720","11,70",,,C&C,4/8/2004
,884,70,910-150,I-84A,"47,0",*,"0,0",245,0,"0,0",5,1,Navaja,"0,000","0,00",,,C.S.,24/7/2003
,419,50,830-429,E-123,"47,0",*,"37,0",161,3,"3,0",3,4,Figura,"13,333","2,15",,,,15/2/2001
,,76,M-3300-158,,"47,0",*,"57,2",311,3,"3,2",6,4,Figura,"10,054","3,13",CS28,Cultivares Mexicanos,Rotometrics,5/7/2018
,,88,M-3300-022,,"47,0",*,"67,0",311,3,"3,2",6,4,Rectángulo,"11,696","3,64",MT02,Tequila Centinela (Cabrito),Rotometrics,19/9/2014
,,83,M-910-354,,"47,0",*,"85,0",211,"3,0","3,0",4,3,Rectángulo,"22,000","4,64",BT07,Alfa Comercialización de Insumos,Rotometrics,5/4/2021
,,58,M-3300-231,,"47,0",*,"182,0",311,3,"2,2",6,1,Figura,"30,692","9,55",BB25,Mission Hills,Rotometrics,7/10/2019
,644,63,830-667,F-207,"47,0",*,"196,0",161,3,"4,0",3,1,Figura,"66,667","10,73",,Figura especial (Germinieve),AW,30/4/2005
,70,48,830-058,A-94,"48,0",*,"30,0",164,3,"0,0",3,5,Rectángulo,"10,000","1,64",,,,
,748,57,910-013,G-3,"48,0",*,"30,0",215,3,"0,0",4,6,Rectángulo,"7,500","1,61",,,,
,29,50,830-023,A-53,"48,0",*,"40,0",163,"2,5","0,0",3,4,Rectángulo,"13,333","2,17",,,,
,30,50,830-023A,A-54,"48,0",*,"40,0",163,"2,5","0,0",3,4,Rectángulo,"13,333","2,17",,Marbete Berkel UPC,,
,751,75,910-016,G-6,"48,0",*,"40,0",215,3,"0,0",4,6,Rectángulo,"10,000","2,15",,Berkel  (Marbete),,15/2/2001
,788,75,910-055,H-19,"48,0",*,"40,0",218,4,"0,0",4,6,corte de seguridad,"10,000","2,18",,Usar con suaje 910-057,,30/10/2000
,790,75,910-057,H-21,"48,0",*,"40,0",218,4,"0,0",4,6,Rectángulo,"10,000","2,18",,Casa Ley,,30/10/2000
,,68,910-438,,"48,0",*,"40,0",215,3,"3,2",4,5,Rectángulo,"10,794","2,32",,Pilgrim´s Pride,AW,22/8/2008
,,68,M-830-018,,"48,0",*,"40,0",164,3,"3,2",3,5,Rectángulo,"14,393","2,36",TT01,EEO,Rotometrics,10/2/2015
,91,45,830-079,A-116,"48,0",*,"48,0",166,4,"0,0",3,3,Cuadro,"16,000","2,66",,,,
,,64,910-529,,"48,0",*,"48,0",215,3,"2,8",4,4,Círculo,"12,700","2,73",,Mega Empack,AW,7/11/2011
,,96,MD-3030-091,,"48,0",*,"48,0",330,"3,0","3,0",6,6,Círculo,"8,500","2,81",BM06,Comercializadora Transfer Naga,Rotometrics,26/1/2024
,280,51,830-286,D-82,"48,0",*,"51,0",110,0,"0,0",2,3,Rectángulo,"25,500","2,81",,,,
,372,54,830-381,E-69,"48,0",*,"54,0",114,"3,5","3,0",2,3,Rectángulo,"28,500","3,25",,Reposición 29-05-08,,30/10/2000
,,72,M-830-003,,"48,0",*,"54,0",113,3,"3,2",2,4,Rectángulo,"28,575","3,23",TT01,Etiquetas Electrónicas  ,Rotometrics,16/12/2013
,728,49,830-752,,"48,0",*,"75,0",164,3,"3,2",3,2,Figura,"26,058","4,27",,Plasticos la Ardimlla (ojos),AW,3/8/2007
,,80,M-3300-453,,"48,0",*,"81,0",317,3,"3,7",6,3,Figura,"14,111","4,47",CS40,Andrew and Williamson,Rotometrics,11/7/2023
,308,54,830-314,D-110,"48,0",*,"82,0",113,3,"3,0",2,2,Rectángulo,"42,500","4,80",,,,
,414,65,830-424,E-118,"48,0",*,"100,0",114,4,"3,0",2,2,Rectángulo,"51,500","5,87",,,,15/2/2001
,,65,910-510,,"48,0",*,"100,0",215,3,"3,2",4,3,Rectángulo,"25,797","5,55",,EEO,AW,21/2/2011
,,74,M-910-063,,"48,0",*,"114,3",215,3,"3,2",4,2,Ovalo,"29,369","6,31",CS01,Geo Pack,Rotometrics,5/3/2013
,,96,M-3300-334,,"48,0",*,"150,0",317,3,"3,2",6,2,Rectángulo,"25,529","8,09",MT03,Laboratorios Best,Rotometrics,21/4/2022
,,96,M-3300-349,,"48,0",*,"150,0",317,3,"3,2",6,2,Rectángulo,"25,529","8,09",CS11,Laboratorios Best,Rotometrics,21/4/2022
,,96,M-3300-385,,"48,0",*,"150,0",317,3,"3,2",6,2,Rectángulo,"25,529","8,09",CS28,Laboratorios Best,Rotometrics,21/4/2022
,,96,M-910-078,,"48,0",*,"150,0",215,3,"3,2",4,2,Rectángulo,"38,294","8,23",CS01,Laboratorios Best,Rotometrics,17/6/2013
,,97,MD-3030-004,,"48,0",*,"150,0",330,"3,0","4,0",6,2,Rectángulo,"25,665","8,47",MT03,Laboratorios Best,Rotometrics,19/5/2022
,,83,M-3300-469,,"48,0",*,"258,0",317,3,"5,5",6,1,Rectángulo,"43,921","13,92",BB15,Industrializadora Alceda,Rotometrics,11/7/2023
,,89,MD-3030-077,,"48,0",*,"280,0",330,"3,0","3,0",6,1,Rectángulo,"47,167","15,57",BM06,Nutrición Ela,Rotometrics,26/1/2024
,389,54,830-399,E-91,"49,0",*,"19,0",115,"2,5","2,4",2,8,Rectángulo,"10,700","1,23",,,,30/10/2000
,,74,M-910-166,,"49,0",*,"36,0",219,"3,0","3,2",4,6,Figura,"9,790","2,14",CS01,Grande Produce,Rotometrics,15/7/2015
,,65,M-830-045,,"49,0",*,"38,0",167,3,"3,3",3,5,Rectángulo,"13,758","2,30",TT01,Conservas la Costeña,Rotometrics,19/7/2016
,,80,M-3300-009,,"49,0",*,"47,0",323,3,"3,8",6,5,Rectángulo,"8,467","2,73",BB01,Pet de Occidente,Rotometrics,13/3/2014
,,99,MD-3030-058,,"49,0",*,"49,0",330,"3,0","3,4",5,6,Círculo,"10,478","3,46",CS40,Grisi Hnos,Rotometrics,11/7/2023
,,61,910-536,,"49,0",*,"62,0",219,3,"3,1",4,3,Figura,"16,265","3,56",,Tequila Supremo,AW,16/8/2012
,625,61,830-647,F-189,"49,0",*,"65,0",167,3,"0,0",3,3,Rectángulo,"21,667","3,62",,Rectángulo con nuescas y sin gap superior,,17/12/2004
,1061,69,910-329,I-244,"49,0",*,"70,0",219,3,"3,2",4,3,Figura de papaya,"18,294","4,01",,Dist. De Papayas Tapachula (Propiedad de EEO) ,AW,28/11/2006
,,96,M-3300-128,,"49,0",*,"72,0",323,3,"4,6",6,4,Figura,"12,767","4,12",DF828-2,Casa Cuervo,Rotometrics,14/12/2017
,,96,M-3300-519,,"49,0",*,"72,0",323,3,"4,6",6,4,Figura,"12,767","4,12",MT12,Casa Cuervo,Rotometrics,26/1/2024
,,88,M-3300-478,,"49,0",*,"90,0",323,3,"3,1",6,3,Figura,"15,522","5,01",DF1711-1,Cohmedic,Rotometrics,15/12/2023
,167,60,830-161,C-4,"49,0",*,"95,0",169,4,"0,0",3,2,Marbete,"31,667","5,35",, ,,
,1005,73,910-273,I-194,"49,0",*,"113,0",219,3,"3,0",4,2,Figura,"29,000","6,35",,Los Danzantes (Cuello),AW,23/9/2005
,,88,M-3300-057,,"49,0",*,"137,0",323,3,"3,2",6,2,Figura,"23,363","7,55",CS08,Crisp Greenhouses,Rotometrics,15/7/2015
,,64,M-910-320,,"49,0",*,"192,0",217,"3,0","11,2",4,1,Rectángulo,"50,800","11,02",BT07,Colgate Palmolive,Rotometrics,13/7/2020
,814,63,910-080,I-18,"49,0",*,"200,0",210,0,"0,0",4,1,Figura,"50,000","10,50",,Agua Victoria,,
,826,66,910-092,I-31,"49,0",*,"210,0",240,10,"0,0",4,1,Figura,"52,500","12,60",,La Victoria,,
,735,50,830-759,,"50,0",*,"6,0",64,0,"3,2",1,17,Figura (Joyeria),"9,175","0,59",,Mónica Sánchez,AW,14/1/2008
,582,45,830-602,F-149,"50,0",*,"8,0",117,3,"3,0",2,13,Rectángulo,"5,500","0,64",,,,28/4/2004
,,76,M-910-059,,"50,0",*,"10,0",223,3,"3,4",4,18,Rectángulo,"3,351","0,75",PH07,Laboratorios Pisa,Rotometrics,5/3/2013
,,64,M-830-005,,"50,0",*,"20,0",170,3,"3,0",3,9,Rectángulo,"7,667","1,30",TT01,Gemalto de México,Rotometrics,13/3/2014
,,74,M-910-051,,"50,0",*,"20,5",223,3,"3,0",4,10,Figura,"5,874","1,31",CS01,Laboratorios Pisa,Rotometrics,16/8/2012
,768,88,910-033,G-24,"50,0",*,"25,0",202,19,"0,0",3,10,Rectángulo,"8,333","1,68",,Especial TEC,,15/1/2003
,65,55,830-053,A-89,"50,0",*,"32,0",117,3,"3,0",2,5,Rectángulo,"17,500","2,05",,Reposición por desgaste 31-10-05,,31/10/2005
,,68,M-830-147,,"50,0",*,"32,0",117,3,"4,0",2,6,Rectángulo,"17,992","2,11",PL06,Emerson,Rotometrics,3/10/2022
,555,48,830-570,F-122,"50,0",*,"35,0",117,3,"3,0",2,4,Rectángulo,"19,000","2,22",,,C.S.,10/7/2003
,586,49,830-606,F-153,"50,0",*,"36,0",170,3,"3,0",3,4,Figura,"13,000","2,21",,,,28/4/2004
,853,50,910-119,I-58,"50,0",*,"50,0",223,3,"3,0",4,3,Figura,"13,250","2,95",,,,2/6/2002
,928,50,910-194,I-123,"50,0",*,"50,0",223,3,"3,0",4,3,Figura,"13,250","2,95",,,,29/6/2004
,,67,M-910-434,,"50,0",*,"50,0",223,"3,0","3,2",4,4,Figura,"13,295","2,96",CS28,Natural Fruits of América,Rotometrics,26/1/2024
,,92,M-3300-529,,"50,0",*,"55,0",329,3,"3,4",6,5,Rectángulo,"9,737","3,20",CS27,Rv Fresh Foods,Rotometrics,26/1/2024
,,100,MD-3030-039,,"50,0",*,"60,0",330,"3,0","3,5",5,5,Rectángulo,"12,700","4,19",BM06,Max World Trading,Rotometrics,11/7/2023
,1090,64,910-358,I-266,"50,0",*,"65,0",223,3,"3,2",4,3,Ovalo,"17,044","3,80",,Cultivares Mexicanos,AW,26/3/2007
,491,65,830-501,F-59,"50,0",*,"65,8",117,3,"3,0",2,3,Ovalo,"34,400","4,02",,Ovalo con perforación,,3/4/2002
,,66,3300-022,,"50,0",*,"67,0",329,3,"3,2",6,3,Rectángulo,"11,696","3,85",,Carlos Ibarra Rangel,AW,28/9/2010
,,66,M-910-172,,"50,0",*,"67,0",223,"3,0","3,2",4,3,Rectángulo,"17,544","3,91",BT09,Laboratorios Pisa,Rotometrics,15/7/2015
,,68,M-910-391,,"50,0",*,"70,0",223,"3,0","3,0",4,3,Figura (Frente),"18,242","4,07",BT07,Barcel,Rotometrics,21/4/2022
,,68,M-910-392,,"50,0",*,"70,0",223,"3,0","3,0",4,3,Figura (Contra),"18,242","4,07",BT07,Barcel,Rotometrics,21/4/2022
,1040,48,910-308,I-228,"50,0",*,"73,0",223,3,"3,2",4,2,Figura especial,"19,044","4,25",,Ultrak Products,AW,2/5/2006
,490,58,830-500,F-58,"50,0",*,"89,0",117,3,"3,1",2,2,Rectángulo,"46,050","5,39",,,,2/4/2002
,106,65,830-096,A-133,"50,0",*,"100,0",117,3,"3,0",2,2,Rectángulo,"51,500","6,03",,,,
,,65,910-460,,"50,0",*,"100,0",223,3,"3,2",4,2,Rectángulo,"25,797","5,75",,Etiquetas Electrónicas,AW,21/5/2009
,,99,M-3300-477,,"50,0",*,"100,0",329,3,"4,8",6,"4,775",Rectángulo,"17,463","5,75",CS28,Martinez and Sons Prodice,Rotometrics,11/7/2023
,,65,M-910-110,,"50,0",*,"100,0",223,"3,0","3,2",4,2,Rectángulo,"25,797","5,75",TT01,Etiquetas Electrónicas,Rotometrics,13/3/2014
,,65,M-910-433,,"50,0",*,"100,0",223,"3,0","3,2",4,2,Rectangulo con cortes de seguridad,"25,797","5,75",CS28,Thales Dis México,Rotometrics,26/1/2024
,,98,MD-3030-007,,"50,0",*,"100,0",330,"3,0","3,7",5,3,Rectángulo,"20,743","6,85",CS28,Comercializadora Agropecuaria de Degollado,Rotometrics,19/5/2022
,958,64,910-225,I-153,"50,0",*,"102,0",214,0,"0,0",4,2,Figura,"25,500","5,46",,,C&C,17/12/2004
,,66,M-910-207,,"50,0",*,"102,0",223,"3,0","3,2",4,2,Rectángulo,"26,294","5,86",DI04,EEO,Rotometrics,12/1/2017
,,75,M-3300-208,,"50,0",*,"115,0",329,3,"4,1",6,2,Rectángulo,"19,844","6,53",CS11,Laboratorios Best,Rotometrics,7/10/2019
,,83,M-910-184,,"50,0",*,"129,0",223,"3,0","3,2",4,2,Rectángulo,"33,044","7,37",CS02,Laboratorios Pisa,Rotometrics,2/2/2016
,683,82,830-707,F-246,"50,0",*,"130,0",172,4,"0,0",3,2,Marbete especial,"43,333","7,45",,Guardianes de la Bahia,AW,28/11/2006
,1067,84,910-335,I-368,"50,0",*,"130,0",223,3,"3,2",4,2,Rectángulo,"33,294","7,42",,Laboratorios Best (Propiedad de EEO),AW,28/11/2006
,,84,M-910-443,,"50,0",*,"130,2",224,"3,2","3,0",4,2,Rectángulo,"33,294","7,46",DI06,EEO,Rotometrics,26/1/2024
,,87,910-456,,"50,0",*,"135,0",223,3,"3,2",4,2,Rectángulo,"34,544","7,70",,"Bruluagsa, S.A. de C.V. (Suaje modificado de 88T a 87T por solicitud de Bruluagsa a la medida 135mm de largo 26-01-12)",AW,23/4/2009
,,90,M-3300-077,,"50,0",*,"140,0",223,3,"3,0",4,2,Rectángulo (especial con punteado),"35,750","7,97",Green Bay KT105B,Farmacias Guadalajara,Rotometrics,2/2/2016
,931,49,910-197,I-126,"50,0",*,"152,0",223,3,"3,0",4,1,Rectángulo,"38,750","8,64",,Con punteado para dobles,,29/6/2004
,1069,51,910-337,I-248,"50,0",*,"159,0",223,3,"3,2",4,1,Rectángulo,"40,544","9,04",,Laboratorios Best (Propiedad de EEO),AW,28/11/2006
,,56,830-845,,"50,0",*,"175,0",170,3,"3,0",3,1,Rectángulo,"59,333","10,09",TT06,Nattura Laboratorios,AW,5/7/2018
,,112,M-830-130,,"50,0",*,"175,0",116,2,"3,0",2,2,Rectángulo,"89,000","10,32",TT26,Nattura Laboratorios,Rotometrics,5/4/2021
,246,60,830-251,D-48,"50,0",*,"187,0",164,0,"3,0",3,1,Rectángulo,"63,333","10,39",,Jaloma,,15/1/2003
,,60,M-3300-308,,"50,0",*,"187,0",329,3,"3,5",6,1,Rectángulo,"31,750","10,45",BT07,Tecnoglobal,Rotometrics,5/4/2021
,,61,3300-078,,"50,0",*,"190,0",276,3,"3,7",5,1,Figura,"38,735","10,69",PPDL76,Sukarne,AW,5/6/2017
,994,62,910-262,I-187,"50,0",*,"194,0",223,3,"3,0",4,1,Figura,"49,250","10,98",,Figura especial (Fabrica de Hielo Polo),AW,23/9/2005
,426,64,830-436,E-131,"50,0",*,"200,0",119,5,"3,1",2,1,Figura,"101,550","12,08",,,,15/2/2001
,,81,M-3300-309,,"50,0",*,"255,0",329,3,"2,2",6,1,Rectángulo,"42,862","14,10",BT07,Tecnoglobal,Rotometrics,5/4/2021
,,137,M-3300-416,,"50,0",*,"432,0",329,3,"3,2",6,1,Rectángulo especial,"72,529","23,86",BT29,Naturesweet Invernaderos,Rotometrics,3/10/2022
,292,45,830-298,D-94,"51,0",*,"7,0",65,0,"3,0",1,15,Rectángulo,"10,000","0,65",,,,
,291,45,830-297,D-93,"51,0",*,"13,0",119,3,"3,0",2,9,Rectángulo,"8,000","0,95",,Reposición 07-09-07,,
,126,46,830-116,A-153,"51,0",*,"25,0",173,3,"0,0",3,5,Rectángulo especial para hojeado,"8,333","1,44",,,,
,,68,M-910-346,,"51,0",*,"25,0",236,"6,0","5,8",4,7,Rectángulo (Especial se usa con M-910-347),"7,711","1,82",PD09,Altatec de Occidente,Rotometrics,5/4/2021
,,68,M-910-347,,"51,0",*,"25,0",236,"6,0","5,8",4,7,Especial se usa con M-910-346 (Corte por debajo),"7,711","1,82",PD09,Altatec de Occidente,Rotometrics,5/4/2021
,,72,M-3300-078,,"51,0",*,"25,4",335,3,"3,2",6,8,Rectángulo,"4,763","1,60",Green Bay KT105B,Farmacias Guadalajara,Rotometrics,2/2/2016
,,72,M-3300-081,,"51,0",*,"25,4",335,3,"3,2",6,8,Rectángulo,"4,763","1,60",PD09,Etiquetas Electrónicas  ,Rotometrics,14/7/2016
,,72,M-830-002,,"51,0",*,"25,4",173,3,"3,2",3,8,Rectángulo,"9,525","1,65",TT01,Etiquetas Electrónicas  ,Rotometrics,16/12/2013
,,72,M-830-070,,"51,0",*,"25,4",173,3,"3,2",3,8,Rectángulo,"9,525","1,65",PL07,Transformaciones TAF,Rotometrics,4/9/2017
,,72,M-830-073,,"51,0",*,"25,4",173,3,"3,2",3,8,Rectángulo,"9,525","1,65",DI01,Carnes certificadas de Sonora,Rotometrics,4/9/2017
,,72,M-830-074,,"51,0",*,"25,4",173,3,"3,2",3,8,Rectángulo,"9,525","1,65",DI22,Impulsora de Transportes Mexicanos,Rotometrics,14/12/2017
,,72,M-830-080,,"51,0",*,"25,4",173,3,"3,2",3,8,Rectángulo,"9,525","1,65",BB15,EEO,Rotometrics,5/7/2018
,,72,M-830-088,,"51,0",*,"25,4",173,3,"3,2",3,8,Rectángulo,"9,525","1,65",PB01,EEO,Rotometrics,21/2/2019
,,72,M-910-109,,"51,0",*,"25,4",227,"3,0","3,2",4,8,Rectángulo,"7,144","1,62",TT01,Etiquetas Electrónicas,Rotometrics,13/3/2014
,,72,M-910-187,,"51,0",*,"25,4",227,"3,0","3,2",4,8,Rectángulo,"7,144","1,62",Green Bay KT105B,Farmacias Guadalajara,Rotometrics,2/2/2016
,,72,M-910-255,,"51,0",*,"25,4",227,"3,0","3,2",4,8,Rectángulo,"7,144","1,62",CS28,Sun Belle de Mexico,Rotometrics,14/12/2017
,887,88,910-153,I-87,"51,0",*,"26,0",217,0,"0,0",4,10,Rectángulo,"6,500","1,41",,Especial Hojeado Transtherm,AW,11/8/2003
,417,55,830-427,E-121,"51,0",*,"33,0",171,"1,8","3,0",3,5,Rectángulo,"12,000","2,05",,,,15/2/2001
,177,49,830-171,C-15,"51,0",*,"36,0",171,2,"2,0",3,4,Ovalo,"12,667","2,17",,,,
,,59,910-500,,"51,0",*,"44,0",227,3,"3,0",4,4,Rectángulo,"11,750","2,67",,Salud Natural,AW,28/9/2010
,218,51,830-221,D-18,"51,0",*,"51,0",119,3,"3,0",2,3,Rectángulo,"27,000","3,21",,LUIS SALINAS,,
,225,51,830-229,D-26,"51,0",*,"51,0",118,2,"2,0",2,3,Circunferencia,"26,500","3,13",,,,
,635,51,830-657,F-199,"51,0",*,"51,0",119,3,"3,0",2,3,Triangulo,"27,000","3,21",,triangulo girado 45 grados,AW,5/4/2005
,,64,910-571,,"51,0",*,"51,0",230,4,"0,0",4,4,Marbete,"12,750","2,93",PO02,Sukarne,AW,15/7/2015
,,68,M-910-281,,"51,0",*,"51,0",227,"3,0","3,2",4,4,Cuadrado,"13,544","3,07",DI06,EEO,Rotometrics,21/2/2019
,,68,M-910-282,,"51,0",*,"51,0",227,"3,0","3,2",4,4,Cuadrado,"13,544","3,07",TT15,EEO,Rotometrics,21/2/2019
,,68,M-910-444,,"51,0",*,"51,0",227,"3,0","3,2",4,4,Cuadrado,"13,544","3,07",BB15,Agroproductos las Cumbres,Rotometrics,26/1/2024
,891,54,910-157,I-91,"51,0",*,"54,0",227,3,"3,0",4,3,Rectángulo,"14,250","3,23",,C.S.,AW,27/8/2003
,,76,M-910-268,,"51,0",*,"57,0",227,"3,0","3,3",4,4,Rectángulo,"15,081","3,42",PD09,Agroindustrias Quezada,Rotometrics,21/2/2019
,,76,M-3300-051,,"51,0",*,"57,2",335,3,"3,2",6,4,Rectángulo,"10,054","3,37",CS02,Sunbelle de México,Rotometrics,15/7/2015
,233,46,830-237,D-34,"51,0",*,"70,0",171,2,"2,0",3,2,Rectángulo,"24,000","4,10",,,,
,501,45,830-512,F-69,"51,0",*,"73,2",119,3,"3,0",2,2,Rectángulo,"38,100","4,53",,Kodak,,31/5/2002
,,75,M-3300-466,,"51,0",*,"76,2",334,3,"3,2",6,3,Rectángulo,"13,229","4,42",CS28,Mainland Farms,Rotometrics,11/7/2023
,,82,M-910-402,,"51,0",*,"84,0",227,"3,0","3,2",4,3,Rectángulo,"21,794","4,95",TT30,Jabil Circuit de México,Rotometrics,3/10/2022
,,88,M-3300-072,,"51,0",*,"89,0",335,3,"4,1",6,3,Rectángulo,"15,522","5,20",CS02,Embalajes Agricolas Sambramex,Rotometrics,2/2/2016
,,92,M-3300-487,,"51,0",*,"93,0",335,3,"4,4",5,3,Figura,"19,473","6,52",CS28,Project Two México,Rotometrics,26/1/2024
,734,64,830-758,,"51,0",*,"102,0",173,3,"0,0",3,2,Marbete,"34,000","5,88",,Grupo ETS,AW,18/12/2007
,,69,910-516,,"51,0",*,"106,4",227,3,"3,2",4,2,Figura,"27,384","6,22",,MC Wine & Spirit,AW,6/6/2011
,361,74,830-369,E-57,"51,0",*,"114,0",173,3,"3,0",3,2,Rectángulo,"39,000","6,75",,,,
,,75,910-445,,"51,0",*,"116,0",227,3,"3,2",4,2,Rectángulo,"29,794","6,76",,Pharmacos Exacta,AW,8/2/2008
,373,79,830-382,E-70,"51,0",*,"122,0",119,3,"3,4",2,2,Rectángulo,"62,700","7,46",,Especial corte punteado,,30/10/2000
,1004,80,910-272,I-193,"51,0",*,"124,0",227,3,"3,0",4,2,Figura,"31,750","7,21",,Los Danzantes (Cuello),AW,23/9/2005
,,80,M-910-196,,"51,0",*,"124,0",227,"3,0","3,0",4,2,Rectángulo,"31,750","7,21",CS02,Importadora y Manufacturera Bruluart,Rotometrics,19/7/2016
,,83,M-3300-223,,"51,0",*,"127,0",335,3,"4,8",6,2,Rectángulo,"21,960","7,36",CS27,Del Campo y Asociados,Rotometrics,7/10/2019
,,98,M-910-261,,"51,0",*,"152,4",227,"3,0","3,2",4,2,Rectángulo,"38,894","8,83",Avery 00145,Medtronic,Rotometrics,5/7/2018
,49,52,830-041,A-73,"51,0",*,"160,0",173,3,"3,0",3,1,Rectángulo,"54,333","9,40",,Para Equipo Fedora,,
,,108,M-3300-442,,"51,0",*,"168,0",334,3,"3,5",6,2,Rectángulo,"28,575","9,54",BT07,Lafon Launay Cosmetics,Rotometrics,11/7/2023
,,108,MD-3030-087,,"51,0",*,"168,0",330,"3,0","3,5",5,2,Rectángulo,"34,290","11,32",BM06,Lafon Manufacturing,Rotometrics,26/1/2024
,485,65,830-495,F-53,"51,0",*,"203,0",119,3,"3,1",2,1,Rectángulo,"103,050","12,26",,,,28/3/2002
,1047,65,910-315,I-233,"51,0",*,"203,0",227,3,"3,2",4,1,Rectángulo,"51,544","11,70",,Agua Crystal del Bajío (Propiedad de EEO),AW,28/11/2006
,215,68,830-218,D-15,"51,0",*,"213,0",171,2,"2,0",3,1,Rectángulo,"71,667","12,26",,,,
,,69,M-830-043,,"51,0",*,"216,0",173,3,"3,2",3,1,Rectángulo,"73,058","12,64",TT01,Etiquetas Electrónicas,Rotometrics,19/7/2016
,947,82,910-214,I-143,"51,0",*,"257,0",227,3,"3,4",4,1,Rectángulo,"65,088","14,77",,,AW,28/9/2004
,1129,85,910-397,,"51,0",*,"267,0",227,3,"3,2",4,1,Rectángulo,"67,544","15,33",,Fernan Heriberto Gonzalez,AW,3/9/2007
,,170,M-FA17-010,,"51,0",*,"533,0",443,3,"6,8",8,1,Rectángulo especial (Se usa con M-FA17-011),"67,469","29,89",DI36,Grupo Aeroportuario del Pacífico,Rotometrics,11/7/2023
,,170,M-FA17-011,,"51,0",*,"533,0",443,3,"6,8",8,1,Cortes por debajo (Se usa con M-FA17-010),"67,469","29,89",DI36,Grupo Aeroportuario del Pacífico,Rotometrics,11/7/2023
,,170,M-FA17-012,,"51,0",*,"533,0",443,3,"6,8",8,1,Rectángulo especial (Se usa con M-FA17-013),"67,469","29,89",PD08,Grupo Aeroportuario del Pacífico,Rotometrics,26/1/2024
,,170,M-FA17-013,,"51,0",*,"533,0",443,3,"6,8",8,1,Cortes por debajo (Se usa con M-FA17-012),"67,469","29,89",PD08,Grupo Aeroportuario del Pacífico,Rotometrics,26/1/2024
,,170,M-FA17-014,,"51,0",*,"533,0",443,3,"6,8",8,1,Rectángulo especial (Se usa con M-FA17-015),"67,469","29,89",PD11,Grupo Aeroportuario del Pacífico,Rotometrics,26/1/2024
,,170,M-FA17-015,,"51,0",*,"533,0",443,3,"6,8",8,1,Cortes por debajo (Se usa con M-FA17-014),"67,469","29,89",PD11,Grupo Aeroportuario del Pacífico,Rotometrics,26/1/2024
,,55,830-768,,"52,0",*,"26,0",176,3,"3,2",3,6,Rectángulo,"9,725","1,71",,C&A de México,AW,22/9/2008
,444,57,830-454,F-13,"52,0",*,"42,0",176,3,"3,0",3,4,Figura,"15,000","2,64",,,,22/6/2001
,,74,M-910-357,,"52,0",*,"75,1",231,"3,0","3,2",4,3,Figura,"19,579","4,52",CS28,Crisp Greenhouses,Rotometrics,5/4/2021
,,90,M-910-290,,"52,0",*,"140,0",231,"3,0","3,0",4,2,Rectángulo,"35,750","8,26",CS28,Importadora y Manufacturera Bruluart,Rotometrics,21/2/2019
,,151,M-3300-263,,"52,0",*,"476,0",341,3,"3,2",6,1,Rectángulo,"79,863","27,23",BB15,Reid de México,Rotometrics,13/7/2020
,,151,M-3300-134,,"52,0",*,"476,3",341,3,"3,2",6,1,Rectángulo,"79,904","27,25",BT20,Reid de México,Rotometrics,14/12/2017
,,151,M-3300-354,,"52,0",*,"476,3",341,3,"3,2",6,1,Rectángulo,"79,904","27,25",BT28,Reid de México,Rotometrics,21/4/2022
,1105,57,910-373,,"52,2",*,"178,0",232,3,"3,2",4,1,Rectángulo,"45,294","10,51",,Sukarne,AW,4/7/2007
,,74,M-910-076,,"53,0",*,"35,3",123,3,"3,9",2,6,Rectángulo,"19,579","2,41",CS01,Bodylogic,Rotometrics,17/6/2013
,,83,M-3300-509,,"53,0",*,"63,0",347,3,"3,0",6,4,Figura,"11,000","3,82",CS28,Fruits Giddings,Rotometrics,26/1/2024
,,78,M-3300-479,,"53,0",*,"79,0",347,3,"3,6",6,3,Figura,"13,758","4,77",BB45,Cohmedic,Rotometrics,26/1/2024
,,65,M-910-133,,"53,0",*,"100,0",235,"3,0","3,2",4,2,Rectángulo,"25,797","6,06",GC01,Unipharm de México,Rotometrics,19/9/2014
,,94,M-3300-147,,"53,0",*,"146,0",347,3,"3,2",6,2,Rectángulo especial (colgador),"24,871","8,63",Avery 77726,Laboratorios pisa,Rotometrics,5/7/2018
,,94,M-3300-148,,"53,0",*,"146,0",347,3,"3,2",6,2,Rectángulo especial (colgador),"24,871","8,63",BB15,Laboratorios pisa,Rotometrics,5/7/2018
,,94,M-3300-168,,"53,0",*,"146,0",347,3,"3,2",6,2,Figura especial,"24,871","8,63",BB15,Laboratorios Pisa,Rotometrics,21/2/2019
,,94,M-910-330,,"53,0",*,"146,0",235,"3,0","3,2",4,2,Figura con cortes internos,"37,306","8,77",BB15,Laboratorios Pisa,Rotometrics,13/7/2020
,,103,MD-3030-074,,"53,0",*,"160,0",330,"3,0","3,5",5,2,Rectángulo,"32,703","10,79",CS40,Platafora ADN,Rotometrics,11/7/2023
,,59,M-3300-265,,"53,0",*,"184,0",347,3,"3,3",6,1,Rectángulo,"31,221","10,83",CS28,Productos Tajin,Rotometrics,13/7/2020
,,118,M-4200-008,,"53,0",*,"184,0",403,3,"3,3",7,2,Rectángulo,"26,761","10,78",CS28,Productos Tajín,Rotometrics,5/4/2021
,,81,910-549,,"53,0",*,"254,0",235,3,"3,2",4,1,Rectángulo,"64,294","15,11",BB09,Servicios Integrales Speed Line,AW,17/6/2013
,1030,90,910-298,I-218,"53,0",*,"283,0",235,3,"3,2",4,1,Rectángulo,"71,544","16,81",,Fabrica de Hielo Polo,AW,2/5/2006
,120,53,830-110,A-147,"54,0",*,"18,0",125,3,"3,0",2,8,Rectángulo,"10,500","1,31",,,,
,,74,M-910-037,,"54,0",*,"22,0",239,3,"4,1",4,9,4 Figuras,"6,526","1,56",Avery 19133,Jugos del Valle (Pruebas),Rotometrics,14/5/2012
,521,49,830-535,F-89,"54,0",*,"23,0",125,3,"3,1",2,6,Figura,"13,050","1,63",,,,13/8/2002
,,51,830-785,,"54,0",*,"30,0",183,"3,175","2,4",3,5,Rectángulo,"10,796","1,98",,Matec,AW,3/5/2010
,,98,M-910-131,,"54,0",*,"41,0",182,"3,0","3,5",3,7,Figura,"14,817","2,70",CS01,Bodylogic,Rotometrics,19/9/2014
,599,45,830-619,F-166,"54,0",*,"44,5",182,3,"3,2",3,3,Rectángulo,"15,883","2,89",,,AW,2/8/2004
,,90,M-3300-001,,"54,0",*,"54,0",353,3,"3,2",6,5,Figura,"9,529","3,36",CS01,Agricola el Rosal,Rotometrics,23/10/2012
,,90,M-3300-136,,"54,0",*,"54,0",293,3,"3,2",5,5,Figura,"11,435","3,35",CS27,Alpasa Farms,Rotometrics,14/12/2017
,1086,74,910-354,I-263,"54,0",*,"56,0",239,3,"3,2",4,4,Especial,"14,794","3,54",,Wirgly´s (Propiedad de EEO),AW,26/3/2007
,,85,M-3300-440,,"54,0",*,"64,0",296,3,"4,0",5,4,Rectángulo,"13,594","4,02",BB06,Royal SYL Ventures México,Rotometrics,11/7/2023
,,77,830-835,,"54,0",*,"76,0",125,3,"5,5",2,3,Rectángulo (se usa con 830-836),"40,746","5,09",PD04,Altatec de Occidente,AW,14/7/2016
,,77,830-836,,"54,0",*,"76,0",125,3,"5,5",2,3,Ponchado (se usa con 830-835),"40,746","5,09",PD04,Altatec de Occidente,AW,14/7/2016
,,80,M-910-161,,"54,0",*,"82,0",239,"3,0","2,7",4,3,Rectángulo,"21,167","5,06",CS01,Laboratorios Pisa,Rotometrics,10/2/2015
,,80,M-910-395,,"54,0",*,"82,0",239,"3,0","2,7",4,3,Rectángulo,"21,167","5,06",BB06,Laboratorios Pisa,Rotometrics,21/4/2022
,1145,96,M-910-002,,"54,0",*,"89,0",239,3,"12,6",4,3,Rectángulo,"25,400","6,07",CS22,Kodak de Mexico (Suaje magnetico),Rotometrics,4/7/2007
,1062,69,910-330,I-245,"54,0",*,"107,0",239,3,"3,0",4,2,Ovalo,"27,500","6,57",,Productora Clinimex,AW,28/11/2006
,,73,910-506,,"54,0",*,"113,0",239,3,"2,9",4,2,Ovalo,"28,972","6,92",,Agrosuperior,AW,29/11/2010
,,91,3300-043,,"54,0",*,"286,0",353,3,"3,2",6,1,Rectángulo,"48,196","17,01",,Mega Empack,AW,7/10/2011
,871,92,910-137,I-73,"54,0",*,"289,0",239,3,"3,0",4,1,Rectángulo,"73,000","17,45",,P/Boop Transp BA0873 C.D.C.,,7/3/2003
,,74,M-910-319,,"55,0",*,"15,0",243,"3,0","3,1",4,13,Rectángulo con cortes de seguridad,"4,518","1,10",SG08,Omnilife Manufactura,Rotometrics,13/7/2020
,,61,M-910-398,,"55,0",*,"21,0",243,"3,0","3,2",4,8,Figura,"6,052","1,47",BT07,Agros,Rotometrics,3/10/2022
,593,48,830-613,F-160,"55,0",*,"35,0",185,3,"3,0",3,4,Rectángulo,"12,667","2,34",,,,29/6/2004
,,64,910-511,,"55,0",*,"40,0",246,4,"0,0",4,5,Figura especial,"10,000","2,46",,(Corporacion Tectronic) Marbete corte completo,AW,21/2/2011
,,68,M-910-165,,"55,0",*,"40,0",243,"3,0","3,2",4,5,Figura,"10,795","2,62",CS02,Sun Belle de Mexico,Rotometrics,15/7/2015
,957,50,910-224,I-152,"55,0",*,"50,0",185,3,"3,2",3,3,Figura,"17,725","3,28",,,AW,17/12/2004
,,74,M-3300-290,,"55,0",*,"55,0",301,3,"3,7",5,4,Figura,"11,748","3,54",CS28,Mainland Farms,Rotometrics,5/4/2021
,,55,830-781,,"55,0",*,"55,0",185,3,"3,2",3,3,Circulo,"19,403","3,59",,Media Bureau,AW,1/10/2009
,,80,M-3300-467,,"55,0",*,"60,0",301,3,"3,5",5,4,Rectángulo,"12,700","3,82",CS28,Mainland Farms,Rotometrics,11/7/2023
,,80,M-910-438,,"55,0",*,"60,0",243,"3,0","3,5",4,4,Figura,"15,875","3,86",CS28,Fruits Giddings,Rotometrics,26/1/2024
,,68,M-830-061,,"55,0",*,"69,0",185,3,"3,0",3,3,Rectángulo,"24,000","4,44",DI04,Flextronics Manufacturing,Rotometrics,5/6/2017
,,68,M-910-143,,"55,0",*,"69,0",243,"3,0","3,0",4,3,Rectángulo,"17,992","4,37",CS01,Pisa Agropecuaria,Rotometrics,10/2/2015
,,76,M-910-019,,"55,0",*,"75,0",243,3,"5,4",4,3,Ovalo,"20,100","4,88",CS22,Cultivares Mexicanos,Rotometrics,5/6/2008
,143,53,830-134,A-171,"55,0",*,"81,0",127,3,"3,0",2,2,Figura,"42,000","5,33",,Class & Class,,
,1098,83,910-366,F-301,"55,0",*,"85,0",243,3,"3,2",4,3,Rectángulo,"22,044","5,36",,Robles Ochoa Jesus (Propiedad de EEO),AW,26/3/2007
,,59,910-520,,"55,0",*,"90,0",243,3,"3,7",4,2,Figura,"23,416","5,69",,Empacadora de Mangos de Exportación,AW,2/7/2011
,,63,M-830-107,,"55,0",*,"95,0",127,3,"5,0",2,2,Rectángulo,"50,006","6,35",WI04,Tequila las Americas,Rotometrics,7/10/2019
,989,74,910-257,I-183,"55,0",*,"115,0",243,3,"3,2",4,2,Rectángulo,"29,544","7,18",,Laboratorios Best ,AW,1/8/2005
,,79,910-551,,"55,0",*,"122,2",243,3,"3,2",4,2,Rectángulo,"31,353","7,62",BT01,Bodylogic,AW,16/8/2013
,,80,M-3300-368,,"55,0",*,"122,2",301,3,"4,8",5,2,Rectángulo,"25,400","7,65",BT07,Mucci Internacional Maketing,Rotometrics,21/4/2022
,950,94,910-217,I-146,"55,0",*,"146,0",243,3,"3,2",4,2,Rectángulo,"37,294","9,06",,Laboratorios Best,AW,19/10/2004
,,94,M-3300-344,,"55,0",*,"146,0",301,3,"3,2",5,2,Rectángulo,"29,835","8,98",CS11,Laboratorios Best,Rotometrics,21/4/2022
,,94,M-3300-379,,"55,0",*,"146,1",301,3,"3,2",5,2,Rectángulo,"29,845","8,98",CS28,Laboratorios Best,Rotometrics,21/4/2022
,431,55,830-441,E-136,"55,0",*,"171,0",127,3,"3,1",2,1,Rectángulo,"87,050","11,06",,,,15/022001
,,56,910-413,,"55,0",*,"175,0",243,3,"3,2",4,1,Dos figuras en el mismo suaje,"44,544","10,82",,Armando Garcia Garcia (2 Rectángulos en el mismo suaje),AW,3/3/2008
,902,69,910-168,I-102,"55,0",*,"216,0",185,3,"3,0",3,1,Rectángulo,"73,000","13,51",,,AW,
,,78,910-423,,"55,0",*,"244,5",243,3,"3,2",4,1,Rectángulo,"61,919","15,05",,Industrias Wet Line,AW,15/5/2008
,,89,MD-3030-063,,"55,0",*,"280,0",330,"3,0","3,0",5,1,Rectángulo,"56,600","18,68",BM06,Nutrición Ela,Rotometrics,11/7/2023
,,66,M-910-177,,"56,0",*,"32,0",247,"3,0","2,9",4,6,Rectángulo,"8,731","2,16",CS02,Laboratorios Pisa,Rotometrics,27/10/2015
,125,52,830-115,A-152,"56,0",*,"52,0",129,3,"3,0",2,3,Rectángulo,"27,500","3,55",,,,
,,88,M-3300-279,,"56,0",*,"67,0",306,3,"2,9",5,4,Rectángulo,"13,970","4,27",BT25,Barcel,Rotometrics,5/4/2021
,,72,M-3300-086,,"56,0",*,"72,0",306,3,"4,2",5,3,Figura,"15,240","4,66",FLX056712,Colgate Palmolive,Rotometrics,14/7/2016
,115,63,830-105,A-142,"56,0",*,"197,0",129,3,"3,0",2,1,Rectángulo,"100,000","12,90",,Sierra Azul,,
,921,80,910-187,I-348,"56,0",*,"251,0",247,3,"3,0",4,1,Rectángulo,"63,500","15,68",,,,29/6/2004
,,65,M-830-097,,"57,0",*,"31,0",131,3,"3,4",2,6,Rectángulo,"17,198","2,25",DI13,Promotora Mexicana Gaitan,Rotometrics,21/2/2019
,,92,M-910-123,,"57,0",*,"35,0",251,"3,0","3,1",4,6,Rectángulo,"9,525","2,39",BT09,Laboratorios Pisa,Rotometrics,23/5/2014
,840,65,910-106,I-45,"57,0",*,"45,0",199,7,"6,5",3,4,Rectángulo,"17,167","3,42",,,,30/10/2000
,1071,67,910-339,I-249,"57,0",*,"50,0",251,3,"3,2",4,4,Figura,"13,294","3,34",,Destiladora de la Barranca (Propiedad de EEO),AW,28/11/2006
,,90,M-910-099,,"57,0",*,"54,0",251,"3,0","3,2",4,5,Figura,"14,294","3,59",CS01,Sun Belle de Mexico,Rotometrics,13/3/2014
,210,57,830-213,D-10,"57,0",*,"57,0",131,3,"3,0",2,3,Circunferencia,"30,000","3,93",,,,
,1130,57,910-398,,"57,0",*,"57,0",251,3,"3,3",4,3,Cuadrado,"15,081","3,79",,Comercial VH,AW,8/10/2007
,,76,M-3300-016,,"57,0",*,"57,0",311,3,"3,3",5,4,Cuadrado,"12,065","3,75",CS02,Mainland Farms,Rotometrics,19/9/2014
,,76,M-3300-369,,"57,0",*,"57,0",311,3,"3,3",5,4,Rectángulo,"12,065","3,75",BT07,Mainland Farms,Rotometrics,21/4/2022
,,72,M-830-067,,"57,0",*,"57,0",131,3,"3,3",2,4,Cuadrado,"30,163","3,95",TT01,EEO,Rotometrics,4/9/2017
,,95,MD-3030-035,,"57,0",*,"57,0",330,"3,0","3,3",5,5,Cuadrado,"12,065","3,98",CS40,Roma Insumos,Rotometrics,3/10/2022
,,76,M-910-092,,"57,0",*,"57,2",251,"3,0","3,2",4,4,Figura,"15,081","3,79",CS02,Embalajes Agricolas Sambramex,Rotometrics,16/12/2013
,,76,M-910-138,,"57,0",*,"57,2",251,"3,0","3,2",4,4,Figura,"15,081","3,79",CS01,Embalajes Agricolas Sambramex,Rotometrics,19/9/2014
,,104,M-FA17-001,,"57,0",*,"64,0",431,3,"3,0",7,5,Figura (Se usa con M-FA17-002),"9,571","4,13",CS27,Mastronardi Produce,Rotometrics,19/5/2022
,,104,M-FA17-002,,"57,0",*,"64,0",431,3,"3,0",7,5,Figura (Se usa con M-FA17-001),"9,571","4,13",CS27,Mastronardi Produce,Rotometrics,19/5/2022
,,64,M-3300-261,,"57,0",*,"64,0",311,3,"3,7",5,3,Rectángulo,"13,547","4,21",BT07,Mastronardi Produce,Rotometrics,13/7/2020
,,64,M-3300-294,,"57,0",*,"64,0",311,3,"4,2",5,3,Figura (Contra)(Se usa con M-3300-295 corte por arriba),"13,647","4,24",BB33,Mastronardi Produce,Rotometrics,5/4/2021
,,64,M-3300-295,,"57,0",*,"64,0",311,3,"4,2",5,3,Figura (Contra)(Se usa con M-3300-294 corte por debajo),"13,647","4,24",BB33,Mastronardi Produce,Rotometrics,5/4/2021
,,64,M-3300-302,,"57,0",*,"64,0",311,3,"4,2",5,3,Figura (Contra)(Se usa con M-910-303 corte por arriba),"13,647","4,24",CS28,Mastronardi Produce,Rotometrics,5/4/2021
,,64,M-3300-303,,"57,0",*,"64,0",311,3,"4,2",5,3,Figura (Contra)(Se usa con M-910-302 corte por debajo),"13,647","4,24",CS28,Mastronardi Produce,Rotometrics,5/4/2021
,,64,M-3300-402,,"57,0",*,"64,0",311,3,"3,7",5,3,Figura,"13,547","4,21",CS28,Embalajes Agricolas Sambramex,Rotometrics,3/10/2022
,,64,M-3300-435,,"57,0",*,"64,0",311,3,"3,7",5,3,Figura,"13,547","4,21",CS37,Giant Berry Farms de México,Rotometrics,11/7/2023
,,69,M-3300-220,,"57,0",*,"70,0",311,3,"3,0",5,3,Rectángulo,"14,605","4,54",BT07,Mastronardi Produce,Rotometrics,7/10/2019
,,69,M-830-126,,"57,0",*,"70,0",131,3,"3,0",2,3,Rectángulo,"36,513","4,78",TT06,Mastronardi Produce,Rotometrics,5/4/2021
,,75,M-3300-360,,"57,0",*,"76,2",311,3,"3,2",5,3,Rectángulo,"15,875","4,94",CS28,Mastronardi Produce,Rotometrics,21/4/2022
,,76,M-910-233,,"57,0",*,"78,0",251,"3,0","3,0",4,3,Ovalo,"20,250","5,08",BT13,Naturesweet Invernaderos,Rotometrics,4/9/2017
,,80,M-3300-007,,"57,0",*,"82,0",311,3,"3,0",5,3,Figura,"17,000","5,29",CS02,Mucci Internacional,Wink,16/12/2013
,,81,M-3300-520,,"57,0",*,"83,0",311,3,"3,0",5,3,Rectángulo,"17,200","5,35",CS28,Mucci Internacional Maketing,Rotometrics,26/1/2024
,667,57,830-691,F-230,"57,0",*,"87,3",131,3,"3,2",2,2,Figura,"45,244","5,93",,Corporación Tectronic,AW,20/10/2005
,1077,58,910-345,I-255,"57,0",*,"89,0",251,3,"3,2",4,2,Rectángulo,"23,044","5,78",,Gobierno del Estado de San Luis (Propiedad de EEO),AW,28/11/2006
,,88,M-3300-025,,"57,0",*,"90,0",311,3,"3,2",5,3,Figura,"18,635","5,80",BT01,Mastronardi Produce,Rotometrics,19/9/2014
,118,58,830-108,A-145,"57,0",*,"92,0",131,3,"0,0",2,2,Rectángulo,"46,000","6,03",,TEC,,
,880,60,910-146,I-82,"57,0",*,"92,0",191,3,"3,0",3,2,Rectángulo,"31,667","6,05",,,C.S.,21/6/2003
,,90,M-3300-071,,"57,0",*,"93,0",311,3,"2,5",5,3,Figura,"19,108","5,94",BT01,Mastronardi Produce,Rotometrics,2/2/2016
,139,61,830-130,A-167,"57,0",*,"94,0",131,3,"3,0",2,2,Figura,"48,500","6,35",,GARDEL,,
,,64,910-497,,"57,0",*,"99,0",251,3,"3,2",4,2,Rectángulo,"25,544","6,41",,Prodictos Farmaceuticos Collins,AW,29/7/2010
,,64,M-3300-527,,"57,0",*,"99,0",311,3,"3,0",5,2,Figura,"20,400","6,34",BB15,Alpine Fresh,Rotometrics,26/1/2024
,,99,M-3300-070,,"57,0",*,"102,0",311,3,"2,8",5,3,Figura,"20,955","6,52",BT01,Sociedad Hidroponica de Tlapanala,Rotometrics,27/10/2015
,,99,M-3300-084,,"57,0",*,"102,0",311,3,"2,8",5,3,Figura (corte a dos niveles),"20,955","6,52",CU03,Mastronardi Produce,Rotometrics,14/7/2016
,,99,M-3300-103,,"57,0",*,"102,0",311,3,"2,8",5,3,Figura (corte a dos niveles),"20,955","6,52",CU01,Mastronardi Produce,Rotometrics,12/1/2017
,,99,M-3300-129,,"57,0",*,"102,0",311,3,"2,8",5,3,Figura,"20,956","6,52",CS28,Mastronardi Produce,Rotometrics,14/12/2017
,,99,M-3300-180,,"57,0",*,"102,0",311,3,"2,8",5,3,Rectángulo,"20,955","6,52",BT07,Mastronardi Produce,Rotometrics,21/2/2019
,,99,M-3300-357,,"57,0",*,"102,0",311,3,"2,8",5,3,Rectángulo,"20,955","6,52",WI08,Mastronardi Produce,Rotometrics,21/4/2022
,,99,M-3300-390,,"57,0",*,"102,0",311,3,"2,8",5,3,Figura (corte a dos niveles),"20,955","6,52",CU01 (Cambio a CS40),Mastronardi Produce,Rotometrics,3/10/2022
,,67,M-3300-522,,"57,0",*,"102,0",311,3,"4,4",5,2,Rectángulo,"21,273","6,62",CS28,Mastronardi Produce,Rotometrics,26/1/2024
,,70,M-3300-450,,"57,0",*,"108,0",311,3,"3,2",5,2,Figura,"22,235","6,92",BB15,Royal SYL Ventures México,Rotometrics,11/7/2023
,,70,M-3300-455,,"57,0",*,"108,0",311,3,"3,2",5,2,Figura,"22,235","6,92",BB15,Royal SYL Ventures México,Rotometrics,11/7/2023
,,78,910-559,,"57,0",*,"120,7",251,3,"3,2",4,2,Figura,"30,956","7,77",CS01,Embalajes Agricolas Sambramex,AW,13/3/2014
,945,83,910-211,I-140,"57,0",*,"128,6",251,3,"3,2",4,2,Figura,"32,939","8,27",,,C&C,28/9/2004
,,104,M-3300-182,,"57,0",*,"160,0",311,3,"5,1",5,2,Rectángulo,"33,020","10,27",MT03,Laboratorios Best,Rotometrics,21/2/2019
,,103,MD-3030-096,,"57,0",*,"160,0",330,"3,0","3,5",5,2,Rectángulo,"32,703","10,79",BM06,Asesoría y Desarrollo de Productos Naturistas,Rotometrics,26/1/2024
,,104,M-910-088,,"57,0",*,"162,0",251,"3,0","3,2",4,2,Rectángulo,"41,294","10,36",MT02,Bodylogic,Rotometrics,8/11/2013
,,104,M-910-201,,"57,0",*,"162,0",251,"3,0","3,2",4,2,Rectángulo,"41,294","10,36",PF02,Productos Farmaceuticos Collins,Rotometrics,12/1/2017
,,104,M-910-257,,"57,0",*,"162,0",251,"3,0","3,2",4,2,Rectángulo,"41,294","10,36",CS28,Productos Farmaceuticos Collins,Rotometrics,14/12/2017
,,104,M-910-369,,"57,0",*,"162,0",251,"3,0","3,2",4,2,Rectángulo,"41,294","10,36",BB15,Administración de Insumos para la Salud,Rotometrics,21/4/2022
,1126,56,910-394,,"57,0",*,"175,0",245,0,"0,0",4,1,Rectángulo con cortes punteados,"43,750","10,72",,Amcor de Mexico ,AW,10/8/2007
,296,60,830-302,D-98,"57,0",*,"187,0",131,3,"3,0",2,1,figura,"95,000","12,45",,,,30/10/2000
,,92,910-450,,"57,0",*,"289,0",191,3,"3,2",3,1,Rectángulo especial,"97,392","18,60",,Plasticos la Ardimlla,AW,20/3/2009
,492,77,830-502,F-60,"58,0",*,"37,5",133,3,"3,1",2,6,Rectángulo,"20,300","2,70",,,,20/5/2002
,116,68,830-106,A-143,"58,0",*,"40,0",133,3,"3,0",2,5,Rectángulo,"21,500","2,86",,,,
,,68,M-910-390,,"58,0",*,"40,0",255,"3,0","3,2",4,5,Rectángulo,"10,795","2,75",DI28,Fernando Perez Villanueva,Rotometrics,21/4/2022
,476,57,830-486,F-44,"58,0",*,"58,0",132,2,"2,3",2,3,Rectángulo,"30,150","3,98",,,,17/3/2002
,,99,M-3300-087,,"58,0",*,"59,0",316,3,"3,9",5,5,Figura,"12,573","3,97",BB16,Colgate Palmolive,Rotometrics,14/7/2016
,,78,M-3300-249,,"58,0",*,"78,0",316,3,"4,3",5,3,Ovalo,"16,464","5,20",BT13,NatureSweet Invernaderos,Rotometrics,13/7/2020
,,78,910-473,,"58,0",*,"80,0",255,3,"3,0",4,3,Rectángulo,"20,750","5,29",,Laboratorios Pisa,AW,30/11/2009
,878,84,910-144,I-80,"58,0",*,"130,0",194,3,"3,0",3,2,Rectángulo,"44,333","8,60",,C.S.,AW,13/6/2003
,358,52,830-366,E-54,"58,0",*,"162,0",133,3,"3,0",2,1,Rectángulo,"82,500","10,97",,,,20/7/2000
,,104,910-454,,"58,0",*,"162,0",255,3,"3,2",4,2,Rectángulo,"41,294","10,53",,Famesa,AW,30/3/2009
,,60,M-3300-287,,"58,0",*,"187,0",316,3,"3,5",5,1,Rectángulo,"38,100","12,04",BT07,Tecnoglobal,Rotometrics,5/4/2021
,,74,910-524,,"58,0",*,"232,0",255,3,"3,2",4,1,Rectángulo,"58,794","14,99",,Mexicana de Lubricantes,AW,23/8/2011
,,85,M-3300-297,,"58,0",*,"266,0",316,3,"3,9",5,1,Rectángulo,"53,975","17,06",BT07,Tecnoglobal,Rotometrics,5/4/2021
,,94,M-3300-109,,"58,0",*,"295,0",316,3,"3,5",5,1,Rectángulo,"59,690","18,86",MT02,Bodylogic International,Rotometrics,5/6/2017
,,114,M-3300-486,,"58,0",*,"360,0",316,3,"3,0",5,1,Rectángulo,"72,600","22,94",BB15,Industrializadora Alceda,Rotometrics,26/1/2024
,,56,910-469,,"58,7",*,"25,4",249,0,"0,0",4,7,Especial,"6,350","1,58",,Soluciones Medicas Exportacion,AW,11/9/2009
,,54,830-795,,"59,0",*,"25,4",73,0,"3,2",1,6,Figura,"28,575","2,09",,Monica Sánchez (Joyería),AW,6/6/2011
,,64,H-910-001,,"59,0",*,"25,4",250,0,"0,0",4,8,Especial (Hueco),"6,350","1,59",DN01,Soluciones Medicas Exportacion,AW,23/8/2011
,,80,M-910-265,,"59,0",*,"29,0",173,"3,0","3,0",3,8,Rectángulo,"10,667","1,85",BB29,Fresenius Medical Care,Rotometrics,5/7/2018
,,59,3300-029,,"59,0",*,"59,3",321,3,"3,2",5,3,Figura,"12,495","4,01",,Agrosuperior,AW,28/2/2011
,,72,M-3300-425,,"59,0",*,"73,2",321,3,"3,0",5,3,Figura,"15,240","4,89",MT07,Casa Cuervo,Rotometrics,3/10/2022
,1003,85,910-271,I-192,"59,0",*,"131,4",259,3,"3,5",4,2,Figura,"33,735","8,74",,Los Danzantes (Cuello),AW,23/9/2005
,1025,53,910-293,I-213,"59,0",*,"165,0",259,3,"3,2",4,1,Rectángulo,"42,044","10,89",,Surs de México,AW,2/5/2006
,,69,M-910-210,,"59,0",*,"217,0",197,"3,0","2,7",3,1,Rectángulo,"73,233","14,43",MT02,Bodylogic International,Rotometrics,5/6/2017
,612,45,830-632,F-176,"60,0",*,"11,0",137,3,"3,3",2,10,Rectángulo,"7,144","0,98",,Conceptos de alta expresion,,25/10/2004
,572,45,830-590,F-139,"60,0",*,"15,0",137,3,"3,0",2,8,Rectángulo,"9,000","1,23",,Transtherm,AW,15/3/2004
,,72,M-3300-190,,"60,0",*,"15,1",330,4,"4,0",5,12,Figura con cortes de seguridad,"3,810","1,26",CS33,Jugos del Valle,Rotometrics,21/2/2019
,,72,M-910-126,,"60,0",*,"15,1",138,"4,0","4,0",2,12,Figura,"9,525","1,31",DF497,Jugos del Valle (Pruebas),Rotometrics,19/9/2014
,,72,M-910-279,,"60,0",*,"15,1",200,"4,0","4,0",3,12,Figura,"6,350","1,27",CS33,Jugos Del Valle,Rotometrics,21/2/2019
,,66,M-910-431,,"60,0",*,"23,0",200,"3,0","3,2",3,8,Figura,"8,731","1,75",CS28,Tequilera BSC,Rotometrics,26/1/2024
,,68,M-830-103,,"60,0",*,"27,3",137,3,"3,5",2,7,Rectángulo,"15,421","2,11",BB06,EEO,Rotometrics,21/2/2019
,,68,M-830-104,,"60,0",*,"27,3",137,3,"3,5",2,7,Rectángulo,"15,421","2,11",TT06,EEO,Rotometrics,21/2/2019
,907,52,910-173,I-107,"60,0",*,"30,0",200,3,"3,0",3,5,Rectángulo,"11,000","2,20",,,AW,15/3/2004
,,96,M-910-028,,"60,0",*,"40,0",263,3,"3,5",4,7,Figura,"10,886","2,86",CS22,Barcel,Rotometrics,2/4/2011
,,69,3300-049,,"60,0",*,"52,0",263,3,"3,0",4,4,Rectángulo,"13,758","3,62",,Pet de Occidente,AW,28/1/2012
,,76,M-3300-242,,"60,0",*,"57,0",326,3,"3,3",5,4,Figura,"12,065","3,93",CS28,Intermationmal Baskets,Rotometrics,13/7/2020
,,76,M-3300-489,,"60,0",*,"57,0",326,3,"3,3",5,4,Figura,"12,065","3,93",CS28,Project Two México,Rotometrics,26/1/2024
,103,60,830-092,A-130,"60,0",*,"60,0",137,3,"3,0",2,3,Circunferencia,"31,500","4,32",,,,
,,60,910-531,,"60,0",*,"60,0",200,3,"3,2",3,3,Figura,"21,058","4,21",,Mainland Farms,AW,7/11/2011
,,80,M-3300-029,,"60,0",*,"60,0",326,3,"3,5",5,4,Circulo,"12,700","4,14",CS28,Embalajes Agricolas Sambramex,Rotometrics,10/2/2015
,,80,M-3300-069,,"60,0",*,"60,0",326,3,"3,5",5,4,Figura,"12,700","4,14",CS02,Embalajes Agricolas Sambramex,Rotometrics,27/10/2015
,,80,M-3300-082,,"60,0",*,"60,0",326,3,"3,5",5,4,Cuadrado,"12,700","4,14",PL93A,Colgate Palmolive,Rotometrics,14/7/2016
,,80,M-3300-352,,"60,0",*,"60,0",326,3,"3,5",5,4,Circulo,"12,700","4,14",BT07,Orora de México,Rotometrics,21/4/2022
,,80,M-3300-376,,"60,0",*,"60,0",326,3,"3,5",5,4,Figura,"12,700","4,14",CS27,Alpasa Farms,Rotometrics,21/4/2022
,,80,M-3300-407,,"60,0",*,"60,0",326,3,"3,5",5,4,Cuadrado,"12,700","4,14",BB15,Naturesweet Invernaderos,Rotometrics,3/10/2022
,,80,M-3300-530,,"60,0",*,"60,0",326,3,"3,5",5,4,Círcilo,"12,700","4,14",BB15,NatureSweet Invernaderos,Rotometrics,26/1/2024
,,80,M-3300-222,,"60,0",*,"60,3",326,3,"3,2",5,4,Cuadrado,"12,700","4,14",CS28,Sun Belle de Mexico,Rotometrics,7/10/2019
,,80,M-910-183,,"60,0",*,"60,3",200,"3,0","3,2",3,4,Figura,"21,167","4,23",BT04,Minland Farms,Rotometrics,2/2/2016
,305,64,830-311,D-107,"60,0",*,"65,0",137,3,"3,0",2,3,Rectángulo,"34,000","4,66",,Repetición 06-03-08,,
,,64,M-3300-013,,"60,0",*,"65,0",326,3,"3,0",5,3,Rectángulo,"13,600","4,43",BT01,Etiquetas Electrónicas,Rotometrics,13/3/2014
,32,52,830-025,A-56,"60,0",*,"80,0",137,3,"2,0",2,2,Rectángulo,"41,000","5,62",,,,
,,78,M-3300-372,,"60,0",*,"80,0",263,3,"2,6",4,3,2 figuras (Frente y reverso),"20,638","5,43",BT07,Barcel,Rotometrics,21/4/2022
,987,53,910-255,I-181,"60,0",*,"81,0",200,3,"3,2",3,2,Figura,"28,058","5,61",,Ultrack Products,AW,1/8/2005
,,83,M-910-314,,"60,0",*,"85,0",200,"3,0","3,2",3,3,Rectángulo,"29,392","5,88",BT07,Soluciones Agricolas de Guzman,Rotometrics,7/10/2019
,780,59,910-047,H-12,"60,0",*,"90,0",200,3,"3,0",3,2,Rectángulo,"31,000","6,20",,Famesa,,
,946,57,910-213,I-142,"60,0",*,"90,5",200,3,"0,0",3,2,Marbete,"30,163","6,03",,,C&C,28/9/2004
,669,62,830-693,F-232,"60,0",*,"98,0",137,3,"3,4",2,2,2 Figuras,"50,700","6,95",,(Garibay Innarra - Tequila don Vito),AW,2/5/2006
,,64,M-910-439,,"60,0",*,"98,0",200,"3,0","3,6",3,2,Rectángulo,"33,867","6,77",PH16,Laboratorios Pisa,Rotometrics,26/1/2024
,1036,65,910-304,I-224,"60,0",*,"100,0",200,3,"3,2",3,2,Rectángulo,"34,392","6,88",,Productos Farmaceuticos Collins,AW,2/5/2006
,685,66,830-709,F-248,"60,0",*,"102,0",137,3,"3,2",2,2,Rectángulo,"52,588","7,20",,Productora Clinimex (Reposición 03-10-08),AW,28/11/2006
,,67,M-3300-488,,"60,0",*,"103,0",326,3,"3,4",5,2,Figura,"21,273","6,93",CS28,Project Two México,Rotometrics,26/1/2024
,473,73,830-483,F-41,"60,0",*,"113,0",137,3,"3,0",2,2,Figura,"58,000","7,95",,,,14/3/2002
,948,78,910-215,I-144,"60,0",*,"121,0",200,3,"2,8",3,2,Rectángulo,"41,275","8,26",,Con Perforaciones de dobles,AW,28/9/2004
,,82,830-837,,"60,0",*,"127,0",137,3,"3,2",2,2,Rectángulo,"65,088","8,92",TT01,Altatec de Occidente,AW,14/7/2016
,777,83,910-044,H-9,"60,0",*,"129,0",137,3,"3,0",2,2,Figura,"66,000","9,04",,Mermelada,,
,274,84,830-280,D-76,"60,0",*,"130,0",137,3,"3,0",2,2,Rectángulo,"66,500","9,11",,,,
,437,84,830-447,F-6,"60,0",*,"133,0",138,4,"0,0",2,2,Marbete,"66,500","9,18",,Perez,,22/6/2001
,,86,910-565,,"60,0",*,"133,4",200,3,"3,2",3,2,Rectángulo,"45,508","9,10",CS02,Oculus Technologies,AW,19/9/2014
,,85,910-558,,"60,0",*,"135,0",202,4,"0,0",3,2,Marbete especial,"45,000","9,09",DF501,Barram Manufacturas,AW,13/3/2014
,,89,910-444,,"60,0",*,"138,2",200,3,"3,2",3,2,Rectángulo,"47,125","9,43",,Pharmacos Exacta,AW,8/2/2008
,,95,910-562,,"60,0",*,"148,0",200,3,"3,0",3,2,Rectángulo,"50,333","10,07",MT02,Bodylogic,AW,19/9/2014
,,103,MD-3030-071,,"60,0",*,"160,0",330,"3,0","3,5",4,2,Rectángulo,"40,878","13,49",CS40,Asesoría y Desarrollo de Productos Naturistas,Rotometrics,11/7/2023
,,104,M-3300-292,,"60,0",*,"162,0",326,3,"3,1",5,2,Rectángulo,"33,020","10,76",BM07,Laboratorios Madian,Rotometrics,5/4/2021
,168,52,830-162,C-5,"60,0",*,"165,0",134,0,"0,0",2,1,Corbata,"82,500","11,06",,Corbata,,
,484,54,830-494,F-52,"60,0",*,"168,0",137,3,"3,0",2,1,Rectángulo,"85,500","11,71",,,,27/3/2002
,,109,MD-3030-022,,"60,0",*,"169,0",330,"3,0","4,0",4,2,Rectángulo,"43,259","14,28",BB15,Pickle Corporation,Rotometrics,19/5/2022
,,109,M-3300-321,,"60,0",*,"170,0",326,3,"6,2",5,3,Rectángulo,"35,243","11,49",BB15,Administración de Insumos para la Salud,Rotometrics,5/4/2021
,276,57,830-282,D-78,"60,0",*,"177,0",137,3,"3,0",2,1,Rectángulo,"90,000","12,33",,,,
,,114,M-3300-471,,"60,0",*,"177,5",326,3,"3,5",5,2,Rectángulo,"36,195","11,80",GC01,Baja Veg,Rotometrics,11/7/2023
,,114,M-3300-370,,"60,0",*,"178,0",326,3,"3,0",5,2,Rectángulo,"36,195","11,80",CS28,Fabrica de Mermeladas,Rotometrics,21/4/2022
,,122,MD-3030-011,,"60,0",*,"190,0",330,"3,0","3,7",5,2,Rectángulo,"38,735","12,78",BM06,Nutrición Ela,Rotometrics,19/5/2022
,494,73,830-504,F-62,"60,0",*,"229,0",137,3,"3,0",2,1,Rectángulo,"116,000","15,89",,,,22/5/2002
,,80,M-910-127,,"60,0",*,"250,0",200,"3,0","4,0",3,1,Figura,"84,667","16,93",CS01,Vaserco,Rotometrics,19/9/2014
,876,81,910-142,I-78,"60,0",*,"254,0",200,3,"3,0",3,1,Rectángulo,"85,667","17,13",,C.S.,AW,13/6/2003
,812,82,910-078,I-16,"60,0",*,"257,0",200,3,"3,0",3,1,Rectángulo,"86,667","17,33",,Agua princess,,15/1/2003
,995,83,910-263,I-354,"60,0",*,"260,4",200,3,"3,2",3,1,Figura,"87,842","17,57",,Figura especial (Fabrica de Hielo Polo),AW,23/9/2005
,993,89,910-261,I-353,"60,0",*,"279,0",200,3,"3,6",3,1,Rectángulo,"94,192","18,84",,Fabrica de Hielo Polo,AW,23/9/2005
,,70,M-3300-507,,"60,0",*,"283,0",326,3,"3,0",5,1,Rectángulo,"57,200","18,65",BT07,Tecnoglobal PH7,Rotometrics,26/1/2024
,,74,M-3300-500,,"60,3",*,"36,0",328,3,"3,5",5,6,Figura,"7,892","2,59",BB44,Agriempack Internacional,Rotometrics,26/1/2024
,,70,H-910-004,,"60,3",*,"32,0",250,0,"0,0",4,7,Especial (Hueco),"8,000","2,00",DN01,Soluciones Medicas Exportacion,AW,23/8/2011
,,65,M-910-246,,"60,3",*,"38,1",201,"3,0","3,2",3,5,Rectángulo,"13,758","2,77",DF553-1,Medtronic de México,Rotometrics,14/12/2017
,,80,M-3300-114,,"60,4",*,"60,5",329,3,"3,0",5,4,Figura,"12,700","4,18",CS01,Driscolls Operaciones,Rotometrics,4/9/2017
,20,48,830-016,A-20,"61,0",*,"47,0",139,3,"3,0",2,3,Rectángulo c/s,"25,000","3,48",,Reposición 20-06-08,,
,747,64,910-012,G-2,"61,0",*,"47,0",203,3,"3,0",3,4,Rectángulo ter,"16,667","3,38",,,,
,,76,M-3300-141,,"61,0",*,"57,0",331,3,"3,3",5,4,Rectángulo,"12,065","3,99",CS28,Sun Belle de Mexico,Rotometrics,5/7/2018
,,80,M-3300-031,,"61,0",*,"61,0",331,3,"2,5",5,4,Figura,"12,700","4,20",CS02,Embalajes Agricolas Sambramex,Rotometrics,10/2/2015
,,81,M-3300-433,,"61,0",*,"61,0",331,3,"3,3",5,4,Figura (Diamante),"12,859","4,26",CS37,Mainland Farms,Rotometrics,11/7/2023
,,61,3300-053,,"61,0",*,"61,4",331,3,"3,2",5,3,Figura especial,"12,915","4,27",,Cool Pak,AW,3/4/2012
,,74,M-3300-187,,"61,0",*,"75,3",331,3,"3,0",5,3,Figura,"15,663","5,18",CS28,Fruits Giddings,Rotometrics,21/2/2019
,,68,M-830-160,,"61,0",*,"105,0",139,3,"3,0",2,2,Rectángulo,"53,975","7,50",TT36,Thales Dis México,Rotometrics,26/1/2024
,798,49,910-064,I-2,"61,0",*,"124,0",203,3,"0,0",3,2,Triangulo,"41,333","8,39",,C.S.,,2/5/2003
,,76,3300-030,,"62,0",*,"56,3",336,3,"4,0",5,4,Figura,"12,065","4,05",,Sunbelle de México,AW,6/6/2011
,,76,M-3300-323,,"62,0",*,"56,3",336,3,"4,0",5,4,Figura,"12,065","4,05",DF1420-1,Sun Belle México,Rotometrics,5/4/2021
,,76,M-910-014,,"62,0",*,"56,3",206,3,"4,0",3,4,Figura,"20,108","4,14",CS22,Sun Belle de Mexico,Rotometrics,17/4/2008
,,83,M-3300-061,,"62,0",*,"62,0",336,3,"3,9",5,4,Figura,"13,176","4,43",BT01,NatureSweet Invernaderos,Rotometrics,3/9/2015
,,83,M-3300-178,,"62,0",*,"62,0",336,3,"3,9",5,4,Circulo,"13,176","4,43",BT13,Naturesweet Invernaderos,Rotometrics,21/2/2019
,,104,M-910-145,,"62,0",*,"62,0",206,"3,0","4,0",3,5,Figura,"22,013","4,53",BT01,NatureSweet Invernaderos,Rotometrics,10/2/2015
,534,51,830-548,F-102,"62,0",*,"81,0",141,3,"0,0",2,2,Figura,"40,500","5,71",,,,15/1/2003
,963,54,910-230,I-158,"62,0",*,"82,0",206,3,"3,7",3,2,Figura,"28,575","5,89",,,C&C,27/1/2005
,845,60,910-111,I-50,"62,0",*,"92,0",207,"3,3","3,0",3,2,Ovalo,"31,667","6,56",,,,22/6/2001
,,72,M-3300-523,,"62,0",*,"110,0",336,3,"4,3",5,2,Rectángulo,"22,860","7,68",BB26,Proteína Animal,Rotometrics,26/1/2024
,,90,M-3300-161,,"62,0",*,"140,0",336,3,"3,0",5,2,Rectángulo,"28,600","9,61",BB27,Oculus Technologies,Rotometrics,5/7/2018
,,61,M-910-262,,"62,0",*,"190,5",206,"3,0","3,2",3,1,Rectángulo,"64,558","13,30",CS28,Salud Natural Mexicana,Rotometrics,5/7/2018
,571,64,830-589,F-138,"62,0",*,"200,0",141,3,"3,0",2,1,Rectángulo,"101,500","14,31",,,AW,24/12/2003
,,81,M-3300-264,,"62,0",*,"254,0",336,3,"3,2",5,1,Rectángulo,"51,435","17,28",CS28,Productos Tajin,Rotometrics,13/7/2020
,,75,M-830-042,,"63,0",*,"11,0",80,0,"3,0",1,17,Figura (joyería),"14,007","1,12",BB06,Monica Sánchez,Rotometrics,2/2/2016
,,75,M-830-057,,"63,0",*,"11,0",80,0,"3,0",1,17,Figura (Joyeria),"14,007","1,12",TY01,EEO,Rotometrics,5/6/2017
,,75,M-830-116,,"63,0",*,"11,0",80,0,"3,0",1,17,Figura (joyería),"14,007","1,12",BB11,Monica Sánchez,Rotometrics,13/7/2020
,45,44,830-037,A-69,"63,0",*,"17,0",77,0,"3,0",1,7,Moño,"20,000","1,54",,,,
,,63,M-830-040,,"63,0",*,"22,0",80,0,"3,0",1,8,Figura (joyería),"25,003","2,00",BB06,Monica Sánchez,Rotometrics,2/2/2016
,,63,M-830-047,,"63,0",*,"22,0",80,0,"3,0",1,8,Figura (joyería),"25,003","2,00",BB11,Monica Sánchez,Rotometrics,19/7/2016
,,63,M-830-063,,"63,0",*,"22,0",80,0,"3,0",1,8,Figura (Joyeria),"25,003","2,00",BB11,EEO,Rotometrics,5/6/2017
,,63,M-830-068,,"63,0",*,"22,0",80,0,"3,0",1,8,Figura (Joyería),"25,003","2,00",PL07,Mónica Sánchez,Rotometrics,4/9/2017
,333,45,830-339,E-27,"63,0",*,"25,0",143,3,"3,0",2,5,Rectángulo,"14,000","2,00",,,,17/7/2000
,,64,M-3300-221,,"63,0",*,"31,0",275,3,"2,9",4,6,2 figuras (frente y contra),"8,467","2,33",CS28,Laboratorios Jaloma,Rotometrics,7/10/2019
,,86,M-3300-228,,"63,0",*,"50,0",341,3,"4,6",5,5,Figura,"10,922","3,72",BM07,Mission Hills,Rotometrics,7/10/2019
,351,54,830-359,E-46,"63,0",*,"54,0",143,3,"3,2",2,3,Rectángulo,"28,600","4,09",,Rectángulo Especial Usar C/830-367,,20/7/2000
,,83,M-3300-073,,"63,0",*,"63,0",341,3,"2,9",5,4,Figura,"13,176","4,49",CS08,Planet Berries,Rotometrics,2/2/2016
,,83,M-3300-197,,"63,0",*,"63,0",341,3,"2,9",5,4,Cuadrado,"13,176","4,49",CS28,Fruits Giddings,Rotometrics,21/2/2019
,,83,M-3300-236,,"63,0",*,"63,0",341,3,"2,9",5,4,Cuadrado,"13,176","4,49",BB06,Calavo de México,Rotometrics,13/7/2020
,,83,M-3300-252,,"63,0",*,"63,0",341,3,"2,9",5,4,Cuadrado,"13,176","4,49",BT07,Mastronardi Produce,Rotometrics,13/7/2020
,,104,MD-3030-026,,"63,0",*,"63,0",330,"3,0","3,0",4,5,Rectángulo,"16,510","5,45",BT07,Roma Insumos,Rotometrics,19/5/2022
,,76,M-3300-533,,"63,0",*,"77,0",341,3,"3,4",5,3,Figura (Manzana),"16,087","5,49",CU01,Mastronardi Produce,Rotometrics,26/1/2024
,1103,77,910-371,,"63,0",*,"78,4",209,3,"3,2",3,3,Marbete,"27,192","5,68",,Botas establo (corte completo para cartoncillo),AW,4/7/2007
,,66,830-827,,"63,0",*,"102,0",143,3,"3,2",2,2,Rectángulo,"52,588","7,52",TT01,ICU Medical,AW,19/9/2014
,263,73,830-269,D-65,"63,0",*,"113,0",146,6,"3,0",2,2,Figura,"58,000","8,47",,Su mesa,,
,,74,M-3300-106,,"63,0",*,"113,0",341,3,"4,5",5,2,Figura,"23,495","8,01",CS06,Fabrica de Mermeladas,Rotometrics,5/6/2017
,,78,M-910-322,,"63,0",*,"120,0",80,"0,0","3,8",1,2,Rectángulo,"123,825","9,91",WI04,123 Spirits,Rotometrics,13/7/2020
,1023,78,910-291,I-211,"63,0",*,"121,0",209,3,"3,2",3,2,Figura especial,"41,392","8,65",,Zear International,AW,2/5/2006
,,81,M-3300-428,,"63,0",*,"125,0",341,3,"3,6",5,2,Figura,"25,718","8,77",DF1612-1,Casa Tradición,Rotometrics,3/10/2022
,254,41,830-260,D-56,"63,0",*,"127,0",143,3,"3,0",2,1,Rectángulo,"65,000","9,30",,OJO: HACER ARMADOS AL DOBLE CON 82T,,
,176,46,830-170,C-14,"63,0",*,"142,0",143,3,"4,0",2,1,Rectángulo,"73,000","10,44",,,,
,951,92,910-218,F-302,"63,0",*,"142,8",209,3,"3,3",3,2,Rectángulo,"48,683","10,17",,Suaje con mas repeticiones que el 830-170,AW,19/10/2004
,249,61,830-254,D-51,"63,0",*,"190,0",143,3,"3,0",2,1,Rectángulo,"96,500","13,80",,,,
,,154,MD-3030-089,,"63,0",*,"240,0",330,"3,0","4,5",4,2,Rectángulo,"61,119","20,17",BB15,NB Foods,Rotometrics,26/1/2024
,,99,M-3300-328,,"63,0",*,"311,0",341,3,"3,3",5,1,Rectángulo,"62,865","21,44",BB15,Plásticos Irisagua,Rotometrics,21/4/2022
,306,104,830-312,D-108,"63,0",*,"327,0",142,2,"1,0",2,1,Figura,"164,000","23,29",,,,30/10/2000
,,76,M-3300-306,,"63,5",*,"57,0",344,3,"3,3",5,4,Figura (Se usa con M-3300-307)(Corte por arriba),"12,065","4,15",CS28,Mastronardi Produce,Rotometrics,5/4/2021
,,76,M-3300-307,,"63,5",*,"57,0",344,3,"3,3",5,4,Figura (Se usa con M-3300-306)(Corte por debajo),"12,065","4,15",CS28,Mastronardi Produce,Rotometrics,5/4/2021
,1104,82,910-372,,"63,5",*,"127,0",211,3,"3,2",3,3,Rectángulo,"43,392","9,16",,EEO,AW,4/7/2007
,,69,M-830-090,,"64,0",*,"15,0",145,3,"3,3",2,12,Rectángulo,"9,128","1,32",TT06,EEO,Rotometrics,21/2/2019
,19,42,830-015,A-19,"64,0",*,"19,0",145,3,"3,0",2,6,Rectángulo,"11,000","1,60",,,,
,395,44,830-405,E-97,"64,0",*,"32,0",145,3,"3,0",2,4,Rectángulo,"17,500","2,54",,,,
,,62,910-503,,"64,0",*,"36,2",212,3,"3,2",3,5,Figura,"13,123","2,78",,Comercializadora Tramonto,AW,1/11/2010
,180,60,830-173,C-18,"64,0",*,"38,0",146,4,"0,0",2,5,Marbete,"19,000","2,77",,,,
,784,60,910-051,H-15,"64,0",*,"38,0",214,4,"0,0",3,5,Marbette,"12,667","2,71",,,,
,,65,M-830-022,,"64,0",*,"38,1",145,3,"3,2",2,5,Rectángulo,"20,638","2,99",TT01,EEO,Rotometrics,10/2/2015
,,65,M-910-223,,"64,0",*,"38,1",145,"3,0","3,2",2,5,Rectángulo,"20,638","2,99",WI04,Tanteo Spirits México,Rotometrics,5/6/2017
,,130,M-440-006,,"64,0",*,"38,1",413,"3,0","3,2",6,10,Rectángulo,"6,879","2,84",TT37,North Star,Rotometrics,26/1/2024
,234,47,830-239,D-36,"64,0",*,"47,0",145,3,"3,0",2,3,Rectángulo,"25,000","3,63",,MZ,,
,,63,910-547,,"64,0",*,"47,0",212,3,"3,2",3,4,Rectángulo,"16,725","3,55",TT01,Etiquetas Electrónicas,AW,17/6/2013
,,68,M-3300-366,,"64,0",*,"51,0",344,3,"3,2",5,4,Rectángulo,"10,835","3,73",CS28,Mastronardi Produce,Rotometrics,21/4/2022
,,68,M-910-385,,"64,0",*,"51,0",211,"3,0","3,2",3,4,Rectángulo,"18,058","3,81",DI06,Grupo West Pack,Rotometrics,21/4/2022
,,94,M-FA17-003,,"64,0",*,"57,0",410,3,"3,0",6,5,Figura (Se usa con M-FA17-004),"10,000","4,10",CS27,Mastronardi Produce,Rotometrics,19/5/2022
,,94,M-FA17-004,,"64,0",*,"57,0",410,3,"3,0",6,5,Figura (Se usa con M-FA17-003),"10,000","4,10",CS27,Mastronardi Produce,Rotometrics,19/5/2022
,62,63,830-050,A-86,"64,0",*,"64,0",145,3,"3,0",2,3,Cuadrado,"33,500","4,86",,Repisición 29-09-08,,
,,64,M-3300-032,,"64,0",*,"64,0",346,3,"3,7",5,3,Figura,"13,547","4,69",CS02,Embalajes Agricolas Sambramex,Rotometrics,10/2/2015
,,64,M-3300-124,,"64,0",*,"64,0",346,3,"3,7",5,3,Cuadrado,"13,547","4,69",CS27,Grupo del Monte,Rotometrics,4/9/2017
,,64,M-3300-432,,"64,0",*,"64,0",346,3,"3,7",5,3,Cuadrado,"13,547","4,69",BB06,Agrícola de Fuerte,Rotometrics,11/7/2023
,,64,M-3300-451,,"64,0",*,"64,0",346,3,"3,7",5,3,Figura,"13,547","4,69",BB15,Royal SYL Ventures México,Rotometrics,11/7/2023
,,108,MD-3030-095,,"64,0",*,"65,0",330,"3,0","3,6",4,5,Figura,"17,145","5,66",GC08,Tokai de Mexico,Rotometrics,26/1/2024
,,92,M-3300-499,,"64,0",*,"70,0",346,3,"3,2",5,4,Rectángulo,"14,635","5,06",CS28,Martinez and Sons Prodice,Rotometrics,26/1/2024
,,75,M-3300-365,,"64,0",*,"76,2",277,3,"3,2",4,3,Rectángulo,"19,844","5,50",CS28,Mastronardi Produce,Rotometrics,21/4/2022
,194,55,830-197,C-33,"64,0",*,"84,0",142,0,"0,0",2,2,Trapezoide,"42,000","5,96",,,,
,,87,3300-039,,"64,0",*,"89,0",346,3,"3,2",5,3,Rectángulo,"18,435","6,38",,Envasadora de Aguas de México,AW,6/6/2011
,,99,M-3300-534,,"64,0",*,"102,0",346,3,"3,0",5,3,Rectángulo,"21,000","7,27",BT07,Mastronardi Produce,Rotometrics,26/1/2024
,537,71,830-551,F-105,"64,0",*,"110,0",145,3,"3,0",2,2,Figura,"56,500","8,19",,,,15/1/2003
,39,73,830-032,A-63,"64,0",*,"113,0",145,3,"3,0",2,2,Rectángulo,"58,000","8,41",,,,
,40,73,830-032A,A-64,"64,0",*,"113,0",145,3,"3,0",2,2,Rectángulo,"58,000","8,41",,,,
,,82,M-910-272,,"64,0",*,"127,0",212,"3,0","3,2",3,2,Rectángulo,"43,392","9,20",CS28,EEO,Rotometrics,21/2/2019
,,86,M-3300-384,,"64,0",*,"134,0",344,3,"3,0",5,2,Rectángulo,"27,405","9,43",CS28,Henkel Capital,Rotometrics,21/4/2022
,1000,89,910-268,I-357,"64,0",*,"138,0",212,3,"3,2",3,2,Rectángulo,"47,058","9,98",,Salud Natural Mexicana,AW,23/9/2005
,,88,910-430,,"64,0",*,"140,0",214,4,"0,0",3,2,Marbete,"46,667","9,99",,Ganfer Sociedad Agricola,AW,25/6/2008
,540,51,830-554,F-108,"64,0",*,"159,0",145,3,"3,0",2,1,Figura,"81,000","11,75",,Figura (El Pato),,15/1/2003
,259,52,830-265,D-61,"64,0",*,"162,0",145,3,"3,0",2,1,Rectángulo,"82,500","11,96",,,,
,1111,52,910-379,,"64,0",*,"162,0",212,3,"3,1",3,1,Rectángulo,"55,033","11,67",,EEO,AW,4/7/2007
,,86,M-3300-195,,"64,0",*,"267,0",279,3,"6,1",4,1,Rectángulo,"68,263","19,05",WI04,Tanteo Spirits,Rotometrics,21/2/2019
,815,90,910-081,I-19,"64,0",*,"285,8",206,0,"0,0",3,1,Figura,"95,250","19,62",,Agua Victoria,,
,811,94,910-077,I-15,"64,0",*,"298,0",226,10,"0,0",3,1,Figura,"99,333","22,45",,La Victoria,,
,,200,4200-001,,"64,0",*,"632,0",413,3,"3,0",6,1,Rectángulo,"105,833","43,71",BT20,Envases Universales,AW,28/9/2022
,108,201,830-098,A-135,"65,0",*,"21,0",163,19,"10,0",2,5,Rectángulo,"15,500","2,53",,,,
,,68,M-830-125,,"65,0",*,"40,0",147,3,"3,2",2,5,Rectángulo,"21,590","3,17",PH11,Altatec de Occidente,Rotometrics,5/4/2021
,,74,M-830-127,,"65,0",*,"43,0",147,3,"4,0",2,5,Rectángulo,"23,495","3,45",CS11,Altatec de Occidente,Rotometrics,5/4/2021
,,82,M-3300-480,,"65,0",*,"49,0",351,3,"3,1",5,5,Figura,"10,414","3,66",BM06,Agrícola Montaña Azul,Rotometrics,26/1/2024
,329,62,830-335,E-21,"65,0",*,"63,0",147,3,"3,0",2,3,Rectángulo,"33,000","4,85",,,,
,,62,910-415,,"65,0",*,"63,0",215,3,"3,0",3,3,Rectángulo con un círculo,"22,000","4,73",,José Pablo Moreno Velasco (se usa con suaje 910-416 por debajo),AW,12/3/2008
,,62,910-416,,"65,0",*,"63,0",215,3,"3,0",3,3,Circulo especial (corta por el reverso con el suaje 910-415),"22,000","4,73",,José Pablo Moreno Velasco (se usa con suaje 910-416 por debajo),AW,12/3/2008
,,62,910-418,,"65,0",*,"63,0",215,3,"3,0",3,3,Rectángulo,"22,000","4,73",,José Pablo Moreno Velasco,AW,17/4/2008
,,64,910-534,,"65,0",*,"65,0",215,3,"3,2",3,3,Circulo,"22,725","4,89",,Industrias Wet Line,AW,14/5/2012
,536,46,830-550,F-104,"65,0",*,"70,0",147,3,"3,0",2,2,Figura,"36,500","5,37",,,,15/1/2003
,452,49,830-462,F-21,"65,0",*,"75,0",147,3,"3,0",2,2,Figura,"39,000","5,73",,,,27/8/2001
,918,74,910-184,I-114,"65,0",*,"75,0",215,3,"3,0",3,3,Rectángulo,"26,000","5,59",,,,29/6/2004
,,74,M-910-424,,"65,0",*,"75,0",215,"3,0","3,3",3,3,Rectángulo,"26,106","5,61",BB15,Laboratorios Pisa,Rotometrics,11/7/2023
,543,50,830-557,F-111,"65,0",*,"76,0",147,3,"3,0",2,2,Figura,"39,500","5,81",,C.S.,AW,13/6/2003
,655,51,830-678,F-218,"65,0",*,"78,0",147,3,"3,2",2,2,Figura,"40,588","5,97",,Mezcal de Gusano (Mezcal Dos Gusanos),AW,1/8/2005
,965,51,910-232,I-160,"65,0",*,"78,0",215,3,"3,2",3,2,Rectángulo,"27,058","5,82",,,AW,5/4/2005
,,80,M-3300-139,,"65,0",*,"81,0",283,3,"3,7",4,3,Figura,"21,167","5,99",CS28,Sun Belle de Mexico,Rotometrics,14/12/2017
,,79,H-910-002,,"65,0",*,"84,0",250,0,"0,0",3,3,Especial (Hueco),"28,000","7,00",DN01,Soluciones Medicas Exportacion,AW,23/8/2011
,,83,910-530,,"65,0",*,"85,0",215,3,"3,2",3,3,Figura,"29,392","6,32",,Hortisen Atlixco,AW,7/11/2011
,,111,MD-3030-037,,"65,0",*,"85,0",330,"3,0","3,1",4,4,Rectángulo,"22,027","7,27",BM06,Omicronlab,Rotometrics,11/7/2023
,,90,M-3300-387,,"65,0",*,"92,0",351,3,"3,3",5,3,Rectángulo,"19,050","6,69",BT07,Agros,Rotometrics,21/4/2022
,,74,M-3300-391,,"65,0",*,"115,0",283,3,"3,0",4,2,Rectángulo,"29,500","8,35",BT07,Agros,Rotometrics,3/10/2022
,,115,MD-3030-049,,"65,0",*,"118,0",330,"3,0","3,7",4,3,Rectángulo,"30,427","10,04",BM06,Comercializadora Transfer Naga,Rotometrics,11/7/2023
,1056,82,910-324,I-364,"65,0",*,"127,0",215,3,"3,2",3,2,Figura para cuello,"43,392","9,33",,Mezcales de Gusano (Mezcal dos gusanos),AW,28/11/2006
,112,84,830-102,A-139,"65,0",*,"130,0",147,3,"3,0",2,2,Ovalo,"66,500","9,78",,,,15/1/2003
,,100,910-574,,"65,0",*,"156,0",215,3,"3,0",3,2,Rectángulo,"53,000","11,40",BB01,Laboratorios Pisa,AW,15/7/2015
,435,51,830-445,F-4,"65,0",*,"159,0",147,3,"3,0",2,1,Figura,"81,000","11,91",,Tequila,,22/6/2001
,,104,M-3300-518,,"65,0",*,"160,0",351,3,"5,1",5,2,Rectángulo,"33,020","11,59",BT07,Tecnoglobal PH7,Rotometrics,26/1/2024
,,109,M-3300-437,,"65,0",*,"170,0",283,3,"3,0",4,2,Rectángulo,"43,259","12,24",CS37,Fabrica de Mermeladas,Rotometrics,11/7/2023
,,58,M-3300-165,,"65,0",*,"180,5",283,3,"3,7",4,1,Rectángulo,"46,038","13,03",BB15,Salsas Castillo,Rotometrics,21/2/2019
,,58,M-3300-112,,"65,0",*,"180,5",283,3,"3,7",4,1,Rectángulo,"46,038","13,03",CS01,Salsas Castillo,Rotometrics,4/9/2017
,,58,M-3300-132,,"65,0",*,"181,0",283,3,"3,7",4,1,Rectángulo,"46,166","13,06",CS30,Salsas Castillo,Rotometrics,14/12/2017
,,122,MD-3030-075,,"65,0",*,"190,0",330,"3,0","3,7",4,2,Rectángulo,"48,419","15,98",CS40,Platafora ADN,Rotometrics,11/7/2023
,1044,61,910-312,I-232,"65,0",*,"191,0",215,3,"3,2",3,1,Rectángulo,"64,725","13,92",,Salsas Castillo,AW,2/5/2006
,,72,M-3300-259,,"65,0",*,"223,0",283,3,"5,6",4,1,Rectángulo,"57,150","16,17",BM07,Tecnoglobal,Rotometrics,13/7/2020
,,72,M-3300-508,,"65,0",*,"224,0",283,3,"4,6",4,1,Rectángulo,"57,150","16,17",BB15,Magrey Industrial,Rotometrics,26/1/2024
,1150,76,M-910-007,,"65,0",*,"238,2",215,3,"3,2",3,1,Rectángulo,"80,458","17,30",CS22,SUAJE ENTREGADO AL CLIENTE EL 22-05-08 José Antonio Díaz Barriga (Suaje magnetico) INGRESO DE NUEVO EL 11-05-09,Rotometrics,4/7/2007
,1026,80,910-294,I-214,"65,0",*,"251,0",215,3,"3,2",3,1,Rectángulo,"84,725","18,22",,Ultrak Products,AW,2/5/2006
,1073,88,910-341,I-370,"65,0",*,"276,3",215,3,"3,2",3,1,Rectángulo,"93,158","20,03",,Cesar Vega López,AW,28/11/2006
,,100,M-3300-494,,"65,0",*,"314,0",283,3,"3,5",4,1,Rectángulo,"79,375","22,46",BB15,Industrializadora Alceda,Rotometrics,26/1/2024
,,100,MD-3030-061,,"65,0",*,"314,0",330,"3,0","3,5",4,1,Rectángulo,"79,375","26,19",BB15,Industrializadora Alceda,Rotometrics,11/7/2023
,261,45,830-267,D-63,"66,0",*,"21,0",148,2,"3,0",2,6,Ovalo,"12,000","1,78",,,,
,689,53,830-713,F-252,"66,0",*,"25,0",149,3,"3,2",2,6,Rectángulo,"14,088","2,10",,Gemplus Industrial,AW,28/11/2006
,,90,3300-081,,"66,0",*,"36,0",290,4,"0,0",4,8,Marbete,"9,000","2,61",PO05,Comercializadora Agrestre,AW,13/7/2020
,,68,M-910-077,,"66,0",*,"39,0",149,3,"4,2",2,5,Figura,"21,590","3,22",BB06,Bodylogic,Rotometrics,17/6/2013
,,87,MD-3030-045,,"66,0",*,"52,0",330,"3,0","3,2",4,5,Rectángulo,"13,811","4,56",BT28,Grisi Hnos,Rotometrics,11/7/2023
,,88,M-3300-424,,"66,0",*,"66,0",287,3,"3,9",4,4,Figura,"17,463","5,01",CS40,NatureSweet Invernaderos,Rotometrics,3/10/2022
,,88,M-3300-185,,"66,0",*,"66,7",287,3,"3,2",4,4,Figura,"17,463","5,01",CS28,International Baskets,Rotometrics,21/2/2019
,523,59,830-537,F-91,"66,0",*,"90,0",149,3,"3,0",2,2,Figura,"46,500","6,93",,Establo,,
,,90,M-3300-027,,"66,0",*,"92,1",287,3,"3,2",4,3,Figura,"23,813","6,83",BT01,Mastronardi Produce,Rotometrics,19/9/2014
,,90,M-3300-183,,"66,0",*,"92,1",287,3,"3,2",4,3,Rectángulo,"23,813","6,83",BT07,Mastronardi Produce,Rotometrics,21/2/2019
,,90,M-3300-361,,"66,0",*,"92,1",287,3,"3,2",4,3,Rectángulo,"23,813","6,83",CS28,Mastronardi Produce,Rotometrics,21/4/2022
,,80,M-3300-444,,"66,0",*,"124,0",287,3,"3,0",4,2,Figura,"31,750","9,11",BB42,Casa Tradición,Rotometrics,11/7/2023
,719,50,830-743,,"66,0",*,"159,0",149,3,"0,0",2,1,Marbete,"79,500","11,85",,Corporacion Tectronic,AW,4/7/2007
,,72,M-910-276,,"66,0",*,"225,0",218,"3,0","3,6",3,1,Rectángulo,"76,200","16,61",CS32,Laboratorios Pisa,Rotometrics,21/2/2019
,896,64,910-162,I-96,"67,0",*,"48,0",151,3,"3,0",2,4,Figura,"25,500","3,85",,"Cremcos ""Prestado"" ",AW,6/11/2003
,105,70,830-095,A-132,"67,0",*,"52,0",151,3,"3,0",2,4,Rectángulo,"27,500","4,15",,,,
,,80,M-3300-258,,"67,0",*,"60,0",291,3,"3,5",4,4,Figura,"15,875","4,62",BB15,Mastronardi Produce,Rotometrics,13/7/2020
,,86,M-3300-201,,"67,0",*,"64,0",291,4,"4,0",3,"4,2625",Figura,"22,667","6,60",CS27,Alpasa Farms,Rotometrics,7/10/2019
,,64,M-3300-490,,"67,0",*,"64,0",291,3,"3,7",4,3,Figura,"16,933","4,93",CS28,Project Two México,Rotometrics,26/1/2024
,,92,M-3300-113,,"67,0",*,"69,0",291,3,"4,0",4,4,Figura,"18,256","5,31",CS01,Driscolls Operaciones,Rotometrics,4/9/2017
,,104,M-3300-075,,"67,0",*,"80,0",291,3,"3,0",4,4,Rectángulo (especial redondeo de esquinas),"20,750","6,04",Avery 19640,Colgate Palmolive,Rotometrics,2/2/2016
,,86,M-3300-417,,"67,0",*,"88,0",291,3,"3,0",4,3,Figura,"22,754","6,62",BM07,Agrícola de Fuerte,Rotometrics,3/10/2022
,1078,58,910-346,I-257,"67,0",*,"89,0",221,3,"3,2",3,2,Rectángulo,"30,725","6,79",,Salud Natural (Propiedad de EEO),AW,26/3/2007
,43,59,830-035,A-67,"67,0",*,"91,0",151,3,"3,0",2,2,Trapezoide,"47,000","7,10",,,,
,1151,90,M-910-008,,"67,0",*,"91,3",221,3,"4,0",3,3,Trapecio (galon),"31,767","7,02",CS22,Etiquetas Electrónicas,Rotometrics,1/8/2007
,,90,M-3300-117,,"67,0",*,"92,3",291,3,"3,0",4,3,Figura (Se usa con M-3300-118),"23,813","6,93",BB33,Naturesweet Invernaderos,Rotometrics,4/9/2017
,,90,M-3300-118,,"67,0",*,"92,3",291,3,"3,0",4,3,Figura (corte por debajo del respaldo)(Se usa con M-3300-118),"23,813","6,93",BB33 + LA11,Naturesweet Invernaderos,Rotometrics,4/9/2017
,500,73,830-511,F-68,"67,0",*,"113,0",151,3,"3,0",2,2,Rectángulo,"58,000","8,76",,,,30/5/2002
,,76,M-3300-448,,"67,0",*,"117,0",291,3,"3,7",4,2,Figura,"30,163","8,78",BB15,Royal SYL Ventures México,Rotometrics,11/7/2023
,,65,3300-062,,"67,0",*,"204,0",291,3,"2,4",4,1,Rectángulo,"51,594","15,01",MT02,Bodylogic,AW,17/6/2013
,,78,3300-073,,"67,0",*,"245,0",291,3,"3,2",4,1,Figura,"62,044","18,05",WI04,Tanteo Spirits (Tenemos doble suaje por error del proveedor 15-01-16),AW,15/7/2015
,,78,M-3300-351,,"67,0",*,"245,0",291,3,"3,2",4,1,Figura,"62,044","18,05",CS26,Tanteo Spirits México,Rotometrics,21/4/2022
,996,92,910-264,I-355,"67,0",*,"289,0",221,3,"3,2",3,1,Figura,"97,392","21,52",,Figura especial (Fabrica de Hielo Polo),AW,23/9/2005
,1009,108,910-277,I-358,"67,0",*,"340,0",221,3,"3,2",3,1,Rectángulo,"114,392","25,28",,Fabrica de Hielo Polo,AW,23/9/2005
,,60,830-772,,"67,3",*,"60,3",152,3,"3,2",2,3,Figura,"31,738","4,82",,Nutriagaves de México,AW,20/3/2009
,,80,M-910-162,,"67,5",*,"60,0",223,"3,0","3,5",3,4,Rectángulo,"21,167","4,72",PH01,Pisa Agropecuaria,Rotometrics,10/2/2015
,,89,MD-3030-082,,"68,0",*,"44,0",330,"3,0","3,1",4,6,Rectángulo,"11,774","3,89",PB05,AP Automatización y Cotrol Eléctrico,Rotometrics,26/1/2024
,,90,M-3300-149,,"68,0",*,"68,0",295,3,"3,4",4,4,Circulo,"17,859","5,27",BT12,NatureSweet Invernaderos,Rotometrics,5/7/2018
,,90,M-3300-150,,"68,0",*,"68,0",295,3,"3,4",4,4,Circulo,"17,859","5,27",BB15,NatureSweet Invernaderos,Rotometrics,5/7/2018
,,68,M-910-150,,"68,0",*,"68,0",224,"3,0","4,0",3,3,Figura,"23,989","5,37",CS23,Embalajes Agricolas Sambramex,Rotometrics,10/2/2015
,725,74,830-749,,"68,0",*,"78,3",153,3,"0,0",2,3,Marbete,"39,150","5,99",,Corporacion Tectronic,AW,4/7/2007
,1022,66,910-290,I-210,"68,0",*,"102,0",224,3,"3,2",3,2,Figura especial,"35,058","7,85",,Champiñones de los Altos,AW,2/5/2006
,,86,830-794,,"68,0",*,"133,4",153,3,"3,2",2,2,Figura,"68,263","10,44",,Corporacion Tectronic,AW,2/4/2011
,,88,M-3300-205,,"68,0",*,"136,0",295,3,"3,7",4,2,Rectángulo,"34,925","10,30",CS11,Laboratorios Jaloma,Rotometrics,7/10/2019
,,94,3300-070,,"68,0",*,"146,0",295,3,"3,5",4,2,Rectángulo,"37,375","11,03",CS02,Laboratorios Pisa,AW,23/5/2014
,214,48,830-217,D-14,"68,0",*,"150,0",155,5,"3,0",2,1,Fígura,"76,500","11,86",,Cuerno de Chivo,,
,198,56,830-201,C-37,"68,0",*,"175,0",153,3,"3,0",2,1,Rectángulo,"89,000","13,62",,,,
,985,64,910-253,I-179,"68,0",*,"200,0",224,3,"4,0",3,1,Rectángulo,"68,000","15,23",,Salud Natural Mexicana,AW,1/8/2005
,913,73,910-179,I-110,"68,0",*,"229,0",224,3,"3,0",3,1,Rectángulo,"77,333","17,32",,,,28/4/2004
,338,48,830-345,E-32,"69,0",*,"11,0",83,0,"1,5",1,12,Rectángulo,"12,500","1,04",,,,17/7/2000
,,108,M-3300-250,,"69,0",*,"65,0",299,3,"4,1",4,5,Figura (Corte por arriba)(Se usa con M-3300-251),"17,270","5,16",BB33,NatureSweet Invernaderos,Rotometrics,13/7/2020
,,108,M-3300-251,,"69,0",*,"65,0",299,3,"4,1",4,5,Figura (Corte por debajo)(Se usa con M-3300-250),"17,270","5,16",BB33,NatureSweet Invernaderos,Rotometrics,13/7/2020
,,92,M-3300-431,,"69,0",*,"69,0",299,3,"4,0",4,4,Cuadrado,"18,256","5,46",BB06,NatureSweet Invernaderos,Rotometrics,11/7/2023
,,99,M-3300-229,,"69,0",*,"102,0",299,3,"3,0",4,3,Figura (corte por arriba)(Se usa con M-3300-230),"26,250","7,85",DF1204-1,NatureSweet Invernaderos,Rotometrics,7/10/2019
,,99,M-3300-230,,"69,0",*,"102,0",299,3,"3,0",4,3,Figura (corte por debajo)(Se usa con M-3300-229),"26,250","7,85",DF1204-1,NatureSweet Invernaderos,Rotometrics,7/10/2019
,,99,M-3300-320,,"69,0",*,"102,0",297,3,"3,0",4,3,Figura (se usa con M-3300-229)(Corte por debajo),"26,250","7,80",BT29+LA01,Naturesweet Invernaderos,Rotometrics,5/4/2021
,,72,M-830-108,,"69,0",*,"102,0",154,3,"12,5",2,2,Figura (Corte por arriba)(Se usa con M-830-109),"57,263","8,82",DF1204-1,NatureSweet Invernaderos,Rotometrics,7/10/2019
,,72,M-830-109,,"69,0",*,"102,0",154,3,"12,5",2,2,Figura (Corte por debajo)(Se usa con M-830-108),"57,263","8,82",DF1204-1,NatureSweet Invernaderos,Rotometrics,7/10/2019
,820,88,910-086,I-24,"69,0",*,"137,0",227,3,"3,0",3,2,Rectángulo,"46,667","10,59",,,,17/7/2000
,453,60,830-463,F-22,"69,0",*,"187,0",155,3,"3,0",2,1,Figura,"95,000","14,73",,,,11/7/2001
,962,60,910-229,I-157,"69,0",*,"187,0",227,3,"0,0",3,1,Figura,"62,333","14,15",,Rectángulo con topesito,AW,27/1/2005
,1041,77,910-309,I-229,"69,0",*,"240,5",227,3,"4,0",3,1,Rectángulo,"81,492","18,50",,Luis Angel Orendain,AW,2/5/2006
,623,57,830-645,F-187,"69,5",*,"57,0",156,3,"3,3",2,3,Figura,"30,163","4,71",,,,17/12/2004
,541,51,830-555,F-109,"70,0",*,"20,0",157,3,"3,0",2,7,Rectángulo,"11,500","1,81",,P/Térmico,,2/5/2003
,461,47,830-471,F-29,"70,0",*,"22,0",157,3,"3,0",2,6,Rectángulo,"12,500","1,96",,P/Térmico,,2/5/2003
,,68,M-910-344,,"70,0",*,"24,0",230,"3,0","3,0",3,8,Figura,"8,996","2,07",CS28,Servicios Estrella Azul de Occidente,Rotometrics,5/4/2021
,,72,M-830-049,,"70,0",*,"25,0",157,3,"3,6",2,8,Rectángulo (corte a dos niveles),"14,288","2,24",TT12,Gemalto de México,Rotometrics,19/7/2016
,,63,M-910-414,,"70,0",*,"25,0",230,"3,0","3,6",3,7,Rectángulo,"9,525","2,19",BT07,Agrícola de Fuerte Fe,Rotometrics,11/7/2023
,,74,M-910-073,,"70,0",*,"30,0",157,3,"3,6",2,7,Figura,"16,782","2,63",BB18,Laboratorios Jaloma,Rotometrics,17/6/2013
,,72,M-830-039,,"70,0",*,"35,0",157,3,"3,1",2,6,Rectángulo,"19,050","2,99",CS02,Faret Autopartes,Rotometrics,2/2/2016
,,72,M-910-190,,"70,0",*,"35,0",230,"3,0","3,1",3,6,Rectángulo,"12,700","2,92",GC02,NatureSweet Invernaderos,Rotometrics,19/7/2016
,,81,M-3300-482,,"70,0",*,"40,0",303,3,"3,2",4,6,Figura,"10,794","3,27",WI14,Tequilera BSC,Rotometrics,26/1/2024
,799,60,910-065,I-3,"70,0",*,"45,0",230,3,"3,0",3,4,Rectángulo,"16,000","3,68",,,,
,220,50,830-224,D-21,"70,0",*,"50,0",157,3,"3,0",2,3,Rectángulo,"26,500","4,16",,Carrefour,,
,,68,M-3300-296,,"70,0",*,"51,0",303,3,"3,0",4,4,Rectángulo,"13,494","4,09",CS28,Naturesweet Invernaderos,Rotometrics,5/4/2021
,,72,M-3300-474,,"70,0",*,"54,0",303,3,"3,2",4,4,Rectángulo,"14,288","4,33",CS40,Mainland Farms,Rotometrics,11/7/2023
,,75,M-3300-304,,"70,0",*,"56,0",303,3,"3,5",4,4,Figura,"14,883","4,51",CS28,Fruits Giddings,Rotometrics,5/4/2021
,,80,M-3300-255,,"70,0",*,"60,0",303,3,"3,5",4,4,Rectángulo,"15,875","4,81",BT07,Orora de México,Rotometrics,13/7/2020
,,62,M-3300-364,,"70,0",*,"63,0",303,3,"2,6",4,3,Rectángulo,"16,404","4,97",MT02,Mastronardi Produce,Rotometrics,21/4/2022
,510,69,830-522,F-78,"70,0",*,"70,0",157,"3,1","3,1",2,3,Cuadrado,"36,550","5,74",,Segunda Reposición 24-11-08,,5/7/2002
,,69,M-3300-371,,"70,0",*,"70,0",303,3,"3,0",4,3,Figura,"18,256","5,53",CS28,Mainland Farms,Rotometrics,21/4/2022
,,69,M-3300-422,,"70,0",*,"70,0",303,3,"3,0",4,3,Figura,"18,256","5,53",FP06,Orora de México,Rotometrics,3/10/2022
,,69,M-3300-452,,"70,0",*,"70,0",303,3,"3,2",4,3,Cuadrado,"18,294","5,54",BT07,Finca Ahuehuetes,Rotometrics,11/7/2023
,,72,M-3300-085,,"70,0",*,"72,0",301,3,"4,2",4,3,Figura,"19,050","5,73",GC02,Colgate Palmolive,Rotometrics,14/7/2016
,227,48,830-231,D-28,"70,0",*,"73,0",157,3,"3,0",2,2,Rectángulo,"38,000","5,97",,,,
,,80,M-3300-199,,"70,0",*,"81,0",303,3,"3,7",4,3,Figura,"21,167","6,41",CS28,Fruits Giddings,Rotometrics,21/2/2019
,,57,830-844,,"70,0",*,"88,0",157,3,"3,0",2,2,Rectángulo,"45,500","7,14",GC02,Oculus Technologies,AW,14/12/2017
,388,59,830-398,E-90,"70,0",*,"90,0",157,3,"3,0",2,2,Rectángulo,"46,500","7,30",,P/C.S.,,7/3/2003
,,59,910-422,,"70,0",*,"90,5",230,3,"3,2",3,2,Ovalo,"31,225","7,18",,Pilgrim´s Pride,AW,15/5/2008
,459,62,830-469,F-27,"70,0",*,"95,0",157,3,"3,0",2,2,Figura,"49,000","7,69",,M.C. Metalizado Plata,,2/5/2003
,785,62,910-052,H-16,"70,0",*,"95,0",157,3,"3,0",2,2,Figura,"49,000","7,69",,,,
,1144,96,M-910-001,,"70,0",*,"98,5",230,3,"3,2",3,3,Rectángulo,"33,892","7,80",CS22,Kodak de Mexico (Suaje magnetico),Rotometrics,4/7/2007
,257,65,830-263,D-59,"70,0",*,"100,0",157,3,"3,0",2,2,Rectángulo,"51,500","8,09",,,,
,529,65,830-543,F-97,"70,0",*,"100,0",157,3,"3,0",2,2,Figura,"51,500","8,09",,,,
,,65,M-830-094,,"70,0",*,"100,0",157,3,"3,2",2,2,Rectángulo,"51,594","8,10",TT06,EEO,Rotometrics,21/2/2019
,,65,M-830-095,,"70,0",*,"100,0",157,3,"3,2",2,2,Rectángulo,"51,594","8,10",TT06,EEO,Rotometrics,21/2/2019
,,65,M-910-442,,"70,0",*,"100,0",230,"3,0","3,2",3,2,Rectángulo,"34,396","7,91",PD09,Agroindustrias Quezada,Rotometrics,26/1/2024
,,99,M-3300-151,,"70,0",*,"102,0",303,3,"3,0",4,3,Rectángulo,"26,250","7,95",BT12,NatureSweet Invernaderos,Rotometrics,5/7/2018
,,99,M-3300-152,,"70,0",*,"102,0",303,3,"3,0",4,3,Rectángulo,"26,250","7,95",BB15,NatureSweet Invernaderos,Rotometrics,5/7/2018
,,66,M-910-192,,"70,0",*,"102,0",230,"3,0","3,2",3,2,Rectángulo,"35,058","8,06",BT01,NatureSweet Invernaderos,Rotometrics,19/7/2016
,,108,M-3300-260,,"70,0",*,"110,0",303,3,"4,3",4,3,Rectángulo,"28,575","8,66",BT20,Henkel Capital,Rotometrics,13/7/2020
,,83,M-3300-240,,"70,0",*,"127,0",303,3,"4,8",4,2,Rectángulo,"32,941","9,98",BT07,Mastronardi Produce,Rotometrics,13/7/2020
,,83,M-3300-311,,"70,0",*,"127,0",303,3,"4,8",4,2,Rectángulo,"32,941","9,98",BM07,Mastronardi Produce,Rotometrics,5/4/2021
,231,84,830-235,D-32,"70,0",*,"133,0",158,4,"0,0",2,2,Marbete,"66,500","10,51",,,,
,977,86,910-245,I-173,"70,0",*,"133,4",230,3,"3,2",3,2,Figura,"45,508","10,47",,Figura Especial (Zear International),AW,31/5/2005
,,88,M-3300-457,,"70,0",*,"136,0",303,3,"3,7",4,2,Rectángulo,"34,925","10,58",WI05,Tanteo Spirits México,Rotometrics,11/7/2023
,,90,M-910-217,,"70,0",*,"140,0",230,"3,0","3,2",3,2,Rectángulo,"47,725","10,98",CS02,Laboratorios Pisa,Rotometrics,5/6/2017
,941,92,910-207,I-136,"70,0",*,"143,0",230,3,"3,1",3,2,Figura,"48,700","11,20",,,C&C,2/8/2004
,776,48,910-043,H-8,"70,0",*,"150,0",157,3,"3,0",2,1,Figura,"76,500","12,01",,Mermelada,,
,,96,3300-082,,"70,0",*,"152,4",306,4,"0,0",4,2,Marbete,"38,100","11,66",PO05,Derivados de lecha la Esmeralda,AW,26/1/2024
,1110,98,910-378,,"70,0",*,"152,5",230,3,"3,2",3,2,Figura,"51,892","11,94",,San José y su Agricultura,AW,4/7/2007
,720,50,830-744,,"70,0",*,"159,0",157,3,"0,0",2,1,Marbete,"79,500","12,48",,Corporacion Tectronic,AW,4/7/2007
,,104,M-3300-233,,"70,0",*,"159,0",303,3,"6,1",4,2,Rectángulo,"41,275","12,51",CS28,Administración de Insumos para la Salud,Rotometrics,13/7/2020
,460,51,830-470,F-28,"70,0",*,"160,0",157,3,"2,0",2,1,Figura,"81,000","12,72",,,,2/11/2001
,1107,55,910-375,,"70,0",*,"171,5",230,3,"3,2",3,1,Rectángulo,"58,225","13,39",,EEO,AW,4/7/2007
,260,55,830-266,D-62,"70,0",*,"172,0",157,3,"3,0",2,1,Rectángulo,"87,500","13,74",,,,
,539,56,830-553,F-107,"70,0",*,"175,0",157,3,"3,0",2,1,Figura,"89,000","13,97",,,,15/1/2003
,,62,M-3300-291,,"70,0",*,"192,0",303,3,"4,9",4,1,Rectángulo,"49,213","14,91",CS28,Jugos del Valle,Rotometrics,5/4/2021
,,64,M-3300-088,,"70,0",*,"200,0",303,3,"3,2",4,1,Rectángulo,"50,800","15,39",CU04,Colgate Palmolive,Rotometrics,14/7/2016
,,64,M-830-150,,"70,0",*,"200,0",157,3,"3,2",2,1,Rectángulo,"101,600","15,95",TT36,Laboratorios Pisa,Rotometrics,3/10/2022
,277,66,830-283,D-79,"70,0",*,"206,0",157,3,"3,0",2,1,Rectángulo,"104,500","16,41",,,,
,800,67,910-066,I-4,"70,0",*,"210,0",230,3,"3,0",3,1,Rectángulo,"71,000","16,33",,,,
,503,70,830-514,F-71,"70,0",*,"219,0",157,3,"3,0",2,1,Figura,"111,000","17,43",,USAR C/830-518,,4/6/2002
,789,71,910-056,H-20,"70,0",*,"222,0",230,3,"3,0",3,1,Rectángulo,"75,000","17,25",,Verde Valle,,
,,72,M-3300-456,,"70,0",*,"224,0",303,3,"4,6",4,1,Rectángulo,"57,150","17,32",BB15,Mazapan de la Rosa,Rotometrics,11/7/2023
,,74,M-910-047,,"70,0",*,"232,0",230,3,"3,2",3,1,Rectángulo,"78,392","18,03",Arclad PM80-P4-G62,Barcel,Rotometrics,16/8/2012
,847,90,910-113,I-52,"70,0",*,"282,0",230,3,"3,2",3,1,Rectángulo,"95,067","21,87",,,,22/6/2001
,769,92,910-034,G-25,"70,0",*,"289,0",230,3,"3,0",3,1,Rectángulo,"97,333","22,39",,Agua princess,,15/1/2003
,,94,M-3300-346,,"70,0",*,"293,0",303,3,"5,5",4,1,Rectángulo,"74,613","22,61",BM07,Administración de Insumos para la Salud,Rotometrics,21/4/2022
,,108,M-3300-470,,"70,0",*,"340,0",303,3,"3,0",4,1,Rectángulo,"85,750","25,98",BM08,Alfa Comercializadora,Rotometrics,11/7/2023
,,88,M-3300-010,,"71,0",*,"66,0",307,3,"3,9",4,4,Figura (Se usa con M-3300-011),"17,463","5,36",BB33,NatureSweet Invernaderos,Rotometrics,13/3/2014
,,88,M-3300-011,,"71,0",*,"66,0",307,3,"3,9",4,4,Figura (corte por debajo se usa con M-3300-010),"17,463","5,36",BB33,NatureSweet Invernaderos,Rotometrics,13/3/2014
,,88,M-3300-026,,"71,0",*,"66,0",307,3,"3,9",4,4,Figura,"17,463","5,36",BT01,Mastronardi Produce,Rotometrics,19/9/2014
,,90,M-910-236,,"71,0",*,"139,0",233,"3,0","3,9",3,2,Figura,"47,625","11,10",BT29,Naturesweet Invernaderos,Rotometrics,4/9/2017
,219,46,830-223,D-20,"71,0",*,"143,0",159,3,"3,0",2,1,Rectángulo,"73,000","11,61",,Carrefour,,
,237,45,830-242,D-39,"71,0",*,"143,0",161,5,"0,0",2,1,Marbete,"71,500","11,51",,Carrefour,,
,,92,MD-3030-009,,"71,0",*,"143,0",330,"3,0","3,1",4,2,Rectángulo,"36,513","12,05",CS28,Comercializadora Agropecuaria de Degollado,Rotometrics,19/5/2022
,251,56,830-256,D-53,"71,0",*,"175,0",159,3,"3,0",2,1,Figura,"89,000","14,15",,,,
,21,64,830-017,A-21,"72,0",*,"22,0",161,3,"3,0",2,8,Cuello Botella,"12,500","2,01",,Cuello Botella,,
,,64,3300-048,,"72,0",*,"65,0",311,3,"3,0",4,3,Rectángulo,"17,000","5,29",,Pet de Occidente,AW,28/1/2012
,,64,M-3300-003,,"72,0",*,"65,0",311,3,"3,2",4,3,Dos figuras en el mismo suaje,"17,044","5,30",CS02,Mexicana de Lubricantes,Rotometrics,23/10/2012
,191,75,830-184,C-29,"72,0",*,"116,0",161,3,"3,0",2,2,Rectángulo,"59,500","9,58",,,,
,,118,MD-3030-078,,"72,0",*,"122,0",330,"3,0","3,0",4,3,Figura,"31,250","10,31",CS40,Industrializadora Alceda,Rotometrics,26/1/2024
,,80,M-3300-014,,"72,0",*,"124,0",311,3,"3,0",4,2,Rectángulo,"31,750","9,87",CS02,Laboratorios pisa,Rotometrics,23/5/2014
,,80,M-3300-133,,"72,0",*,"124,0",311,3,"3,0",4,2,Rectángulo,"31,750","9,87",CS30,Salsas Castillo,Rotometrics,14/12/2017
,,86,M-3300-056,,"72,0",*,"133,0",311,3,"3,8",4,2,Rectángulo,"34,191","10,63",CS02,Laboratorios pisa,Rotometrics,15/7/2015
,466,45,830-476,F-34,"72,0",*,"140,0",161,3,"3,2",2,1,Figura,"71,600","11,53",,El Pato,,10/12/2001
,294,77,830-300,D-96,"72,0",*,"242,0",161,3,"3,0",2,1,Figura,"122,500","19,72",,,,30/10/2000
,,85,M-3300-524,,"72,0",*,"267,0",311,3,"3,0",4,1,Rectángulo,"67,500","20,99",CS28,ACH Foods de México,Rotometrics,26/1/2024
,122,55,830-112,A-149,"73,0",*,"22,0",163,3,"3,0",2,7,Rectángulo,"12,500","2,04",,,,
,,63,H-910-003,,"73,0",*,"29,0",250,0,"0,0",3,7,Especial (Hueco),"9,667","2,42",DN01,Soluciones Medicas Exportacion,AW,23/8/2011
,559,45,830-575,F-126,"73,0",*,"32,0",163,3,"3,0",2,4,Figura,"17,500","2,85",,C.S.,AW,26/8/2003
,,75,910-476,,"73,0",*,"76,2",239,3,"3,2",3,3,Figura,"26,458","6,32",,Soluciones Medicas Exportacion,AW,30/11/2009
,,75,910-546,,"73,0",*,"76,2",239,3,"3,2",3,3,Figura,"26,458","6,32",PT03,Soluciones Medicas Exportacion,AW,17/6/2013
,163,56,830-157,B-20,"73,0",*,"85,0",163,3,"4,0",2,2,Trapezoide,"44,500","7,25",,,,
,160,56,830-152,B-17,"73,0",*,"86,0",163,3,"3,0",2,2,Trapezoide,"44,500","7,25",,,,
,583,56,830-603,F-150,"73,0",*,"86,0",163,3,"3,0",2,2,Figura,"44,500","7,25",,,,28/4/2004
,,58,910-414,,"73,0",*,"88,0",239,3,"4,1",3,2,Rectángulo especial,"30,692","7,34",,Alimentos Selectos San Francisco,AW,3/3/2008
,,60,910-412,,"73,0",*,"92,0",239,3,"3,2",3,2,Figura especial,"31,725","7,58",,Soluciones Medicas Exportacion,AW,3/3/2008
,,64,M-910-231,,"73,0",*,"97,6",239,"3,0","4,0",3,2,Rectángulo,"33,867","8,09",BB01,Laboratorios Pisa,Rotometrics,5/6/2017
,,64,M-910-342,,"73,0",*,"97,6",239,"3,0","4,0",3,2,Rectángulo,"33,867","8,09",CS28,Pisa Agropecuaria,Rotometrics,5/4/2021
,153,72,830-144,B-9,"73,0",*,"111,0",163,3,"4,0",2,2,Trapezoide,"57,500","9,37",,,,
,159,47,830-151,B-16,"73,0",*,"146,0",163,3,"3,0",2,1,Figura,"74,500","12,14",,,,
,1100,100,910-368,,"73,0",*,"156,0",239,3,"3,2",3,2,Rectángulo,"53,058","12,68",,Salud Natural Mexicana,AW,4/7/2007
,,111,M-3300-159,,"73,0",*,"173,0",315,3,"3,2",4,2,Rectángulo,"44,053","13,88",BB15,Oculus Technologies,Rotometrics,5/7/2018
,,120,MD-3030-070,,"73,0",*,"187,0",330,"3,0","3,5",4,2,Rectángulo,"47,625","15,72",BM06,Asesoría y Desarrollo de Productos Naturistas,Rotometrics,11/7/2023
,493,90,830-503,F-61,"73,0",*,"283,0",163,3,"3,0",2,1,Rectángulo,"143,000","23,31",,,,21/5/2002
,1124,92,910-392,,"73,0",*,"289,0",239,3,"3,2",3,1,Rectángulo,"97,392","23,28",,Amcor de Mexico (corte completo),AW,3/8/2007
,1101,104,910-369,,"73,0",*,"327,0",239,3,"3,2",3,1,Rectángulo,"110,058","26,30",,Salud Natural Mexicana,AW,4/7/2007
,570,60,830-588,F-137,"74,0",*,"92,0",165,3,"3,0",2,2,Figura,"47,500","7,84",,BoppBA0872,AW,24/12/2003
,,65,910-470,,"74,0",*,"100,0",242,3,"3,2",3,2,Rectángulo,"34,392","8,32",,Champiñones de los Altos,AW,1/10/2009
,908,80,910-174,I-344,"74,0",*,"124,0",242,3,"3,0",3,2,Rectángulo,"42,333","10,24",,,,28/4/2004
,483,86,830-493,F-51,"74,0",*,"270,0",165,3,"3,0",2,1,Rectángulo,"136,500","22,52",,,,26/3/2002
,1048,86,910-316,I-234,"74,0",*,"270,0",242,3,"3,2",3,1,Rectángulo,"91,058","22,04",,Agua Crystal del Bajío (Propiedad de EEO),AW,28/11/2006
,,76,M-910-106,,"75,0",*,"37,0",245,"3,0","3,2",3,6,Rectángulo,"13,406","3,28",CS01,Laboratorios Pisa,Rotometrics,13/3/2014
,,76,M-910-220,,"75,0",*,"37,0",245,"3,0","3,2",3,6,Rectángulo,"13,406","3,28",TT01,EEO,Rotometrics,5/6/2017
,,68,M-830-084,,"75,0",*,"40,0",167,3,"3,2",2,5,Rectángulo,"21,590","3,61",TT06,Jabil Circuit de México,Rotometrics,5/7/2018
,,76,M-910-171,,"75,0",*,"45,0",245,"3,0","3,3",3,5,Rectángulo,"16,087","3,94",CS02,Fresenius Kabi,Rotometrics,15/7/2015
,,68,M-910-288,,"75,0",*,"50,0",245,"3,0","4,0",3,4,Figura,"17,992","4,41",BM06,Henkel Capital,Rotometrics,21/2/2019
,,68,M-910-283,,"75,0",*,"51,0",245,"3,0","3,2",3,4,Rectángulo,"18,058","4,42",WI05,Santa Ana Springs,Rotometrics,21/2/2019
,178,54,830-172,C-16,"75,0",*,"55,0",167,3,"2,0",2,3,Ovalo,"28,500","4,76",,,,
,,74,M-910-116,,"75,0",*,"55,0",245,"3,0","3,7",3,4,Rectángulo,"19,579","4,80",CS02,Laboratorios Pisa,Rotometrics,23/5/2014
,,74,M-910-387,,"75,0",*,"55,0",245,"3,0","3,7",3,4,Rectángulo,"19,579","4,80",BB06,Laboratorios Pisa,Rotometrics,21/4/2022
,,64,M-910-435,,"75,0",*,"65,0",245,"3,0","2,7",3,3,Rectángulo,"22,578","5,53",BB15,Laboratorios Pisa,Rotometrics,26/1/2024
,,92,M-3300-409,,"75,0",*,"70,0",323,3,"3,0",4,4,Rectángulo,"18,256","5,90",CS37,Henkel Capital,Rotometrics,3/10/2022
,,55,830-767,,"75,0",*,"84,1",167,3,"3,2",2,2,Rectángulo especial,"43,658","7,29",,Cryo-Cell,AW,18/9/2008
,109,59,830-099,A-136,"75,0",*,"90,0","167,6","3,6","3,0",2,2,Rectángulo,"46,500","7,79",,,,
,1024,59,910-292,I-212,"75,0",*,"90,5",245,3,"3,2",3,2,Rectángulo,"31,225","7,65",,EEO,AW,2/5/2006
,631,74,830-653,F-195,"75,0",*,"115,0",167,3,"3,0",2,2,Rectángulo,"58,988","9,85",,,,17/12/2004
,,78,910-600,,"75,0",*,"120,3",245,3,"3,5",3,2,Rectángulo,"41,275","10,11",CS28,Pisa Agropecuaria,AW,5/7/2018
,,56,910-568,,"75,0",*,"175,0",245,3,"2,8",3,1,Rectángulo,"59,267","14,52",BM02,Pisa Agropecuaria,AW,15/7/2015
,,80,M-3300-155,,"75,0",*,"250,0",323,3,"4,0",4,1,Rectángulo,"63,500","20,51",BT20,Grupo Acytex,Rotometrics,5/7/2018
,,72,M-830-055,,"76,0",*,"25,4",169,3,"3,2",2,8,Rectángulo,"14,288","2,41",BB01,Consorcio Indutrial Mexicano de autopartes,Rotometrics,5/6/2017
,726,51,830-750,,"76,0",*,"29,2",169,3,"3,2",2,5,Rectángulo,"16,188","2,74",,Soluciones Medicas Exportacion,AW,4/7/2007
,742,68,910-007,A-34,"76,0",*,"31,0",251,"4,49","0,0",3,7,Marbete,"10,333","2,59",,Reposición de suaje,AW,27/1/2005
,,72,3300-079,,"76,0",*,"38,1",330,4,"0,0",4,6,Figura corte completo,"9,525","3,14",PO05,Horticola del Desierto,AW,21/2/2019
,,65,M-830-021, ,"76,0",*,"38,1",169,3,"3,2",2,5,Rectángulo,"20,638","3,49",TT01,EEO,Rotometrics,10/2/2015
,,78,M-910-384,,"76,0",*,"38,1",248,"3,0","3,2",3,6,Rectángulo,"13,758","3,41",TT06,Jugos Del Valle,Rotometrics,21/4/2022
,762,75,910-027,G-18,"76,0",*,"40,0",250,4,"0,0",3,6,Marbete,"13,333","3,33",,,,
,764,75,910-029,G-20,"76,0",*,"40,0",245,4,"0,0",3,6,Muesca,"13,333","3,27",,Usar con suaje 910-027,,
,1099,63,910-367,I-272,"76,0",*,"40,0",242,0,"0,0",3,5,Marbete especial,"13,333","3,23",,Grupo Etytec,AW,26/3/2007
,,94,M-3300-313,,"76,0",*,"46,0",327,3,"3,7",4,6,Rectángulo,"12,435","4,07",BT07,Del Campo y Asociados,Rotometrics,5/4/2021
,10,50,830-008A,A-10,"76,0",*,"51,0",90,0,"3,0",1,3,Rectángulo,"54,000","4,86",,,,
,,68,M-830-053,,"76,0",*,"51,0",170,4,"3,5",2,4,Rectángulo,"27,238","4,63",PL06,EEO,Rotometrics,12/1/2017
,,68,M-830-091,,"76,0",*,"51,0",170,4,"3,5",2,4,Rectángulo,"27,238","4,63",TT06,EEO,Rotometrics,21/2/2019
,,68,M-830-117,,"76,0",*,"51,0",169,4,"3,5",2,4,Rectángulo,"27,238","4,60",BB15,Los Mirasoles,Rotometrics,13/7/2020
,,68,M-910-097,,"76,0",*,"51,0",248,"3,0","3,5",3,4,Rectángulo,"18,158","4,50",TT01,Etiquetas Electronicas,Rotometrics,16/12/2013
,,68,M-910-383,,"76,0",*,"51,0",248,"3,0","3,5",3,4,Rectángulo,"18,158","4,50",TT31,Matecmex,Rotometrics,21/4/2022
,,72,910-424,,"76,0",*,"54,0",248,3,"3,2",3,4,Rectángulo,"19,058","4,73",,Jaime Alfonso Barragan,AW,15/5/2008
,,90,M-3300-473,,"76,0",*,"54,0",327,3,"3,2",4,5,Rectángulo,"14,288","4,67",CS40,Mainland Farms,Rotometrics,11/7/2023
,1068,57,910-336,I-247,"76,0",*,"57,0",248,3,"3,2",3,3,Rectángulo,"20,058","4,97",,Comercializadora La Perla (Propiedad de EEO),AW,28/11/2006
,,76,M-3300-019,,"76,0",*,"57,0",327,3,"3,3",4,4,Figura,"15,081","4,93",BT01,Mastronardi Produce,Rotometrics,19/9/2014
,,76,M-3300-062,,"76,0",*,"57,0",327,3,"3,3",4,4,Figura (corte a dos niveles),"15,081","4,93",CU01,Mastronardi Produce,Rotometrics,3/9/2015
,,76,M-3300-280,,"76,0",*,"57,2",327,3,"3,2",4,4,Rectángulo,"15,081","4,93",BT07,Mastronardi Produce,Rotometrics,5/4/2021
,,76,M-3300-327,,"76,0",*,"57,2",327,3,"3,2",4,4,Rectángulo,"15,081","4,93",BT07,Del Campo y Asociados,Rotometrics,21/4/2022
,,76,M-3300-347,,"76,0",*,"57,2",327,3,"3,2",4,4,Rectángulo,"15,081","4,93",BT07,EEO,Rotometrics,21/4/2022
,,76,M-910-376,,"76,0",*,"57,2",248,"3,0","3,2",3,4,Rectángulo,"20,108","4,99",TT06,EEO,Rotometrics,21/4/2022
,,76,M-910-377,,"76,0",*,"57,2",248,"3,0","3,2",3,4,Rectángulo,"20,108","4,99",CS28,EEO,Rotometrics,21/4/2022
,,96,M-3300-033,,"76,0",*,"58,0",327,3,"3,0",4,5,Figura,"15,240","4,98",CS02,Agricola el Rosal,Rotometrics,10/2/2015
,,78,3300-057,,"76,0",*,"59,0",327,3,"3,2",4,4,Figura,"15,544","5,08",,Agricola el Rosal,AW,23/10/2012
,342,62,830-349,E-36,"76,0",*,"63,0",169,3,"3,0",2,3,Rectángulo,"33,000","5,58",,,,17/7/2000
,,63,910-563,,"76,0",*,"64,0",248,3,"3,2",3,3,Rectángulo,"22,392","5,55",DI13,Arc-en Ciel Produce,AW,19/9/2014
,,63,910-564,,"76,0",*,"64,0",248,3,"3,2",3,3,muesca (corte por debajo),"22,392","5,55",DI13,Arc-en Ciel Produce (se usa con 910-563),AW,19/9/2014
,,85,M-3300-460,,"76,0",*,"64,0",327,3,"3,5",4,4,Rectángulo,"16,867","5,52",BT07,Orora de México,Rotometrics,11/7/2023
,304,44,830-310,D-106,"76,0",*,"67,0",169,3,"3,0",2,2,Rectángulo,"35,000","5,92",,,,
,66,75,830-054,A-90,"76,0",*,"76,0",169,3,"3,0",2,3,Cuadrado,"39,500","6,68",,Repeticion 09-06-06 (Cambio de 50 a 75 dientes 2p3d),,
,67,50,830-055,A-91,"76,0",*,"76,0",169,3,"3,0",2,2,Circunferencia,"39,500","6,68",,,,
,172,48,830-166,C-9,"76,0",*,"76,0",90,4,"0,0",1,2,Marbete *,"76,000","6,84",,SIPSA,,
,782,75,910-049,H-13,"76,0",*,"76,0",248,3,"3,0",3,3,Cuadro,"26,333","6,53",,,,
,,76,M-3300-030,,"76,0",*,"76,0",327,3,"4,4",4,3,Circulo,"20,108","6,58",CS02,Embalajes Agricolas Sambramex,Rotometrics,10/2/2015
,,75,M-3300-227,,"76,0",*,"76,0",327,3,"3,4",4,3,Circulo,"19,844","6,49",BB06 ,NatureSweet Invernaderos,Rotometrics,7/10/2019
,,75,M-3300-397,,"76,0",*,"76,0",327,3,"3,4",4,3,Figura,"19,844","6,49",FP06,Orora de México,Rotometrics,3/10/2022
,,75,M-830-157,,"76,0",*,"76,2",169,3,"3,2",2,3,Rectángulo,"39,688","6,71",PL07,EEO,Rotometrics,11/7/2023
,,78,3300-038,,"76,0",*,"79,4",327,3,"3,2",4,3,Rectángulo,"20,638","6,75",,Envasadora de Aguas de México,AW,6/6/2011
,,58,830-784,,"76,0",*,"89,0",169,3,"3,2",2,2,Rectángulo con cortes interiores a dos niveles (PIGGYBACK),"46,088","7,79",,Agricola Beltrán,AW,5/3/2010
,,58,830-797,,"76,0",*,"89,0",169,3,"3,2",2,2,Rectángulo especial (se usa con 830-798),"46,088","7,79",,Bio Parques de Occidente,AW,2/7/2011
,,58,830-798,,"76,0",*,"89,0",169,3,"3,2",2,2,Navajas especiales (se usa con 830-797),"46,088","7,79",,Bio Parques de Occidente,AW,2/7/2011
,209,58,830-212,D-9,"76,0",*,"92,0",170,4,"0,0",2,2,Marbete,"46,000","7,82",,,,
,217,58,830-220,D-17,"76,0",*,"92,0",170,4,"0,0",2,2,Marbete,"46,000","7,82",,TEC,,
,,63,M-830-064,,"76,0",*,"97,0",169,3,"3,0",2,2,Rectángulo,"50,006","8,45",TT18,Oceanside Glasstile,Rotometrics,5/6/2017
,68,64,830-056,A-92,"76,0",*,"98,0",170,4,"4,0",2,2,Equilatero,"51,000","8,67",,,,
,409,67,830-419,E-111,"76,0",*,"101,0",170,4,"4,0",2,2,Rectángulo,"52,500","8,93",,,,
,12,66,830-010,A-12,"76,0",*,"102,0",169,3,"3,0",2,2,Rectángulo,"52,500","8,87",,,,
,,74,M-830-085,,"76,0",*,"114,3",169,3,"3,2",2,2,Rectángulo,"58,738","9,93",TT06,Gemalto México,Rotometrics,5/7/2018
,,74,M-830-098,,"76,0",*,"114,3",169,3,"3,2",2,2,Rectángulo,"58,738","9,93",DI22,Barcel,Rotometrics,21/2/2019
,,74,M-910-326,,"76,0",*,"114,3",248,"3,0","3,2",3,2,Rectángulo,"39,158","9,71",DI22,Barcel,Rotometrics,13/7/2020
,152,75,830-143,B-8,"76,0",*,"119,0",171,5,"0,0",2,2,Marbete *,"59,500","10,17",,,,
,,78,M-3300-430,,"76,0",*,"120,7",327,3,"3,2",4,2,Rectángulo,"30,956","10,12",BB06,International Greenhouse Produce,Rotometrics,11/7/2023
,,78,910-556,,"76,0",*,"121,0",248,3,"3,2",3,2,Rectángulo,"41,392","10,27",CS01,Laboratorios pisa,AW,13/3/2014
,208,82,830-211,D-8,"76,0",*,"127,0",169,3,"3,0",2,2,Rectángulo,"65,000","10,99",,Segunda repetición 15-04-08,,
,,82,M-910-381,,"76,0",*,"127,0",248,"3,0","3,2",3,2,Rectángulo,"43,392","10,76",TT31,EEO,Rotometrics,21/4/2022
,,85,910-532,,"76,0",*,"132,0",248,3,"3,2",3,2,Rectángulo,"45,058","11,17",,Salsas Castillo,AW,3/4/2012
,940,86,910-206,I-135,"76,0",*,"133,5",248,3,"3,1",3,2,Figura,"45,533","11,29",,,C&C,2/8/2004
,287,45,830-293,D-89,"76,0",*,"140,0",169,3,"3,0",2,1,Rectángulo,"71,500","12,08",,,,
,1152,90,M-910-009,,"76,0",*,"140,0",248,3,"3,2",3,2,Rectángulo,"47,725","11,84",CS22,Etiquetas Electrónicas (Reposición 18-12-07),Rotometrics,1/8/2007
,1006,96,910-274,I-359,"76,0",*,"152,4",248,3,"0,0",3,2,Marbete,"50,800","12,60",,Corporación Tectronic,AW,23/9/2005
,,53,830-826,,"76,0",*,"165,1",169,3,"3,2",2,1,Rectángulo,"84,138","14,22",TT01,Altatec de Occidente,AW,23/5/2014
,,106,M-830-131,,"76,0",*,"165,1",169,3,"3,2",2,2,Rectángulo,"84,138","14,22",TT17,ICU Medical,Rotometrics,5/4/2021
,,106,M-910-399,,"76,0",*,"165,1",248,"3,0","3,2",3,2,Rectángulo,"56,092","13,91",TT17,ICU Medical,Rotometrics,3/10/2022
,360,65,830-368,E-56,"76,0",*,"203,0",169,3,"3,0",2,1,Rectángulo,"103,000","17,41",,,,
,,65,M-830-152,,"76,0",*,"203,2",169,3,"3,2",2,1,Rectángulo,"103,188","17,44",TT17,ICU Medical,Rotometrics,11/7/2023
,,78,M-910-333,,"76,0",*,"241,0",248,"3,0","6,7",3,1,Rectángulo,"82,550","20,47",BB15,North Star,Rotometrics,5/4/2021
,938,81,910-204,I-133,"76,0",*,"254,0",248,3,"3,2",3,1,Figura,"85,733","21,26",,,AW,2/8/2004
,,105,910-606,,"76,0",*,"330,0",249,3,"3,2",3,1,"Figura especial (Corta por debajo, se usa con M-910-239)","111,058","27,65",DF 1319-1,Medtronic Vascular Galway,AW,13/7/2020
,,124,3300-080,,"76,0",*,"391,0",327,3,"3,2",4,1,Rectángulo,"98,544","32,22",MT02,Administración de Insumos para la Salud,AW,13/7/2020
,,72,M-830-014,,"76,2",*,"25,4",170,3,"3,2",2,8,Rectángulo,"14,288","2,43",TT01,EEO,Rotometrics,19/9/2014
,,72,M-830-106,,"76,2",*,"25,4",170,3,"3,2",2,8,Rectángulo con cortes punteados internos,"14,288","2,43",DI09,Casa Ley,Rotometrics,7/10/2019
,,58,830-787,,"76,2",*,"43,0",170,3,"3,2",2,4,Rectángulo,"23,088","3,92",,Emerson,AW,30/6/2010
,,64,M-910-252,,"76,2",*,"48,0",249,"3,0","3,2",3,4,Rectángulo,"17,058","4,25",DF819-4,Medtronic de México,Rotometrics,14/12/2017
,,111,M-FA17-005,,"76,2",*,"84,7",407,3,"3,4",5,4,Figura (Se usa con M-FA17-006),"17,621","7,17",CS27,Mastronardi Produce,Rotometrics,19/5/2022
,,111,M-FA17-006,,"76,2",*,"84,7",407,3,"3,4",5,4,Figura (Se usa con M-FA17-005),"17,621","7,17",CS27,Mastronardi Produce,Rotometrics,19/5/2022
,,83,M-3300-298,,"76,2",*,"85,0",328,3,"3,2",4,3,Figura (Se usa con M-3300-299)(Corte por arriba),"22,044","7,23",CS28,Mastronardi Produce,Rotometrics,5/4/2021
,,83,M-3300-299,,"76,2",*,"85,0",328,3,"3,2",4,3,Figura (Se usa con M-3300-298)(Corte por debajo),"22,044","7,23",CS28,Mastronardi Produce,Rotometrics,5/4/2021
,,83,M-3300-300,,"76,2",*,"85,0",328,3,"3,2",4,3,Figura (Se usa con M-3300-301)(Corte por arriba),"22,044","7,23",CS26,Mastronardi Produce,Rotometrics,5/4/2021
,,83,M-3300-301,,"76,2",*,"85,0",328,3,"3,2",4,3,Figura (Se usa con M-3300-300)(Corte por debajo),"22,044","7,23",CS26,Mastronardi Produce,Rotometrics,5/4/2021
,,105,M-910-329,,"76,2",*,"330,2",249,"3,0","3,2",3,1,Figura con cortes internos,"111,125","27,67",DF 1319-1,Medtronic Vascular Galway,Rotometrics,13/7/2020
,,64,M-910-094,,"77,0",*,"47,0",251,"3,0","3,8",3,4,Figura,"16,933","4,25",GC01,Autentica Tequilera,Rotometrics,16/12/2013
,74,48,830-062,A-98,"77,0",*,"74,0",171,3,"3,0",2,2,Equilatero,"38,500","6,58",,,,
,,98,M-4200-015,,"77,0",*,"100,0",411,3,"3,7",5,3,Ovalo,"20,743","8,53",BB06,Mission Hills,Rotometrics,3/10/2022
,,67,910-481,,"77,0",*,"210,0",251,3,"3,2",3,1,Rectángulo,"71,058","17,84",,Barcel,AW,5/1/2010
,,67,M-910-271,,"77,0",*,"210,0",251,"3,0","3,2",3,1,Rectángulo,"71,058","17,84",DI22,Barcel,Rotometrics,21/2/2019
,401,76,830-411,E-103,"77,0",*,"238,0",171,3,"3,0",2,1,Rectángulo,"120,500","20,61",,,,30/10/2000
,,82,910-471,,"77,0",*,"257,0",251,3,"3,4",3,1,Rectángulo,"86,783","21,78",,Barcel,AW,1/10/2009
,616,58,830-637,F-180,"78,0",*,"43,0",173,3,"3,0",2,4,Rectángulo,"23,000","3,98",,,,17/12/2004
,,89,3300-037,,"78,0",*,"91,0",335,3,"3,2",4,3,Rectángulo,"23,548","7,89",,Envasadora de Aguas de México,AW,6/6/2011
,34,64,830-027,A-58,"78,0",*,"98,0",173,3,"3,0",2,2,Rectángulo,"50,500","8,74",,,,
,367,65,830-375,E-64,"78,0",*,"100,0",173,3,"3,0",2,2,Rectángulo,"51,500","8,91",,,,
,,85,M-910-394,,"78,0",*,"132,0",254,"3,0","2,9",3,2,Rectángulo,"44,979","11,42",BB06,Laboratorios Pisa,Rotometrics,21/4/2022
,,85,M-910-425,,"78,0",*,"132,0",254,"3,0","2,9",3,2,Rectángulo con cortes internos (Se usa con M-910-426),"44,979","11,42",BB15,Laboratorios Pisa,Rotometrics,11/7/2023
,,85,M-910-426,,"78,0",*,"132,0",254,"3,0","2,9",3,2,Corte por debajo (Se usa con M-910-425),"44,979","11,42",BB15,Laboratorios Pisa,Rotometrics,11/7/2023
,,96,M-3300-119,,"78,0",*,"146,0",335,3,"6,9",4,2,Figura (se usa con M-3300-120),"38,225","12,81",BT29,Naturesweet Invernaderos,Rotometrics,4/9/2017
,,96,M-3300-120,,"78,0",*,"146,0",335,3,"6,9",4,2,Figura (corte por debajo)(se usa con M-3300-119),"38,225","12,81",BT29+LA11,Naturesweet Invernaderos,Rotometrics,4/9/2017
,,96,M-3300-318,,"78,0",*,"146,0",335,3,"6,9",4,2,Figura (se usa con M-3300-119)(Corte por debajo),"38,225","12,81",BT29+LA01,Naturesweet Invernaderos,Rotometrics,5/4/2021
,,96,M-3300-256,,"78,0",*,"148,0",335,3,"4,6",4,2,Figura (Corte por arriba)(Se usa con M-3300-257),"38,155","12,78",BT13,Naturesweet Invernaderos,Rotometrics,13/7/2020
,,96,M-3300-257,,"78,0",*,"148,0",335,3,"4,6",4,2,Figura (Corte por debajo)(Se usa con M-3300-256),"38,155","12,78",BT13,Naturesweet Invernaderos,Rotometrics,13/7/2020
,,96,M-3300-319,,"78,0",*,"148,0",335,3,"4,6",4,2,Figura (se usa con M-3300-256)(Corte por debajo),"38,155","12,78",BT29+LA01,Naturesweet Invernaderos,Rotometrics,5/4/2021
,,98,M-830-015,,"78,0",*,"152,0",173,3,"4,0",2,2,Rectángulo,"78,000","13,49",TT01,EEO,Rotometrics,19/9/2014
,1117,63,910-385,,"78,0",*,"197,0",254,3,"3,2",3,1,Figura,"66,725","16,95",,Botas establo (corte completo para cartoncillo),AW,4/7/2007
,,129,MD-3030-080,,"78,0",*,"202,0",330,"3,0","3,0",3,2,Rectángulo,"68,333","22,55",PB05,AP Automatización y Cotrol Eléctrico,Rotometrics,26/1/2024
,,69,M-3300-475,,"78,0",*,"215,1",334,3,"4,0",4,1,Rectángulo,"54,769","18,29",CS40,ACH Foods de México,Rotometrics,11/7/2023
,,72,M-3300-203,,"78,0",*,"220,0",335,3,"8,6",4,1,Rectángulo,"57,150","19,15",CS28,Jugos del Valle,Rotometrics,7/10/2019
,,76,M-3300-067,,"78,0",*,"235,0",254,3,"6,3",3,1,Figura,"80,433","20,43",WI05,Worlds Garden,Rotometrics,27/10/2015
,801,48,910-067,I-5,"78,5",*,"28,5",207,0,"0,0",1,1,Rectángulo,"28,500","5,90",,Con Navaja Puntaeda especial ESTAFETA,,
,,72,M-910-293,,"79,0",*,"35,0",257,"3,0","3,1",3,6,Figura,"12,700","3,26",CS27,Laboratorios Jaloma,Rotometrics,7/10/2019
,,64,M-3300-454,,"79,0",*,"64,0",339,3,"3,7",4,3,Rectángulo,"16,933","5,74",CS40,Mastronardi Produce,Rotometrics,11/7/2023
,618,70,830-639,F-182,"79,0",*,"71,0",175,3,"3,2",2,3,Figura,"37,088","6,49",,,,17/12/2004
,955,78,910-222,I-150,"79,0",*,"79,0",339,3,"3,2",4,3,Figura,"20,544","6,96",,dos figuras en el mismo suaje,AW,17/12/2004
,,90,830-799,,"79,0",*,"140,0",175,3,"3,2",2,2,Rectángulo,"71,588","12,53",,Productos Verde Valle,AW,7/10/2011
,665,56,830-689,F-228,"79,0",*,"178,0",175,3,"0,0",2,1,Marbete,"89,000","15,58",,Grupo Etytec,AW,20/10/2005
,923,72,910-189,I-118,"79,0",*,"225,0",257,3,"3,0",3,1,Rectángulo,"76,000","19,53",,,,29/6/2004
,852,69,910-118,I-57,"79,5",*,"0,0",254,"79,5","0,0",3,1,Navaja,"0,000","0,00",,"Navaja Continua ""State Ind. Supply""",,1/6/2002
,611,57,830-631,F-175,"80,0",*,"30,2",177,3,"0,0",2,6,Marbete,"15,082","2,67",,,C&C,28/9/2004
,,72,M-830-058,,"80,0",*,"35,0",177,3,"3,1",2,6,Rectángulo,"19,050","3,37",BT01,Bodylogic International,Rotometrics,5/6/2017
,694,54,830-718,F-257,"80,0",*,"40,0",177,3,"3,0",2,4,Rectángulo,"21,500","3,81",,Grupo Etytec (Propiedad de EEO),AW,28/11/2006
,,76,M-3300-498,,"80,0",*,"45,0",343,3,"3,3",4,5,Rectángulo,"12,065","4,14",BB44,Agriempack Internacional,Rotometrics,26/1/2024
,186,55,830-179,C-24,"80,0",*,"55,0",177,3,"3,0",2,3,Rectángulo,"29,000","5,13",,,,
,,74,M-3300-068,,"80,0",*,"55,0",260,3,"3,7",3,4,Figura,"19,579","5,09",WI05,Worlds Garden,Rotometrics,27/10/2015
,,92,M-3300-528,,"80,0",*,"55,0",343,3,"3,4",4,5,Rectángulo,"14,605","5,01",BT07,Rv Fresh Foods,Rotometrics,26/1/2024
,,76,3300-031,,"80,0",*,"56,3",343,3,"4,0",4,4,Figura,"15,081","5,17",,Sunbelle de México,AW,6/6/2011
,1154,76,M-910-011,,"80,0",*,"56,4",260,3,"4,0",3,4,Figura,"20,133","5,23",CS22,Sun Belle de Mexico,Rotometrics,31/10/2007
,,99,M-3300-472,,"80,0",*,"60,0",343,3,"3,0",4,5,Figura,"15,750","5,40",CS40,Mastronardi Produce,Rotometrics,11/7/2023
,307,62,830-313,D-109,"80,0",*,"63,0",177,3,"3,0",2,3,Rectángulo,"33,000","5,84",,,,
,,105,MD-3030-013,,"80,0",*,"63,0",330,"3,0","3,7",3,5,Rectángulo,"22,225","7,33",CS28,Comercializadora Agropecuaria de Degollado,Rotometrics,19/5/2022
,239,46,830-244,D-41,"80,0",*,"69,0",178,4,"4,0",2,2,Figura,"36,500","6,50",,Jaca,,
,687,69,830-711,F-250,"80,0",*,"70,0",177,3,"3,0",2,3,Rectángulo,"36,500","6,46",,Mezcal de Gusano (Mezcal Dos Gusanos),AW,28/11/2006
,,69,M-3300-535,,"80,0",*,"70,0",343,3,"3,0",4,3,Rectángulo,"18,256","6,26",BT07,Rv Fresh Foods,Rotometrics,26/1/2024
,,92,MD-3030-031,,"80,0",*,"70,0",330,"3,0","3,0",3,4,Rectángulo,"24,342","8,03",BB06,Max World Trading,Rotometrics,3/10/2022
,77,56,830-065,A-101,"80,0",*,"80,0",177,3,"10,0",2,2,Cuadrado,"45,000","7,97",,,,
,136,69,830-127,A-164,"80,0",*,"107,0",94,0,"3,0",1,2,Rectángulo,"110,000","10,34",,TEC,,
,,104,M-910-379,,"80,0",*,"107,0",260,"3,0","3,1",3,3,Rectángulo,"36,689","9,54",CS28,Castro Felix,Rotometrics,21/4/2022
,,80,M-3300-101,,"80,0",*,"120,0",177,3,"7,0",2,2,Rectángulo,"63,500","11,24",GC02,Oculus Technologies,Rotometrics,12/1/2017
,,78,M-3300-418,,"80,0",*,"120,0",343,3,"3,8",4,2,Rectángulo,"30,956","10,62",BB26,Alfa Comercializadora,Rotometrics,3/10/2022
,,93,M-3300-496,,"80,0",*,"144,0",260,3,"3,6",3,2,Rectángulo,"49,213","12,80",WI02,Altatec de Occidente,Rotometrics,26/1/2024
,,93,M-3300-504,,"80,0",*,"144,0",260,3,"3,6",3,2,Rectángulo,"49,213","12,80",WI09,Altatec de Occidente,Rotometrics,26/1/2024
,639,47,830-662,F-202,"80,0",*,"145,0",177,3,"4,2",2,1,Rectángulo,"74,613","13,21",,,AW,5/4/2005
,679,50,830-703,F-242,"80,0",*,"155,5",177,3,"3,2",2,1,Rectángulo,"79,338","14,04",,Kodak de México,AW,2/5/2006
,,104,M-3300-140,,"80,0",*,"160,0",343,3,"5,1",4,2,Rectángulo,"41,275","14,16",CS27,Laboratorios Solfran,Rotometrics,14/12/2017
,,58,M-3300-284,,"80,0",*,"178,0",343,2,"6,2",4,1,Rectángulo,"46,038","15,79",CS28,Fabrica de Mermeladas,Rotometrics,5/4/2021
,,58,M-3300-166,,"80,0",*,"181,2",343,3,"3,0",4,1,Rectángulo,"46,038","15,79",MT03,Laboratorios Best,Rotometrics,21/2/2019
,,61,3300-003,,"80,0",*,"190,0",343,3,"3,7",4,1,Rectángulo,"48,419","16,61",,Barcel,AW,29/9/2008
,,125,MD-3030-014,,"80,0",*,"195,0",330,"3,0","3,4",3,2,Rectángulo,"66,146","21,83",BM06,Bio Agvet Internacional,Rotometrics,19/5/2022
,,125,MD-3030-072,,"80,0",*,"195,0",330,"3,0","3,4",3,2,Rectángulo,"66,146","21,83",CS40,Asesoría y Desarrollo de Productos Naturistas,Rotometrics,11/7/2023
,169,64,830-163,C-6,"80,0",*,"203,0",178,4,"0,0",2,1,Marbete *,"101,500","18,07",,,,
,,68,M-910-056,,"80,0",*,"213,0",260,3,"3,0",3,1,Rectángulo,"72,000","18,72",BB01,Tecsiquim,Rotometrics,23/10/2012
,,138,MD-3030-073,,"80,0",*,"215,0",330,"3,0","4,1",3,2,Rectángulo,"73,025","24,10",CS40,Asesoría y Desarrollo de Productos Naturistas,Rotometrics,11/7/2023
,,72,M-3300-125,,"80,0",*,"222,0",260,3,"6,6",3,1,Rectángulo,"76,200","19,81",BM06,Bodylogic Internacional,Rotometrics,14/12/2017
,,72,M-3300-091,,"80,0",*,"225,4",343,3,"3,2",4,1,Rectángulo,"57,150","19,60",BM02,Gibanibb,Rotometrics,12/1/2017
,569,82,830-587,F-136,"80,0",*,"257,0",177,3,"3,0",2,1,Rectángulo,"130,000","23,01",,,AW,24/12/2003
,,82,3300-041,,"80,0",*,"257,2",343,3,"3,2",4,1,Rectángulo,"65,088","22,33",,Industrias Wet Line,AW,23/8/2011
,114,90,830-104,A-141,"80,0",*,"282,0",177,3,"3,0",2,1,Rectángulo,"142,500","25,22",,SIERRA AZUL,,
,,65,M-910-248,,"81,0",*,"11,1",189,"9,1","6,1",2,12,Rectángulo,"8,599","1,63",DF921-1,Medtronic de México,Rotometrics,14/12/2017
,15,51,830-012,A-15,"81,0",*,"30,0",179,3,"2,0",2,5,Rectángulo,"16,000","2,86",,Reposición 11-04-06,,
,16,51,830-012A,A-16,"81,0",*,"30,0",179,3,"2,0",2,5,Rectángulo,"16,000","2,86",,,,
,,60,830-777,,"81,0",*,"44,5",179,3,"3,2",2,4,Rectángulo,"23,813","4,26",,Laboratorios Pisa,AW,28/7/2009
,,90,M-3300-018,,"81,0",*,"44,5",347,3,"3,2",4,6,Rectángulo,"11,906","4,13",CS02,Laboratorios Pisa,Rotometrics,19/9/2014
,,75,M-910-120,,"81,0",*,"44,5",263,"3,0","3,2",3,5,Rectángulo,"15,875","4,18",CS02,Laboratorios Pisa,Rotometrics,23/5/2014
,,75,M-910-371,,"81,0",*,"44,5",263,"3,0","3,2",3,5,Rectángulo,"15,875","4,18",BB15,Laboratorios Pisa,Rotometrics,21/4/2022
,,108,M-3300-045,,"81,0",*,"66,0",179,3,"3,0",2,5,Figura,"34,500","6,18",BT12,Henkel,Rotometrics,10/2/2015
,651,53,830-674,F-214,"81,0",*,"81,0",179,3,"3,1",2,2,Círculo,"42,069","7,53",,Circulo (Zear International),AW,31/5/2005
,716,79,830-740,,"81,0",*,"122,0",179,3,"3,4",2,2,Rectángulo,"62,706","11,22",,Corporacion Tectronic,AW,4/7/2007
,1094,92,910-362,I-351,"81,0",*,"143,0",263,3,"3,2",3,2,Rectángulo,"48,725","12,81",,Salsas Castillo,AW,26/3/2007
,,111,910-599,,"81,0",*,"173,0",179,3,"3,2",2,2,Rectángulo,"88,088","15,77",CS28,Salud Natural Mexicana,AW,5/7/2018
,151,56,830-142,B-7,"81,0",*,"175,0",179,3,"3,0",2,1,Rectángulo,"89,000","15,93",,,,
,107,65,830-097,A-134,"81,0",*,"203,0",179,3,"3,0",2,1,Rectángulo,"103,000","18,44",,,,
,,78,M-3300-289,,"81,0",*,"245,0",263,3,"3,0",3,1,Rectángulo,"82,667","21,74",MT02,Special Nutrution Group,Rotometrics,5/4/2021
,,156,MD-3030-016,,"81,0",*,"245,0",330,"3,0","3,0",3,2,Rectángulo,"82,667","27,28",BM06,Special Nutrition Group,Rotometrics,19/5/2022
,339,48,830-346,E-33,"82,0",*,"16,0",96,0,"3,0",1,8,Rectángulo,"19,000","1,82",,,,17/7/2000
,479,44,830-489,F-47,"82,0",*,"32,0",96,0,"3,1",1,4,Figura,"35,100","3,37",,,,21/3/2002
,282,52,830-288,D-84,"82,0",*,"38,0",181,3,"3,0",2,4,Rectángulo,"20,500","3,71",,TEL MEX,,7/9/2001
,,72,M-910-229,,"82,0",*,"42,2",181,"3,0","3,5",2,5,Rectángulo,"22,860","4,14",CS02,Pisa Agropecuaria,Rotometrics,5/6/2017
,141,46,830-132,A-169,"82,0",*,"45,0",181,3,"3,0",2,3,Rectángulo,"24,000","4,34",,"Reposición 07-02-06, segunda reposición 13-11-07",,
,370,51,830-379,E-67,"82,0",*,"51,0",181,3,"3,0",2,3,Rectángulo,"27,000","4,89",,Transtherm,,7/3/2003
,,54,830-774,,"82,0",*,"54,0",181,3,"3,2",2,3,Rectángulo,"28,588","5,17",,Laboratorios Pisa,AW,9/7/2009
,,83,M-3300-322,,"82,0",*,"62,0",266,3,"3,9",3,4,Figura,"21,960","5,84",CS27,Fabrica de Mermeladas,Rotometrics,5/4/2021
,316,66,830-322,E-6,"82,0",*,"67,0",181,3,"3,0",2,3,Rectángulo,"35,000","6,34",,,,
,579,52,830-598,F-146,"82,0",*,"80,0",181,3,"2,5",2,2,Rectángulo,"41,250","7,47",,kodak,AW,15/3/2004
,92,64,830-080,A-117,"82,0",*,"99,0",181,3,"3,0",2,2,Rectángulo,"51,000","9,23",,,,
,381,67,830-390,E-81,"82,0",*,"103,0",181,3,"3,0",2,2,Figura,"53,000","9,59",,Especial de Oro,,30/10/2000
,,104,M-3300-064,,"82,0",*,"108,0",351,3,"3,1",4,3,Figura (corte a dos niveles),"27,767","9,75",CU01,Mastronardi Produce,Rotometrics,3/9/2015
,,70,M-3300-169,,"82,0",*,"108,0",351,3,"3,2",4,2,Figura,"27,794","9,76",BT07,Centro Comercial Agrícola el Chapoteadero,Rotometrics,21/2/2019
,,70,M-3300-179,,"82,0",*,"108,0",351,3,"3,1",4,2,Rectángulo,"27,781","9,75",BT07,Mastronardi Produce,Rotometrics,21/2/2019
,,70,M-3300-333,,"82,0",*,"108,0",351,3,"3,1",4,2,Rectángulo,"27,781","9,75",BB06,Comercializadora Agrestre,Rotometrics,21/4/2022
,,70,M-3300-510,,"82,0",*,"108,0",351,3,"3,2",4,2,Figura,"27,794","9,76",CS28,Comercializadora Agrestre,Rotometrics,26/1/2024
,,70,M-3300-521,,"82,0",*,"108,0",351,3,"3,1",4,2,Rectángulo,"27,781","9,75",CS27,Mastronardi Produce,Rotometrics,26/1/2024
,,104,M-3300-389,,"82,0",*,"120,0",351,3,"3,1",4,3,Figura (corte a dos niveles),"30,767","10,80",CU01 (Cambio a CS40),Mastronardi Produce,Rotometrics,3/10/2022
,98,45,830-087,A-125,"82,0",*,"140,0",181,3,"3,0",2,1,Rectángulo,"71,500","12,94",,,,
,428,45,830-438,E-133,"82,0",*,"140,0",181,3,"3,1",2,1,Figura,"71,550","12,95",,El pato,,15/2/2001
,371,47,830-380,E-68,"82,0",*,"146,0",181,3,"3,4",2,1,Figura,"74,700","13,52",,Pato,,30/10/2000
,299,50,830-305,D-101,"82,0",*,"156,0",181,3,"3,0",2,1,Figura,"79,500","14,39",,,,15/2/2001
,,58,830-796,,"82,0",*,"181,2",181,3,"3,0",2,1,Rectángulo,"92,075","16,67",,Kodak Export de México,AW,2/7/2011
,,118,MD-3030-047,,"82,0",*,"370,0",330,"3,0","4,7",3,1,Rectángulo,"124,883","41,21",BM06,Alfa Comercializadora,Rotometrics,11/7/2023
,636,55,830-658,F-112,"82,5",*,"171,5",182,3,"3,2",2,1,Figura,"87,338","15,90",,Figura como de cuello,AW,5/4/2005
,,64,M-3300-438,,"83,0",*,"64,0",269,3,"3,7",3,3,Rectángulo,"22,578","6,07",MT11,Mastronardi Produce,Rotometrics,11/7/2023
,,69,3300-011,,"83,0",*,"70,0",355,3,"3,2",4,3,Figura,"18,294","6,49",,Mastronardi Produce,AW,11/8/2009
,697,74,830-721,F-762,"83,0",*,"76,0",183,3,"3,1",2,3,Figura,"39,530","7,23",,Destiladora de la Barranca (Propiedad de EEO),AW,28/11/2006
,,81,3300-012,,"83,0",*,"83,0",355,3,"3,2",4,3,Figura,"21,544","7,65",,Mastronardi Produce,AW,11/8/2009
,,81,3300-060,,"83,0",*,"83,0",355,3,"3,2",4,3,Figura,"21,546","7,65",CS06,Comercializadora de Berries,AW,5/3/2013
,708,81,830-732,,"83,0",*,"83,0",183,3,"3,2",2,3,Círculo,"43,088","7,89",,Cia. Tequilera de Jalisco,AW,4/7/2007
,,54,830-791,,"83,0",*,"83,0",183,3,"3,2",2,2,Cuadrado,"43,088","7,89",,Emerson Climate,AW,28/9/2010
,554,57,830-569,F-121,"83,0",*,"87,0",183,3,"3,0",2,2,Figura,"45,000","8,24",,BOOP Transparente,,5/7/2003
,,70,M-3300-367,,"83,0",*,"108,0",268,3,"3,2",3,2,Rectángulo,"37,058","9,93",CS28,Mastronardi Produce,Rotometrics,21/4/2022
,,76,M-3300-393,,"83,0",*,"117,0",269,3,"3,7",3,2,Figura,"40,217","10,82",CS13,Plásticos la Ardilla,Rotometrics,3/10/2022
,,77,830-851,,"83,0",*,"119,0",97,0,"3,2",1,2,Especial dos Rectángulos ,"122,238","11,86",DI22,Sierra Pack,AW,13/7/2020
,,88,910-595,,"83,0",*,"135,0",182,2,"4,7",2,2,Rectángulo (con otro Rectángulo dentro),"69,850","12,71",AA011,Medtronic (se usa con 910-596),AW,14/12/2017
,,88,910-596,,"83,0",*,"135,0",182,2,"4,7",2,2,Rectángulo y punteado (corta por debajo),"69,850","12,71",AA011,Medtronic (se usa con 910-595),AW,14/12/2017
,,88,M-910-312,,"83,0",*,"135,0",183,"2,0","4,7",2,2,Rectángulo con cortes internos,"69,850","12,78",TT22,Medtronic,Rotometrics,7/10/2019
,,81,M-3300-481,,"84,0",*,"61,3",272,3,"3,0",3,4,Figura,"21,431","5,83",WI14,Tequilera BSC,Rotometrics,26/1/2024
,,68,830-811,,"84,0",*,"69,0",185,3,"3,2",2,3,Figuta especial (Frente y contra),"36,088","6,68",,Fabrica Coronado,AW,3/4/2012
,,68,830-812,,"84,0",*,"69,0",185,3,"3,2",2,3,Figura especial,"36,088","6,68",,Fabrica Coronado,AW,3/4/2012
,,99,M-FA17-008,,"84,0",*,"76,0",363,3,"3,0",4,4,Figura (Se usa con M-FA17-009),"19,750","7,17",CS28,Mastronardi Produce,Rotometrics,3/10/2022
,,99,M-FA17-009,,"84,0",*,"76,0",363,3,"3,0",4,4,Figura (Se usa con M-FA17-008),"19,750","7,17",CS28,Mastronardi Produce,Rotometrics,3/10/2022
,1035,71,910-303,I-223,"84,0",*,"84,0",212,30,"30,0",2,2,Circulo especial (corta por el reverso con el suaje 910-311),"57,000","12,08",,Etiquetas Tintas y Suplementos (Corte por debajo con el suaje 910-311),AW,2/5/2006
,,85,M-3300-405,,"84,0",*,"265,0",272,3,"4,9",3,1,Figura,"89,958","24,47",CS28,Orora de México,Rotometrics,3/10/2022
,,85,M-3300-406,,"84,0",*,"265,0",272,3,"4,9",3,1,Figura,"89,958","24,47",BM07,Orora de México,Rotometrics,3/10/2022
,,108,M-3300-012,,"84,0",*,"340,0",272,3,"3,2",3,1,Rectángulo,"114,392","31,11",BB09,Reid de México,Kocher Bech,13/3/2014
,,63,910-490,,"84,5",*,"37,0",186,3,"3,2",2,5,Rectángulo,"20,088","3,74",,Sánchez Chávez León,AW,30/6/2010
,,93,MD-3030-052,,"85,0",*,"46,0",330,"3,0","3,2",3,6,Figura,"16,404","5,41",WI05,Skinpop,Rotometrics,11/7/2023
,406,60,830-416,E-108,"85,0",*,"55,0",111,0,"8,5",1,3,Rectángulo,"63,500","7,05",,Usar con 830-417,,17/3/2003
,,86,M-3300-502,,"85,0",*,"65,0",275,3,"3,3",3,4,Rectángulo,"22,754","6,26",BB15,Tequilera BSC,Rotometrics,26/1/2024
,,108,MD-3030-033,,"85,0",*,"65,0",330,"3,0","3,6",3,5,Rectángulo,"22,860","7,54",BM06,Omicronlab,Rotometrics,3/10/2022
,,104,M-910-211,,"85,0",*,"80,0",187,"3,0","3,0",2,4,Rectángulo,"41,500","7,76",CS02,Pisa Agropecuaria,Rotometrics,5/6/2017
,712,83,830-736,,"85,0",*,"85,0",187,3,"3,2",2,3,Círculo,"44,088","8,24",,Cia. Tequilera de Jalisco,AW,4/7/2007
,,83,M-910-153,,"85,0",*,"85,0",187,"3,0","3,2",2,3,Cuadrado,"44,088","8,24",TT01,Plasticos y Materias Primas,Rotometrics,10/2/2015
,330,68,830-336,E-22,"85,0",*,"105,0",187,3,"3,0",2,2,Rectángulo,"54,000","10,10",,,,
,,73,910-420,,"85,0",*,"112,0",187,3,"3,9",2,2,Rectángulo,"57,950","10,84",,Genomma Lab Internacional,AW,15/5/2008
,161,75,830-153,B-18,"85,0",*,"115,0",186,2,"4,0",2,2,Figura,"59,500","11,07",,,,
,229,41,830-233,D-30,"85,0",*,"127,0",186,2,"2,0",2,1,Rectángulo,"64,500","12,00",,,,
,859,51,910-125,I-64,"85,0",*,"158,0",187,3,"4,0",2,1,Figura,"81,000","15,15",,Futurama (C&C),,9/10/2002
,,60,M-3300-461,,"85,0",*,"186,0",275,3,"4,5",3,1,3 figuras en el mismo suaje,"63,500","17,46",WI05,Eladio Montes Rivera,Rotometrics,11/7/2023
,463,67,830-473,F-31,"85,0",*,"210,0",99,0,"2,7",1,1,Figura,"212,700","21,06",,,,9/11/2001
,127,69,830-117,A-154,"85,0",*,"215,0",187,3,"3,0",2,1,Rectángulo,"109,000","20,38",,,,
,517,58,830-529,F-85,"85,0",*,"216,0",99,0,"0,0",1,1,Marbete,"216,000","21,38",,C/precorte a 140 mm,,18/7/2002
,,72,M-3300-164,,"85,0",*,"225,0",275,3,"3,6",3,1,Rectángulo,"76,200","20,96",CS30,Salsas Castillo,Rotometrics,21/2/2019
,,75,M-3300-317,,"85,0",*,"235,0",275,3,"3,1",3,1,Figura,"79,375","21,83",BB15,Laboratorios Pisa,Rotometrics,5/4/2021
,1072,80,910-340,I-256,"85,0",*,"251,0",187,3,"3,2",2,1,Rectángulo,"127,088","23,77",,Salsas Castillo,AW,26/3/2007
,953,54,910-220,I-148,"86,0",*,"10,0",189,3,"3,2",2,13,Figura,"6,590","1,25",,Rectángulo con los lados redondeados,C&C,17/12/2004
,952,63,910-219,I-147,"86,0",*,"30,0",189,3,"3,3",2,6,Figura,"16,665","3,15",,Circulo con tiras a los lados,C&C,17/12/2004
,,90,M-3300-052,,"86,0",*,"43,0",189,3,"4,6",2,6,Figura (frente),"23,813","4,50",BT12,Tecnosol,Rotometrics,15/7/2015
,,90,M-3300-053,,"86,0",*,"43,0",189,3,"4,6",2,6,Figura (reverso),"23,813","4,50",BT12,Tecnosol,Rotometrics,15/7/2015
,,72,M-3300-023,,"86,0",*,"73,0",278,3,"3,2",3,3,Rectángulo,"25,400","7,06",MT02,Tequila Centinela (Cabrito),Rotometrics,19/9/2014
,1134,64,910-402,,"86,0",*,"102,0",190,4,"0,0",2,2,Marbete,"51,000","9,69",,Casa Ley,AW,25/10/2007
,458,78,830-468,F-26,"86,0",*,"121,0",189,3,"3,0",2,2,Figura,"62,000","11,72",,M.C. Metalizado Plata,,2/5/2003
,,96,M-910-065,,"86,0",*,"150,0",189,3,"3,0",2,1,Rectángulo,"76,500","14,46",CS06,Salsas Castillo,Rotometrics,5/3/2013
,822,53,910-088,I-26,"86,0",*,"165,0",189,3,"3,0",2,1,Rectángulo,"84,000","15,88",,,,17/7/2000
,,59,M-3300-495,,"86,0",*,"184,0",278,3,"3,3",3,1,Rectángulo,"62,442","17,36",BB15,Industrializadora Alceda,Rotometrics,26/1/2024
,,118,MD-3030-060,,"86,0",*,"184,0",330,"3,0","3,3",3,2,Rectángulo,"62,442","20,61",BB15,Industrializadora Alceda,Rotometrics,11/7/2023
,,121,M-3300-394,,"86,0",*,"381,0",278,3,"3,2",3,1,Rectángulo,"128,058","35,60",TT17,Fresenuis Medical Care de Mécico,Rotometrics,3/10/2022
,245,48,830-250,D-47,"87,0",*,"38,0",101,0,"0,0",1,4,Marbete,"38,000","3,84",,,,
,920,60,910-186,I-116,"87,0",*,"38,0",191,3,"0,0",2,3,Marbete,"19,000","3,63",,,,29/6/2004
,,76,M-3300-111,,"87,0",*,"57,0",281,3,"3,3",3,4,Figura,"20,108","5,65",CS28,Fabrica de Mermeladas,Rotometrics,5/6/2017
,,83,910-449,,"87,0",*,"85,0",191,3,"3,2",2,3,Figura,"44,088","8,42",,Fabrica Coronado,AW,20/3/2009
,,85,M-3300-355,,"87,0",*,"87,0",281,3,"3,0",3,3,Figura,"30,000","8,43",CS28,Mainland Farms,Rotometrics,21/4/2022
,,104,M-910-107,,"87,0",*,"322,0",191,"3,0","8,7",2,1,Rectángulo,"165,350","31,58",MT01,Bodylogic,Rotometrics,13/3/2014
,,104,M-910-361,,"87,0",*,"322,0",191,"3,0","8,7",2,1,Rectángulo,"165,350","31,58",BM07,Bodylogic,Rotometrics,5/4/2021
,,80,M-3300-036,,"88,0",*,"81,0",284,3,"3,7",3,3,Figura,"28,222","8,02",BB01,Genomma Lab Internacional (Vanart),Rotometrics,10/2/2015
,137,43,830-128,A-165,"88,0",*,"102,0",109,0,"35,0",1,1,Rectángulo,"137,000","14,93",,Mexpress (suaje para usarse con 830-107),,
,,76,M-3300-110,,"88,0",*,"116,0",283,3,"5,7",3,2,Rectángulo,"40,550","11,48",CS06,Pisa Agropecuaria,Rotometrics,5/6/2017
,906,78,910-172,I-106,"88,0",*,"120,0",193,3,"4,0",2,2,Rectángulo,"62,000","11,97",,kodak,AW,15/3/2004
,841,53,910-107,I-46,"88,0",*,"165,0",193,3,"3,2",2,1,Figura,"84,100","16,23",,El pato,,15/2/2001
,,66,M-910-238,,"88,5",*,"22,5",195,"3,0","3,7",2,8,Rectángulo,"13,097","2,55",PB01,Altatec de Occidente,Rotometrics,4/9/2017
,170,44,830-164,C-7,"89,0",*,"11,0",103,0,"3,0",1,10,Fig. Joyeria,"14,000","1,44",,JOYERIA,,
,530,46,830-544,F-98,"89,0",*,"11,0",103,0,"3,0",1,10,Rectángulo,"14,000","1,44",,,,9/10/2002
,,72,M-830-026,,"89,0",*,"11,0",103,0,"3,3",1,16,Figura (joyería),"14,288","1,47",BB21,Monica Sánchez,Rotometrics,15/7/2015
,,72,M-830-075,,"89,0",*,"11,0",103,0,"2,3",1,16,Figura (joyería),"13,288","1,37",BB06,Monica Sánchez,Rotometrics,14/12/2017
,104,45,830-093,A-131,"89,0",*,"25,0",195,3,"3,0",2,5,Rectángulo,"14,000","2,73",,,,
,839,54,910-105,I-43,"89,0",*,"25,0",195,3,"3,0",2,6,Rectángulo,"14,000","2,73",,,,30/10/2000
,,65,M-910-200,,"89,0",*,"38,1",195,"3,0","3,2",2,5,Rectángulo,"20,638","4,02",TT17,Xpress Industrial,Rotometrics,12/1/2017
,542,46,830-556,F-110,"89,0",*,"46,0",103,0,"3,0",1,3,Rectángulo,"49,000","5,05",,Transtherm,,2/5/2003
,,85,M-3300-356,,"89,0",*,"51,0",287,3,"3,2",3,5,Rectángulo,"18,058","5,18",TT31,Mastronardi Produce,Rotometrics,21/4/2022
,,68,M-910-098,,"89,0",*,"51,0",195,"3,0","3,2",2,4,Rectángulo,"27,088","5,28",TT01,Etiquetas Electronicas,Rotometrics,16/12/2013
,1020,55,910-288,I-208,"89,0",*,"55,0",195,3,"3,2",2,3,Figura especial corte comp.,"29,088","5,67",,Botas establo (corte completo para cartoncillo),AW,2/5/2006
,,76,M-3300-039,,"89,0",*,"57,0",287,3,"3,3",3,4,Figura,"20,108","5,77",CS08,Pimientos Selectos,Rotometrics,10/2/2015
,,76,M-3300-532,,"89,0",*,"57,0",287,3,"3,3",3,4,Rectángulo,"20,108","5,77",CS28,Mastronardi Produce,Rotometrics,26/1/2024
,732,58,830-756,,"89,0",*,"58,2",103,0,"3,2",1,3,Rectángulo con cortes especiales,"61,383","6,32",,Corporación Tectronic (se usa con 830-857),AW,29/11/2007
,733,58,830-757,,"89,0",*,"58,2",103,0,"3,2",1,3,Rectángulo con cortes especiales por debajo,"61,383","6,32",,Corporación Tectronic (se usa con 830-856),AW,29/11/2007
,,80,M-3300-335,,"89,0",*,"60,0",287,3,"3,5",3,4,Figura (Frente),"21,167","6,07",MT03,Barcel,Rotometrics,21/4/2022
,,80,M-3300-336,,"89,0",*,"60,0",287,3,"3,5",3,4,Figura (Frente),"21,167","6,07",BM07,Barcel,Rotometrics,21/4/2022
,,80,M-3300-337,,"89,0",*,"60,0",287,3,"3,5",3,4,Figura (Frente),"21,167","6,07",GC05,Barcel,Rotometrics,21/4/2022
,,80,M-3300-398,,"89,0",*,"60,0",287,3,"3,5",3,4,Figura,"21,167","6,07",CS28,Barcel,Rotometrics,3/10/2022
,,64,M-3300-004,,"89,0",*,"63,0",287,3,"4,0",3,3,Rectángulo,"22,333","6,41",CS08,Mastronardi Produce,Rotometrics,8/11/2013
,,63,3300-015,,"89,0",*,"64,0",287,3,"3,2",3,3,Rectángulo,"22,392","6,43",,Mastronardi Produce,AW,30/11/2009
,1108,63,910-376,,"89,0",*,"64,0",195,3,"3,2",2,3,Rectángulo,"33,588","6,55",,San José y su Agricultura,AW,4/7/2007
,,108,M-3300-485,,"89,0",*,"64,0",287,3,"4,6",3,5,Rectángulo con corte punteado,"22,860","6,56",BT07,Kobayashi América Manufacturing,Rotometrics,26/1/2024
,,64,M-3300-008,,"89,0",*,"65,0",287,3,"3,0",3,3,Figura,"22,667","6,51",CS08,Mastronardi Produce,Rotometrics,16/12/2013
,,64,M-3300-115,,"89,0",*,"66,0",287,3,"2,7",3,3,Figura,"22,911","6,58",BT01,Mastronardi Produce,Rotometrics,4/9/2017
,,72,M-3300-083,,"89,0",*,"73,0",287,3,"3,4",3,3,Figura,"25,463","7,31",GC06,Colgate Palmolive,Rotometrics,14/7/2016
,1076,75,910-344,I-254,"89,0",*,"76,2",195,3,"3,2",2,3,Figura,"39,688","7,74",,Gobierno del Estado de San Luis (Propiedad de EEO)(Reposición por daños 18-09-08),AW,28/11/2006
,318,58,830-324,E-8,"89,0",*,"89,0",103,0,"3,0",1,2,Cuadrado,"92,000","9,48",,,,
,649,58,830-672,F-212,"89,0",*,"89,0",103,0,"3,2",1,2,Cuadrado,"92,175","9,49",,Cuadrado con cortes de seguridad,AW,10/5/2005
,1075,58,910-343,I-253,"89,0",*,"89,0",195,3,"3,2",2,2,Figura,"46,088","8,99",,Gobierno del Estado de San Luis (Propiedad de EEO),AW,28/11/2006
,,58,910-425,,"89,0",*,"89,0",195,3,"3,2",2,2,Cuadrado,"46,088","8,99",,Pilgrim´s Pride,AW,29/5/2008
,,87,910-426,,"89,0",*,"89,0",195,3,"3,2",2,3,Cuadrado,"46,088","8,99",,Pilgrim´s Pride,AW,29/5/2008
,,88,M-3300-423,,"89,0",*,"89,0",287,3,"4,1",3,3,Circulo,"31,044","8,91",BT29,Naturesweet Invernaderos,Rotometrics,3/10/2022
,739,64,910-003,A-30,"89,0",*,"99,0",195,3,"3,0",2,2,Rectángulo,"51,000","9,95",,,,
,35,78,830-028,A-59,"89,0",*,"121,0",195,3,"3,0",2,2,Rectángulo,"62,000","12,09",,,,
,666,82,830-690,F-229,"89,0",*,"127,0",103,0,"3,2",1,2,Rectángulo,"130,175","13,41",,Kodak de México (Reposición con 2d 04-09-08),AW,20/10/2005
,757,92,910-022,G-12,"89,0",*,"143,0",195,3,"3,0",2,2,Rectángulo,"73,000","14,24",,,,
,1045,96,910-313,I-361,"89,0",*,"149,0",195,3,"3,4",2,2,Rectángulo con cortes especiales,"76,200","14,86",,Grupo Etytec (Se usa con suaje 830-314),AW,2/5/2006
,1046,96,910-314,I-362,"89,0",*,"149,0",195,3,"3,4",2,2,Cortes especiales por debajo,"76,200","14,86",,Grupo Etytec (Se usa con suaje 830-313 corte por debajo),AW,2/5/2006
,,57,910-486,,"89,0",*,"178,0",195,3,"3,2",2,1,Rectángulo,"90,588","17,66",,Agroveg Products,AW,3/5/2010
,825,65,910-091,I-30,"89,0",*,"203,0",195,3,"3,2",2,1,Rectángulo,"103,088","20,10",,Alberto Morales,,27/5/2008
,195,44,830-198,C-34,"90,0",*,"14,0",104,3,"3,0",1,8,Rectángulo,"17,000","1,77",,,,
,121,49,830-111,A-148,"90,0",*,"36,0",104,0,"3,0",1,4,Rectángulo,"39,000","4,06",,Prestado,,
,,55,910-465,,"90,0",*,"55,0",197,3,"3,2",2,3,Figura,"29,088","5,73",,Quimica DAAO,AW,2/7/2009
,835,59,910-101,I-39,"90,0",*,"59,0",197,"3,2","3,0",2,3,Figura,"31,000","6,11",,Tequila Pura sangre,,30/10/2000
,,80,M-3300-445,,"90,0",*,"60,3",290,3,"3,2",3,4,Figura,"21,167","6,14",WI11,Tequilera BSC,Rotometrics,11/7/2023
,1052,60,910-320,I-237,"90,0",*,"60,4",197,3,"3,2",2,3,Rectángulo,"31,788","6,26",,Propiedad de EEO,AW,28/11/2006
,,83,M-3300-241,,"90,0",*,"62,0",290,3,"3,9",3,4,Rectángulo,"21,960","6,37",MT02,Tequila Orendain de Jalisco,Rotometrics,13/7/2020
,,63,910-527,,"90,0",*,"64,0",197,3,"3,2",2,3,Figura,"33,588","6,62",,Comercializadora Tramonto,AW,7/10/2011
,,65,M-910-115,,"90,0",*,"65,0",197,"3,0","3,8",2,3,Rectángulo,"34,396","6,78",CS02,Laboratorios Pisa,Rotometrics,23/5/2014
,,65,M-910-388,,"90,0",*,"65,0",197,"3,0","3,8",2,3,Rectángulo,"34,396","6,78",BB06,Laboratorios Pisa,Rotometrics,21/4/2022
,874,69,910-140,I-76,"90,0",*,"70,0",197,3,"3,0",2,3,Rectángulo,"36,500","7,19",,C.S.,,2/5/2003
,,72,910-517,,"90,0",*,"73,0",197,3,"3,2",2,3,Rectángulo,"38,100","7,51",,Mexicana de Lubricantes,AW,6/6/2011
,817,50,910-083,I-21,"90,0",*,"76,0",197,3,"3,0",2,2,Rectángulo,"39,500","7,78",,,,
,823,50,910-089,I-27,"90,0",*,"76,0",197,3,"3,0",2,2,Rectángulo,"39,500","7,78",,,,17/7/2000
,,78,910-448,,"90,0",*,"79,4",197,3,"3,2",2,3,Figura,"41,288","8,13",,Nutriagaves de México,AW,20/3/2009
,1059,53,910-327,I-242,"90,0",*,"81,0",197,3,"3,2",2,2,Rectángulo,"42,088","8,29",,Mezcales de Gusano (Mezcal dos gusanos),AW,28/11/2006
,,54,910-577,,"90,0",*,"86,0",198,4,"0,0",2,2,Marbete especial,"43,000","8,51",CA01,Monica Sánchez,AW,2/2/2016
,,88,M-3300-162,,"90,0",*,"89,0",290,3,"4,1",3,3,Rectángulo,"31,044","9,00",BB27,Oculus Technologies,Rotometrics,5/7/2018
,807,59,910-073,I-11,"90,0",*,"90,0",198,"3,5","3,5",2,2,Cuadrado,"46,750","9,26",,,,
,808,59,910-074,I-12,"90,0",*,"90,0",198,"3,5","3,5",2,2,Circunferencia,"46,750","9,26",,,,
,,90,M-3300-225,,"90,0",*,"90,0",290,3,"5,3",3,3,Cuadrado,"31,750","9,21",MT02,Fruits Giddings,Rotometrics,7/10/2019
,,88,M-3300-353,,"90,0",*,"90,0",290,3,"3,1",3,3,Cuadrado,"31,044","9,00",BT07,Mastronardi Produce,Rotometrics,21/4/2022
,,85,910-421,,"90,0",*,"132,0",197,3,"3,2",2,2,Figura,"67,588","13,31",,Pilgrim´s Pride,AW,15/5/2008
,,86,M-830-033,,"90,0",*,"132,0",104,0,"4,5",1,2,Figura,"136,525","14,20",BB01,Bunker Electrónics,Rotometrics,27/10/2015
,,88,M-910-422,,"90,0",*,"136,0",197,"3,0","3,7",2,2,Rectángulo,"69,850","13,76",BB15,Comercializadora Transfer Naga,Rotometrics,11/7/2023
,,88,MD-3030-041,,"90,0",*,"137,0",330,"3,0","3,0",3,2,Rectángulo,"46,667","15,40",BM09,Comercializadora Transfer Naga,Rotometrics,11/7/2023
,,90,M-910-411,,"90,0",*,"140,0",197,"3,0","3,0",2,2,Rectángulo,"71,500","14,09",TT36,Laboratorios Pisa,Rotometrics,3/10/2022
,,49,830-761,,"90,0",*,"152,4",104,0,"3,2",1,1,Rectángulo con cortes especiales,"155,575","16,18",,(Se usa con 830-762) Fundación Mexicana de Tejidos,AW,7/7/2008
,,49,830-762,,"90,0",*,"152,4",104,0,"3,2",1,1,Cortes punteados,"155,575","16,18",,(Se usa con 830-761) Fundación Mexicana de Tejidos,AW,7/7/2008
,,116,MD-3030-069,,"90,0",*,"180,0",330,"3,0","4,2",3,2,Rectángulo,"61,383","20,26",BB15,Rastro Figorifico Obrador San Martín,Rotometrics,11/7/2023
,,64,M-830-151,,"90,0",*,"200,0",104,0,"3,2",1,1,Rectángulo,"203,200","21,13",TT36,Laboratorios Pisa,Rotometrics,3/10/2022
,,66,M-910-404,,"90,0",*,"206,0",197,"3,0","3,6",2,1,Rectángulo,"104,775","20,64",TT06,Thales Dis México,Rotometrics,3/10/2022
,199,76,830-202,C-38,"90,0",*,"238,0",104,2,"2,0",1,1,Rectángulo,"240,000","24,96",,,,
,,78,M-3300-184,,"90,0",*,"245,0",290,3,"3,2",3,1,Rectángulo,"82,725","23,99",BT20,EEO,Rotometrics,21/2/2019
,,78,M-3300-189,,"90,0",*,"245,0",290,3,"3,2",3,1,Rectángulo,"82,725","23,99",CS28,EEO,Rotometrics,21/2/2019
,832,104,910-098,I-36,"90,0",*,"326,0",197,3,"4,0",2,1,Rectángulo,"165,000","32,51",,(J.R.),,27/8/2001
,,112,MD-3030-034,,"90,0",*,"352,0",330,"3,0","3,6",3,1,Rectángulo,"118,533","39,12",BM06,Nutrición Ela,Rotometrics,3/10/2022
,379,48,830-388,E-79,"91,0",*,"73,0",105,0,"3,1",1,2,Rectángulo,"76,100","7,99",,Rep. Gasca,,30/10/2000
,,72,910-477,,"91,0",*,"73,0",199,3,"3,2",2,3,Dos figuras,"38,100","7,58",,Norma Valtierra Perales (Frente y contra),AW,5/1/2010
,,70,3300-077,,"91,0",*,"108,0",293,3,"3,2",3,2,Figura,"37,058","10,86",BT01,Mastronardi Produce,AW,12/1/2017
,,88,M-3300-076,,"91,0",*,"136,0",293,3,"4,1",3,2,Figura,"46,700","13,68",CS02,Del Campo y Asociados,Rotometrics,2/2/2016
,,92,910-417,,"91,0",*,"143,0",199,3,"3,2",2,2,dos figuras en el mismo suaje,"73,088","14,54",,Alejandro Zurita,AW,17/4/2008
,,65,3300-019,,"92,0",*,"38,0",296,3,"3,3",3,5,Rectángulo,"13,758","4,07",,Jugos del Valle,AW,3/5/2010
,1002,52,910-270,I-191,"92,0",*,"52,0",201,3,"3,2",2,3,Rectángulo,"27,588","5,55",,Los Danzantes,AW,23/9/2005
,,76,3300-032,,"92,0",*,"56,3",296,3,"4,0",3,4,Figura,"20,108","5,95",,Sunbelle de México,AW,6/6/2011
,,76,M-910-015,,"92,0",*,"56,3",201,3,"4,0",2,4,Figura,"30,163","6,06",CS22,Sun Belle de Mexico,Rotometrics,17/4/2008
,909,57,910-175,I-108,"92,0",*,"57,0",201,3,"3,0",2,3,Rectángulo,"30,000","6,03",,,,28/4/2004
,773,62,910-040,H-5,"92,0",*,"62,0",201,3,"3,0",2,3,Ovalo,"32,500","6,53",,Trademax,,2/5/2003
,,80,M-3300-135,,"92,0",*,"81,0",296,3,"3,7",3,3,Figura,"28,222","8,35",CS28,Sun Belle de Mexico,Rotometrics,14/12/2017
,827,84,910-093,F-303,"92,0",*,"88,9",201,3,"0,0",2,3,Marbete,"44,450","8,93",,"Navaja punteda 10 perf. X"".  / Circulo corte interno",AW,2/8/2004
,992,84,910-260,I-186,"92,0",*,"89,0",201,3,"0,0",2,3,Marbete,"44,500","8,94",,Technicolor (Nueva figura),AW,1/8/2005
,,90,M-3300-316,,"92,0",*,"92,0",296,3,"3,3",3,3,Figura,"31,750","9,40",CS27,Alpasa Farms,Rotometrics,5/4/2021
,978,56,910-246,I-174,"92,0",*,"175,0",201,3,"3,2",2,1,Figura,"89,088","17,91",,Figura Especial (Zear International),AW,31/5/2005
,,104,M-3300-314,,"93,0",*,"63,0",299,3,"3,0",3,5,Figura,"22,013","6,58",MT02,Barcel,Rotometrics,5/4/2021
,,104,M-3300-315,,"93,0",*,"63,0",299,3,"3,0",3,5,Figura,"22,013","6,58",CS28,Barcel,Rotometrics,5/4/2021
,,59,3300-023,,"93,0",*,"91,0",299,3,"3,0",3,2,Rectángulo,"31,333","9,37",,Carlos Ibarra Rangel,AW,28/9/2010
,,78,3300-076,,"93,0",*,"121,0",299,3,"3,2",3,2,Rectángulo,"41,392","12,38",BT12,Henkel,AW,2/2/2016
,,85,910-588,,"93,0",*,"131,4",203,3,"3,5",2,2,Rectángulo,"67,469","13,70",CS02,Pisa Agropecuaria,AW,5/6/2017
,,85,910-567,,"93,0",*,"132,0",203,3,"3,4",2,2,Rectángulo,"67,719","13,75",CS01,Laboratorios pisa,AW,10/2/2015
,869,62,910-135,I-71,"93,0",*,"194,0",203,3,"2,5",2,1,Figura,"98,250","19,94",,P/C.S.,,7/3/2003
,916,67,910-182,I-112,"93,0",*,"210,0",203,3,"3,0",2,1,Rectángulo,"106,500","21,62",,,,28/4/2004
,939,132,910-205,I-350,"93,0",*,"416,6",203,3,"2,7",2,1,Figura,"209,650","42,56",,,C&C,2/8/2004
,759,64,910-024,G-15,"94,0",*,"25,0",206,4,"0,0",2,8,Marbete,"12,500","2,58",,CARTONCILLO,,
,314,56,830-320,E-4,"94,0",*,"56,0",108,0,"3,0",1,3,Figura,"59,000","6,37",,,,
,,64,3300-058,,"94,0",*,"64,0",302,3,"3,7",3,3,Figura,"22,580","6,82",CS08,Del Campo y Asociados,AW,5/3/2013
,,64,3300-020,,"94,0",*,"65,0",302,3,"3,2",3,3,Figura,"22,725","6,86",,Barcel,AW,3/5/2010
,889,64,910-155,I-89,"94,0",*,"65,0",205,3,"3,0",2,3,Figura,"34,000","6,97",,C.S.,AW,15/8/2003
,196,44,830-199,C-35,"95,0",*,"17,4",102,0,"0,0",1,,Navaja,"17,400","1,77",,VALYCONTROL (Navaja punteada)+R4,,
,794,50,910-060,H-24,"95,0",*,"29,0",207,3,"3,0",2,5,Rectángulo,"16,000","3,31",,,,
,467,52,830-477,F-35,"95,0",*,"38,0",109,0,"3,3",1,4,Rectángulo,"41,300","4,50",,,,10/12/2001
,,54,910-452,,"95,0",*,"40,0",207,3,"2,9",2,4,Figura,"21,432","4,44",,Laboratorios Jaloma,AW,20/3/2009
,309,57,830-315,D-111,"95,0",*,"42,0",109,0,"3,0",1,4,Rectángulo,"45,000","4,91",,,,
,,72,M-3300-209,,"95,0",*,"42,0",305,3,"3,7",3,5,Figura (contra),"15,240","4,65",BT07,Laboratorios Jaloma,Rotometrics,7/10/2019
,,72,M-3300-210,,"95,0",*,"42,0",305,3,"3,7",3,5,Figura (frente),"15,240","4,65",BT07,Laboratorios Jaloma,Rotometrics,7/10/2019
,,75,M-830-038,,"95,0",*,"45,0",109,0,"2,6",1,5,Rectángulo,"47,625","5,19",CS02,Faret Autopartes,Rotometrics,2/2/2016
,,88,MD-3030-024,,"95,0",*,"66,0",330,"3,0","3,9",3,4,Rectángulo,"23,283","7,68",WI09,Cia Tequilera los Alambiques,Rotometrics,19/5/2022
,956,69,910-223,I-151,"95,0",*,"70,0",207,3,"3,2",2,3,Figura,"36,588","7,57",,,AW,17/12/2004
,911,49,910-177,I-109,"95,0",*,"75,0",207,3,"3,0",2,2,Figura,"39,000","8,07",,,,28/4/2004
,1137,60,910-405,,"95,0",*,"92,1",207,3,"3,2",2,2,Figura irregular,"47,625","9,86",,Comercializadora Zarattini,AW,29/11/2007
,1019,62,910-287,I-207,"95,0",*,"95,0",207,3,"3,4",2,2,Figura especial,"49,213","10,19",,Higiene Infantil,AW,2/5/2006
,,62,830-818,,"95,0",*,"95,3",109,0,"3,2",1,2,Cuadrado,"98,425","10,73",TT01,Soluciones Médicas,AW,16/8/2013
,462,68,830-472,F-30,"95,0",*,"105,0",109,0,"3,0",1,2,Figura,"108,000","11,77",,,,7/11/2001
,966,70,910-234,I-162,"95,0",*,"108,0",207,3,"3,2",2,2,Rectángulo,"55,588","11,51",,,AW,5/4/2005
,432,74,830-442,F-1,"95,0",*,"114,0",109,0,"3,1",1,2,Rectángulo,"117,100","12,76",,,,15/2/2001
,898,78,910-164,I-98,"95,0",*,"124,0",208,4,"0,0",2,2,Marbete,"62,000","12,90",,Cartoncillo 200,AW,23/12/2003
,,126,MD-3030-038,,"95,0",*,"130,0",330,"3,0","3,4",3,3,Figura,"44,450","14,67",BM06,Max World Trading,Rotometrics,11/7/2023
,117,86,830-107,A-144,"95,0",*,"133,0",109,0,"3,0",1,2,Rectángulo,"136,000","14,82",,Mexpress (Se usa con el suaje 830-128),,
,,86,M-830-008,,"95,0",*,"133,0",109,0,"3,5",1,2,Rectángulo especial,"136,525","14,88",TT01,Etiquetas Electrónicas,Rotometrics,13/3/2014
,,86,M-830-140,,"95,0",*,"133,0",109,0,"3,5",1,2,Rectángulo con cortes internos (Corte por arriba se usa con M-830-141),"136,525","14,88",TT06,Pickle Corporation,Rotometrics,21/4/2022
,,86,M-830-141,,"95,0",*,"133,0",109,0,"3,5",1,2,Navajas (Corte por debajo se usa con M-830-140),"136,525","14,88",TT06,Pickle Corporation,Rotometrics,21/4/2022
,,90,3300-014,,"95,0",*,"140,0",305,3,"3,2",3,2,Rectángulo,"47,725","14,56",,Envasadora de Aguas de México,AW,11/8/2009
,,102,910-572,,"95,0",*,"160,0",207,3,"2,4",2,2,Rectángulo,"81,213","16,81",CS02,Pisa Agropecuaria,AW,15/7/2015
,,106,3300-006,,"95,0",*,"165,1",305,3,"3,2",3,2,Rectángulo,"56,092","17,11",,Grupo ETS,AW,27/11/2008
,836,76,910-102,I-40,"95,0",*,"238,0",207,3,"3,1",2,1,Rectángulo,"120,550","24,95",,Arr,,30/10/2000
,,78,3300-008,,"95,0",*,"244,5",305,3,"3,2",3,1,Rectángulo,"82,558","25,18",,Barcel,AW,1/4/2009
,850,78,910-116,I-55,"95,0",*,"245,0",207,"3,1","3,1",2,1,Rectángulo,"124,050","25,68",,,,4/4/2002
,,99,3300-046,,"95,0",*,"310,0",305,3,"4,3",3,1,Rectángulo,"104,775","31,96",,Barcel,AW,7/10/2011
,319,100,830-325,E-9,"95,0",*,"314,0",109,0,"3,0",1,1,Figura,"317,000","34,55",,,,30/10/2000
,,81,3300-013,,"95,3",*,"83,0",306,3,"3,2",3,3,Figura,"28,725","8,79",,Mastronardi Produce,AW,11/8/2009
,895,65,910-161,I-95,"96,0",*,"48,0",209,3,"3,0",2,4,Figura,"25,500","5,33",,C.S.,AW,15/11/2003
,,66,M-910-234,,"96,0",*,"49,0",209,"3,0","3,4",2,4,Rectángulo,"26,194","5,47",BT01,Bodylogic Internacional,Rotometrics,4/9/2017
,760,69,910-025,G-16,"96,0",*,"69,0",209,"2,5","3,0",2,3,Rectángulo,"36,000","7,52",,,,
,,96,M-910-151,,"96,0",*,"99,0",209,"3,0","3,0",2,3,Rectángulo,"51,000","10,66",BB01,Laboratorios Pisa,Rotometrics,10/2/2015
,,85,910-576,,"96,0",*,"131,4",209,3,"3,5",2,2,Rectángulo,"67,469","14,10",CS02,Pisa Agropecuaria,AW,27/10/2015
,393,45,830-403,E-95,"96,0",*,"140,0",110,0,"3,1",1,1,Figura,"143,120","15,74",,,,30/10/2000
,,104,M-910-226,,"96,0",*,"161,0",209,"3,0","4,1",2,2,Figura,"82,550","17,25",CS02,Ojai Alimentos,Rotometrics,5/6/2017
,,90,M-3300-476,,"96,0",*,"280,0",308,3,"5,8",3,1,Rectángulo,"95,250","29,34",BB15,Industrializadora Alceda,Rotometrics,11/7/2023
,,61,910-523,,"97,0",*,"36,0",211,3,"3,2",2,5,Figura,"19,588","4,13",,Productos Verde Valle,AW,23/8/2011
,,94,3300-016,,"97,0",*,"71,4",311,3,"3,2",3,4,Figura,"24,868","7,73",,Mastronardi Produce,AW,5/1/2010
,771,51,910-037,H-2,"97,0",*,"78,0",211,3,"3,0",2,2,Rectángulo,"40,500","8,55",,,,
,,103,MD-3030-018,,"97,0",*,"78,0",330,"3,0","3,8",3,4,Rectángulo,"27,252","8,99",CS28,Comercializadora Agropecuaria de Degollado,Rotometrics,19/5/2022
,,74,M-910-067,,"97,0",*,"113,0",211,3,"4,5",2,2,Rectángulo,"58,738","12,39",GC01,Tequila Supremo,Rotometrics,5/3/2013
,,74,M-910-118,,"97,0",*,"113,0",211,"3,0","4,5",2,2,Rectángulo,"58,738","12,39",CS02,NatureSweet Invernaderos,Rotometrics,23/5/2014
,,80,3300-024,,"97,0",*,"251,0",311,3,"3,2",3,1,Figura especial,"84,725","26,35",,Alfonso Azpeitia,AW,1/11/2010
,914,86,910-180,I-347,"97,0",*,"270,0",211,3,"3,0",2,1,Rectángulo,"136,500","28,80",,,,28/4/2004
,475,60,830-485,F-43,"98,0",*,"44,5",112,0,"3,1",1,4,Figura,"47,600","5,33",,,,16/3/2002
,76,48,830-064,A-100,"98,0",*,"51,0",112,0,"25,0",1,2,Rectángulo,"76,000","8,51",,,,
,,68,M-830-143,,"98,0",*,"51,0",112,0,"3,0",1,4,Rectángulo,"53,975","6,05",PB05,Motores Electromex de México,Rotometrics,21/4/2022
,,74,M-830-161,,"98,0",*,"74,0",112,0,"4,3",1,3,Rectángulo,"78,316","8,77",TT06,Thales Dis México,Rotometrics,26/1/2024
,,78,910-555,,"98,0",*,"82,6",214,4,"0,0",2,3,Marbete especial,"41,275","8,83",CA01,Monica Sánchez,AW,8/11/2013
,,64,910-434,,"98,0",*,"98,5",213,3,"3,2",2,2,3 figuras en el mismo suaje,"50,838","10,83",,Tequileña,AW,15/7/2008
,,74,M-3300-055,,"98,0",*,"114,0",314,3,"3,5",3,2,Rectángulo,"39,158","12,30",BT01,NatureSweet Invernaderos,Rotometrics,15/7/2015
,,74,M-3300-216,,"98,0",*,"114,0",315,3,"3,2",3,2,Rectángulo,"39,058","12,30",CS28,North Star,Rotometrics,7/10/2019
,,74,M-3300-362,,"98,0",*,"114,0",314,3,"3,5",3,2,Rectángulo,"39,158","12,30",CS28,NatureSweet Invernaderos,Rotometrics,21/4/2022
,802,48,910-068,I-6,"98,0",*,"150,0",207,3,"3,0",2,1,Rectángulo,"76,500","15,84",,Se le quitaron los cortes especiales que tenía para Estafeta porque ya no se ha usado 06-01-10,AW,
,937,56,910-203,I-132,"98,0",*,"174,0",213,3,"3,8",2,1,Rectángulo,"88,900","18,94",,,AW,2/8/2004
,,72,M-910-230,,"99,0",*,"53,2",215,"3,0","4,0",2,4,Rectángulo,"28,575","6,14",CS02,Laboratorios Pisa,Rotometrics,5/6/2017
,,85,910-472,,"99,0",*,"87,0",215,3,"3,2",2,2,Figura,"45,088","9,69",,Fabrica Coronado,AW,2/11/2009
,132,48,830-123,A-160,"99,0",*,"149,0",113,0,"4,0",1,1,Figura,"153,000","17,29",,,,
,,99,M-3300-206,,"99,0",*,"153,0",317,3,"4,2",3,2,Rectángulo,"52,388","16,61",CS11,Laboratorios Jaloma,Rotometrics,7/10/2019
,,63,830-831,,"99,0",*,"196,0",113,0,"4,0",1,1,Rectángulo,"200,025","22,60",TT11,Medtronic,AW,15/7/2015
,,96,M-910-052,,"100,0",*,"40,5",217,3,"3,0",2,7,Figura,"21,771","4,72",CS01,Laboratorios Pisa,Rotometrics,16/8/2012
,830,51,910-096,I-34,"100,0",*,"50,0",217,3,"3,0",2,3,Figura,"26,500","5,75",,,,
,,68,M-830-004,,"100,0",*,"51,0",114,0,"3,0",1,4,Rectángulo,"54,000","6,16",TT01,Etiquetas Electrónicas  ,Rotometrics,16/12/2013
,,68,M-830-111,,"100,0",*,"51,0",114,0,"3,0",1,4,Rectángulo,"53,975","6,15",PL07,EEO,Rotometrics,7/10/2019
,,68,M-830-112,,"100,0",*,"51,0",114,0,"3,0",1,4,Rectángulo,"53,975","6,15",PD09,Grupo West Pack,Rotometrics,13/7/2020
,,68,M-910-031,,"100,0",*,"51,0",217,3,"3,0",2,4,Rectángulo,"27,000","5,86",TT39,Etiquetas Electronicas,Rotometrics,3/4/2012
,,68,M-910-315,,"100,0",*,"51,0",217,"3,0","3,0",2,4,Rectángulo,"26,988","5,86",DI22,Del Monte Fresh Produce,Rotometrics,7/10/2019
,,68,M-910-317,,"100,0",*,"51,0",217,"3,0","3,0",2,4,Rectángulo,"26,988","5,86",BB06,Horticola del Desierto,Rotometrics,13/7/2020
,,68,M-910-418,,"100,0",*,"51,0",217,"3,0","3,2",2,4,Rectángulo,"27,088","5,88",TT09,Grupo Autolin Silao,Rotometrics,11/7/2023
,,102,M-440-002,,"100,0",*,"51,0",423,"3,0","3,0",4,6,Rectángulo,"13,494","5,71",TT36,EEO,Rotometrics,3/10/2022
,,102,M-440-003,,"100,0",*,"51,0",423,"3,0","3,0",4,2,Rectángulo,"13,494","5,71",DI33,Productos Agricolas Amex,Rotometrics,11/7/2023
,248,57,830-253,D-50,"100,0",*,"60,0",114,0,"0,0",1,3,Marbete,"60,000","6,84",,,,
,984,60,910-252,I-178,"100,0",*,"60,0",217,3,"3,5",2,3,Rectángulo,"31,750","6,89",,Mezcal de Gusano (Mezcal Dos Gusanos),AW,1/8/2005
,,68,M-910-437,,"100,0",*,"69,0",217,"3,0","3,0",2,3,Rectángulo,"36,000","7,81",PD09,Agroindustrias Quezada,Rotometrics,26/1/2024
,130,70,830-120,A-157,"100,0",*,"71,0",114,0,"3,0",1,3,Figura,"74,000","8,44",,VIVA,,
,468,62,830-478,F-36,"100,0",*,"95,0",114,0,"3,5",1,2,Rectángulo,"98,500","11,23",,,,26/12/2001
,134,65,830-125,A-162,"100,0",*,"100,0",114,0,"3,0",1,2,Circunferencia,"103,000","11,74",,,,
,,98,MD-3030-054,,"100,0",*,"100,0",330,"3,0","3,7",2,3,Círculo,"51,858","17,11",CS40,Irma Espinoza Ortíz,Rotometrics,11/7/2023
,,65,910-537,,"100,0",*,"100,0",217,3,"3,2",2,2,Figura,"51,594","11,20",Pendiente ,Pablo Ignacio Michel Ontiveros (Corte completo),AW,16/8/2012
,,72,M-910-284,,"100,0",*,"110,0",217,"3,0","4,3",2,2,Rectángulo,"57,150","12,40",CS28,Pisa Agropecuaria,Rotometrics,21/2/2019
,41,73,830-033,A-65,"100,0",*,"113,0",114,0,"3,0",1,2,Rectángulo,"116,000","13,22",,,,
,746,73,910-011,G-1,"100,0",*,"113,0",216,2,"3,0",2,2,Rectángulo,"58,000","12,53",,Reposición 08-01-08,,
,,74,M-830-136,,"100,0",*,"113,0",114,0,"4,5",1,2,Rectángulo,"117,475","13,39",PL06,EEO,Rotometrics,21/4/2022
,,74,M-910-321,,"100,0",*,"113,0",217,"3,0","4,5",2,2,Rectángulo,"58,738","12,75",BT07,Colgate Palmolive,Rotometrics,13/7/2020
,755,78,910-020,G-20,"100,0",*,"120,0",219,5,"3,0",2,2,Equilatero,"61,500","13,47",,,,
,,78,M-910-410,,"100,0",*,"120,0",217,"3,0","3,8",2,2,Rectángulo,"61,913","13,44",BB06,Alimentos Cancar,Rotometrics,3/10/2022
,,86,M-830-027,,"100,0",*,"134,0",114,0,"2,5",1,2,Rectángulo especial (cortes internos),"136,500","15,56",TT15,Bioparques de Occidente,Rotometrics,15/7/2015
,,86,830-830,,"100,0",*,"135,0",114,0,"2,5",1,2,Especial corte por debajo (se usa con M-830-827),"137,500","15,68",TT15,Bio Parques de Occidente,AW,15/7/2015
,25,90,830-020,A-25,"100,0",*,"139,0",114,0,"4,5",1,2,Figura,"143,500","16,36",,,,
,,104,M-910-389,,"100,0",*,"160,0",217,"3,0","5,1",2,2,Rectángulo,"82,550","17,91",BB06,Laboratorios Pisa,Rotometrics,21/4/2022
,,104,M-910-168,,"100,0",*,"162,0",217,"3,0","3,6",2,1,Rectángulo,"82,800","17,97",CS02,Laboratorios Pisa,Rotometrics,15/7/2015
,,58,M-910-366,,"100,0",*,"181,0",217,"3,0","3,2",2,1,Rectángulo,"92,075","19,98",TT17,Fresenius Medical Care,Rotometrics,21/4/2022
,,116,M-910-378,,"100,0",*,"181,0",217,"3,0","3,2",2,2,Rectángulo,"92,088","19,98",TT17,Fresenius Medical Care,Rotometrics,21/4/2022
,,63,910-609,,"100,0",*,"200,0",214,0,"0,0",2,1,Dos navajas punteadas (Una punteada y la otra corrida)(Se usa con 910-610)(Corte por arriba),"100,000","21,40",DF 1300-1,Productos Tajin,AW,21/4/2022
,,63,910-610,,"100,0",*,"200,0",214,0,"0,0",2,1,Navaja completa (Se usa con 910-609)(Corte por debajo),"100,000","21,40",DF 1300-1,Productos Tajin,AW,21/4/2022
,,63,910-617,,"100,0",*,"200,0",214,0,"0,0",2,1,Especial (Corte completo),"100,000","21,40",NL03,Productos Tajín,AW,15/12/2023
,,63,910-618,,"100,0",*,"200,0",214,0,"0,0",2,1,Navaja medio corte por debajo,"100,000","21,40",NL03,Productos Tajín,AW,15/12/2023
,,68,830-849,,"100,0",*,"212,0",114,0,"3,9",1,1,Rectángulo especial (corte por debajo)(se usa con M-830-102),"215,900","24,61",TT06,Bioparques de Occidente (se usa con M-830-102),AW,21/2/2019
,,68,M-830-102,,"100,0",*,"212,0",114,0,"3,9",1,1,Rectángulo con cortes internos,"215,900","24,61",TT06,Bioparques de Occidente,Rotometrics,21/2/2019
,1031,62,910-299,I-219,"101,0",*,"36,2",219,3,"3,2",2,5,Rectángulo,"19,688","4,31",,Grupo Etytec,AW,2/5/2006
,,61,910-441,,"101,0",*,"94,0",219,3,"3,2",2,2,Figura,"48,588","10,64",,Comercializadora Zaratini,AW,5/11/2008
,,98,M-830-120,,"101,0",*,"152,0",115,0,"3,6",1,2,Rectángulo con cortes internos,"155,575","17,89",TT06,Opus Foods,Rotometrics,13/7/2020
,,98,M-830-128,,"101,0",*,"152,0",115,0,"3,6",1,2,Especial (Corte por debajo)(Se usa con M-830-120),"155,575","17,89",TT06,Opus Foods Mexico,Rotometrics,5/4/2021
,,89,910-578,,"101,0",*,"279,0",219,3,"3,6",2,1,Rectángulo especial (Se usa con 910-579 y 910-580),"141,288","30,94",DI04,Grupo West Pack,AW,14/7/2016
,,89,910-579,,"101,0",*,"279,0",219,3,"3,6",2,1,Corte por debajo (Se usa con 910-578 y 910-580),"141,288","30,94",DI04,Grupo West Pack,AW,14/7/2016
,,89,910-580,,"101,0",*,"279,0",219,3,"3,6",2,1,Punteados especiales (Se usa con 910-578 y 910-579),"141,288","30,94",DI04,Grupo West Pack,AW,14/7/2016
,,99,M-3300-214,,"101,0",*,"310,0",323,3,"4,3",3,1,Rectángulo,"104,775","33,84",BT07,Reid de México,Rotometrics,7/10/2019
,864,104,910-130,I-340,"101,0",*,"327,0",219,3,"3,0",2,1,Rectángulo,"165,000","36,14",,,,15/1/2003
,,76,M-3300-042,,"101,5",*,"57,2","324,5",3,"3,2",3,4,Figura,"20,108","6,53",BT01,Mastronardi Produce,Rotometrics,10/2/2015
,33,53,830-026,A-57,"102,0",*,"24,0",116,0,"2,0",1,6,Rectángulo,"26,000","3,02",,,,
,397,45,830-407,E-99,"102,0",*,"25,0",116,0,"3,0",1,5,Figura,"28,000","3,25",,Especial,,
,411,53,830-421,E-115,"102,0",*,"25,0",116,0,"3,0",1,6,Rectángulo,"28,000","3,25",,Reposicion el 10-01-06,,15/2/2001
,,63,M-830-156,,"102,0",*,"25,4",116,0,"3,2",1,7,Rectángulo,"28,575","3,31",BB15,Perliga,Rotometrics,11/7/2023
,,63,M-910-413,,"102,0",*,"25,4",221,"3,0","3,2",2,7,Rectángulo con corte punteado,"14,288","3,16",TT36,Agrícola de Fuerte,Rotometrics,3/10/2022
,,51,910-550,,"102,0",*,"29,2",221,3,"3,2",2,5,Rectángulo,"16,193","3,58",BT04,Soluciones Medicas Exportacion,AW,17/6/2013
,648,60,830-671,F-211,"102,0",*,"32,0",116,0,"0,0",1,6,Marbete,"32,000","3,71",,Marbete doble (Grupo Etytec),AW,9/5/2005
,696,52,830-720,F-259,"102,0",*,"38,1",116,0,"3,2",1,4,Rectángulo,"41,275","4,79",,Grupo Etytec,AW,28/11/2006
,,65,M-3300-126,,"102,0",*,"38,1",323,3,"3,2",3,5,Figura,"13,758","4,44",CS28,Ganfer Sociedad Agricola,Rotometrics,14/12/2017
,,82,M-3300-458,,"102,0",*,"40,0",326,3,"3,4",3,6,Rectángulo,"14,464","4,72",BT07,La Pradera Mixteca,Rotometrics,11/7/2023
,,68,M-910-405,,"102,0",*,"40,0",221,"3,0","3,2",2,5,Rectángulo,"21,590","4,77",TT15,Matecmex,Rotometrics,3/10/2022
,775,48,910-042,H-7,"102,0",*,"48,0",221,3,"3,0",2,3,Rectángulo,"25,500","5,64",,,,
,838,64,910-104,I-42,"102,0",*,"48,0",221,"2,8","3,0",2,4,Rectángulo,"25,500","5,64",,,,30/10/2000
,,67,910-485,,"102,0",*,"50,0",221,3,"3,2",2,4,Figura,"26,588","5,88",,Campo Leal,AW,5/3/2010
,,68,M-830-020,,"102,0",*,"51,0",116,0,"3,2",1,4,Rectángulo,"54,175","6,28",TT01,EEO,Rotometrics,10/2/2015
,,68,M-830-115,,"102,0",*,"51,0",116,0,"3,2",1,4,Rectángulo,"54,175","6,28",BB15,Delimex de México,Rotometrics,13/7/2020
,,68,M-910-269,,"102,0",*,"51,0",221,"3,0","3,2",2,4,Rectángulo,"27,088","5,99",TT06,Conservas la Costeña,Rotometrics,21/2/2019
,,68,M-910-359,,"102,0",*,"51,0",221,"3,0","3,2",2,4,Rectángulo,"27,088","5,99",BT07,Hortifrut,Rotometrics,5/4/2021
,,104,MD-3030-053,,"102,0",*,"52,0",330,"3,0","3,0",2,6,Rectángulo,"27,517","9,08",BM06,Omicronlab,Rotometrics,11/7/2023
,,76,M-3300-054,,"102,0",*,"57,2",326,3,"4,0",3,"3,175",Figura (corte a dos niveles),"20,383","6,64",PH04+CA02,Mastronardi Produce,Rotometrics,15/7/2015
,,76,M-3300-066,,"102,0",*,"57,2",325,3,"3,2",3,4,Figura (corte a dos niveles),"20,108","6,54",CU01,Mastronardi Produce,Rotometrics,27/10/2015
,,76,M-3300-181,,"102,0",*,"57,2",326,3,"3,2",3,4,Rectángulo,"20,108","6,56",BT07,Mastronardi Produce,Rotometrics,21/2/2019
,,76,M-910-083,,"102,0",*,"57,2",221,3,"3,2",2,4,Figura,"30,163","6,67",BT04,Mastronardi Produce,Rotometrics,16/8/2013
,110,60,830-100,A-137,"102,0",*,"60,0",116,0,"3,0",1,3,Rectángulo,"63,000","7,31",,,,
,,75,M-830-060,,"102,0",*,"60,0",116,0,"0,0",1,4,Marbete,"60,000","6,96",PO02,Sukarne,Rotometrics,5/6/2017
,,64,M-3300-006,,"102,0",*,"64,0",326,3,"4,2",3,3,Figura,"22,744","7,41",CS02,Mucci Internacional,Wink,16/12/2013
,,63,M-830-035,,"102,0",*,"64,0",116,0,"3,0",1,3,Rectángulo,"67,000","7,77",TT01,EEO,Rotometrics,27/10/2015
,,64,M-830-052,,"102,0",*,"64,0",116,0,"3,7",1,3,Rectángulo,"67,733","7,86",BB01,Andrew and Williamson,Rotometrics,12/1/2017
,,80,M-830-062,,"102,0",*,"64,0",116,0,"0,0",1,4,Marbete,"64,000","7,42",PO04,Sukarne,Rotometrics,5/6/2017
,,64,M-910-169,,"102,0",*,"64,0",221,"3,0","3,7",2,3,Rectángulo,"33,867","7,48",PD07,Sukarne,Rotometrics,15/7/2015
,,64,M-910-204,,"102,0",*,"64,0",221,"3,0","3,7",2,3,Rectángulo,"33,867","7,48",TT01,EEO,Rotometrics,12/1/2017
,,64,M-910-244,,"102,0",*,"64,0",221,"3,0","3,7",2,3,Rectángulo,"33,867","7,48",DI13,ICU Medical,Rotometrics,14/12/2017
,,64,M-910-266,,"102,0",*,"64,0",221,"3,0","3,7",2,3,Rectángulo,"33,867","7,48",CS31,El Milagro de Baja,Rotometrics,21/2/2019
,,106,MD-3030-062,,"102,0",*,"64,0",330,"3,0","3,3",2,5,Rectángulo,"33,655","11,11",BB15,Impogel,Rotometrics,11/7/2023
,,64,910-484,,"102,0",*,"65,0",221,3,"3,2",2,3,Figura,"34,088","7,53",,Campo Leal,AW,5/3/2010
,,69,M-3300-175,,"102,0",*,"70,0",326,3,"3,0",3,3,Rectángulo,"24,342","7,94",BT07,EEO,Rotometrics,21/2/2019
,,69,M-830-093,,"102,0",*,"70,0",116,0,"3,0",1,3,Rectángulo,"73,025","8,47",DI06,EEO,Rotometrics,21/2/2019
,,99,MD-3030-085,,"102,0",*,"75,0",330,"3,0","3,6",2,4,Rectángulo,"39,291","12,97",PB05,AP Automatización y Cotrol Eléctrico,Rotometrics,26/1/2024
,,75,3300-010,,"102,0",*,"76,2",326,3,"3,2",3,3,Figura,"26,458","8,63",,Mastronardi Produce,AW,11/8/2009
,,75,M-910-095,,"102,0",*,"76,2",221,"3,0","3,2",2,3,Rectángulo,"39,688","8,77",TT01,Etiquetas Electronicas,Rotometrics,16/12/2013
,,75,M-910-328,,"102,0",*,"76,2",221,"3,0","3,2",2,3,Rectángulo,"39,688","8,77",PD09,NPA de México,Rotometrics,13/7/2020
,,75,M-910-335,,"102,0",*,"76,2",221,"3,0","3,2",2,3,Rectángulo,"39,688","8,77",DI26,West Pack,Rotometrics,5/4/2021
,,75,M-830-032,,"102,0",*,"76,4",116,0,"3,0",1,3,Rectángulo,"79,375","9,21",TT01,EEO,Rotometrics,3/9/2015
,,75,M-830-101,,"102,0",*,"76,4",116,0,"3,0",1,3,Rectángulo,"79,375","9,21",BB15,Technicolor Export de Mexico,Rotometrics,21/2/2019
,487,54,830-497,F-55,"102,0",*,"82,5",116,0,"3,1",1,2,Rectángulo,"85,600","9,93",,Rectángulo Especial,,4/3/2002
,609,54,830-629,F-173,"102,0",*,"82,7",116,0,"3,1",1,2,Rectángulo,"85,770","9,95",,Corte de seguridad,C&C,2/8/2004
,1127,83,910-395,,"102,0",*,"85,0",221,3,"3,2",2,3,Figura,"44,088","9,74",,Grupo ETS ,AW,15/8/2007
,,80,910-542,,"102,0",*,"85,0",222,4,"0,0",2,3,Marbete,"42,500","9,44",CA01,Casa Ley,AW,23/10/2012
,362,57,830-370,E-58,"102,0",*,"87,0",116,0,"3,0",1,2,Rectángulo,"90,000","10,44",,,,
,,85,M-3300-392,,"102,0",*,"87,0",326,3,"3,0",3,3,Rectángulo,"30,000","9,78",CS28,Horticola Cimarron ,Rotometrics,3/10/2022
,589,60,830-609,F-156,"102,0",*,"92,0",116,0,"3,0",1,2,Rectángulo,"95,000","11,02",,Rectángulo con ventanas,,29/6/2004
,629,60,830-651,F-193,"102,0",*,"92,0",116,0,"3,4",1,2,Rectángulo,"95,350","11,06",,Rectángulo con varios cortes por dentro,,17/12/2004
,,60,M-830-146,,"102,0",*,"92,0",116,0,"3,3",1,2,Rectángulo con cortes internos,"95,250","11,05",PB01,Telect de México,Rotometrics,3/10/2022
,123,66,830-113,A-150,"102,0",*,"102,0",116,0,"3,2",1,2,Cuadrado,"105,175","12,20",,,,
,222,64,830-226,D-23,"102,0",*,"102,0",116,0,"0,0",1,2,Marbete,"102,000","11,83",,Marbete doble de 51x102 con punteado en medio,,
,,68,M-910-103,,"102,0",*,"102,0",221,"3,0","6,0",2,2,Rectángulo especial con cortes de seguridad,"53,975","11,93",PD04,Sukarne,Rotometrics,13/3/2014
,,66,M-910-128,,"102,0",*,"102,0",221,"3,0","3,2",2,2,Cuadrado,"52,588","11,62",PD04,EEO,Rotometrics,19/9/2014
,,66,M-910-155,,"102,0",*,"102,0",221,"3,0","3,2",2,2,Cuadrado,"52,588","11,62",DI30,Sukarne,Rotometrics,10/2/2015
,,66,M-910-212,,"102,0",*,"102,0",221,"3,0","3,2",2,2,Cuadrado,"52,588","11,62",PD09,Sukarne,Rotometrics,5/6/2017
,,66,M-910-332,,"102,0",*,"102,0",221,"3,0","3,2",2,2,Cuadrado,"52,588","11,62",TT15,Altatec de Occidente,Rotometrics,5/4/2021
,,66,M-910-430,,"102,0",*,"102,0",221,"3,0","3,2",2,2,Cuadrado,"52,588","11,62",BT28,Naturesweet Invernaderos,Rotometrics,11/7/2023
,,65,910-569,,"102,0",*,"103,2",222,4,"0,0",2,2,Marbete,"51,590","11,45",PO02,Sukarne,AW,15/7/2015
,,64,M-910-113,,"102,0",*,"103,2",222,"4,0","0,0",2,2,Marbete,"51,594","11,45",PO02,Sukarne,Rotometrics,23/5/2014
,,65,M-910-213,,"102,0",*,"103,2",222,"4,0","0,0",2,2,Marbete,"51,594","11,45",(Raflatac FF08H),Sukarne,Rotometrics,5/6/2017
,,81,830-802,,"102,0",*,"124,0",116,0,"4,6",1,2,Especial (6 etiquetas en una)(para piggyback)(se usa con 830-803),"128,600","14,92",,Neturesweet,AW,7/11/2011
,,81,830-803,,"102,0",*,"124,0",116,0,"4,6",1,2,Navaja punteada especial (se usa con 830-802),"128,600","14,92",,Neturesweet,AW,7/11/2011
,185,82,830-178,C-23,"102,0",*,"127,0",116,0,"3,0",1,2,Rectángulo,"130,000","15,08",,,,
,700,82,830-724,F-264,"102,0",*,"127,0",116,0,"3,2",1,2,Rectángulo con 3 fig. dentro,"130,175","15,10",,Rafale Vazquez García (se usa con 830-725),AW,26/3/2007
,701,82,830-725,F-265,"102,0",*,"127,0",116,0,"3,2",1,2,Rectángulo,"130,175","15,10",,Rafale Vazquez García (Corte por detras con 830-724),AW,26/3/2007
,,82,830-846,,"102,0",*,"127,0",116,0,"3,2",1,2,Rectamngulo (cortes internos Piggyback),"130,175","15,10",TT12,Sun Belle Mécico,AW,5/7/2018
,,82,910-432,,"102,0",*,"127,0",221,3,"3,2",2,2,Rectángulo,"65,088","14,38",,Sánchez Chávez León,AW,7/7/2008
,,87,830-808,,"102,0",*,"135,0",116,0,"3,1",1,2,Rectángulo especial (cortes internos),"138,113","16,02",,Agricola la Primavera (Se usa con 830-809),AW,28/1/2012
,,87,830-809,,"102,0",*,"135,0",116,0,"3,1",1,2,Rectángulo especial corta por debajo,"138,113","16,02",,Agricola la Primavera (Se usa con 830-808),AW,28/1/2012
,,90,910-614,,"102,0",*,"139,0",221,3,"3,9",2,2,Navajas punteadas (Se usa con M-910-415),"71,438","15,79",DI14,Agrícola el Chaparral,AW,11/7/2023
,,90,M-910-415,,"102,0",*,"139,0",221,"3,0","3,9",2,2,Rectangulo con cortes especiales a dos niveles,"71,438","15,79",DI14,Agrícola el Chaparral,Rotometrics,11/7/2023
,,45,830-821,,"102,0",*,"140,0",116,0,"3,2",1,1,Rectángulo,"143,175","16,61",BB01,BLKS,AW,8/11/2013
,,94,3300-005,,"102,0",*,"146,0",326,3,"3,2",3,2,Rectángulo,"49,725","16,21",,Envasadora de Aguas de México,AW,27/11/2008
,200,46,830-203,C-39,"102,0",*,"146,0",116,0,"0,0",1,1,Marbete,"146,000","16,94",,,,
,704,49,830-728,F-268,"102,0",*,"152,0",116,0,"3,2",1,1,Rectángulo con cortes punteados,"155,175","18,00",,Grupo Etytec (Propiedad de EEO el 50%),AW,26/3/2007
,831,49,910-097,I-35,"102,0",*,"152,0",221,3,"3,0",2,1,Rectángulo,"77,500","17,13",,Con C/Corte P/TransTherm INDPAC,,2/5/2003
,910,96,910-176,I-345,"102,0",*,"152,0",221,3,"0,0",2,2,Marbete,"76,000","16,80",,,,28/4/2004
,,98,910-554,,"102,0",*,"152,0",218,0,"0,0",2,2,Navajas punteadas especiales (Se usa con M-910-096),"76,000","16,57",DI13,Grupo West Pack,AW,8/11/2013
,,98,M-830-037,,"102,0",*,"152,0",116,0,"3,6",1,2,Figura (con cortes de seguridad),"155,575","18,05",CS02,Impulsora de Transportes Mexicanos,Rotometrics,2/2/2016
,,98,M-440-001,,"102,0",*,"152,0",431,"3,0","3,2",4,2,Rectángulo,"38,794","16,72",DI33,Labels Source,Rotometrics,3/10/2022
,,98,M-830-007,,"102,0",*,"152,4",116,0,"3,2",1,2,Rectángulo,"155,575","18,05",TT01,Etiquetas Electrónicas,Rotometrics,13/3/2014
,,98,M-830-030,,"102,0",*,"152,4",116,0,"3,2",1,2,Rectángulo (cortes internos),"155,575","18,05",TT12,Medtronic,Rotometrics,15/7/2015
,,98,M-830-046,,"102,0",*,"152,4",116,0,"3,2",1,2,Rectángulo,"155,575","18,05",PL08,Altatec de Occidente,Rotometrics,19/7/2016
,,98,M-830-081,,"102,0",*,"152,4",116,0,"3,2",1,2,Rectángulo con cortes internos,"155,575","18,05",TT06,Casa Ley,Rotometrics,5/7/2018
,,98,M-830-082,,"102,0",*,"152,4",116,0,"3,2",1,2,Rectángulo con cortes internos,"155,575","18,05",DI22,Casa Ley,Rotometrics,5/7/2018
,,98,M-830-092,,"102,0",*,"152,4",116,0,"3,2",1,2,Rectángulo con cortes internos,"155,575","18,05",TT06,EEO,Rotometrics,21/2/2019
,,98,M-830-100,,"102,0",*,"152,4",116,0,"3,2",1,2,Rectángulo con cortes internos,"155,575","18,05",TT20,Casa Ley,Rotometrics,21/2/2019
,,98,M-830-154,,"102,0",*,"152,4",116,0,"3,2",1,2,Rectángulo,"155,575","18,05",PB05,Tuberías y Válvulas del Noroeste,Rotometrics,11/7/2023
,,98,M-830-162,,"102,0",*,"152,4",116,0,"3,2",1,2,Rectángulo,"155,575","18,05",DI27,Operadora de Servicios Paqutexpress,Rotometrics,26/1/2024
,,98,M-910-096,,"102,0",*,"152,4",221,"3,0","3,2",2,2,Rectángulo,"77,788","17,19",TT39,Etiquetas Electronicas,Rotometrics,16/12/2013
,,98,M-910-243,,"102,0",*,"152,4",221,"3,0","3,2",2,2,Rectángulo,"77,788","17,19",BB15,Delimex de México,Rotometrics,14/12/2017
,,98,M-910-296,,"102,0",*,"152,4",221,"3,0","3,2",2,2,Rectángulo con cortes internos,"77,788","17,19",TT06,Casa Ley,Rotometrics,7/10/2019
,,98,M-910-297,,"102,0",*,"152,4",221,"3,0","3,2",2,2,Rectángulo con cortes internos,"77,788","17,19",DI13,Casa Ley,Rotometrics,7/10/2019
,,98,M-910-305,,"102,0",*,"152,4",221,"3,0","3,2",2,2,Rectángulo,"77,788","17,19",PD09,Gena Agropecuaria,Rotometrics,7/10/2019
,,98,M-910-324,,"102,0",*,"152,4",221,"3,0","3,2",2,2,Rectángulo,"77,788","17,19",DI27,Operadora de Servicios Paquetexpress,Rotometrics,13/7/2020
,,98,M-910-348,,"102,0",*,"152,4",221,"3,0","3,2",2,2,Rectángulo,"77,788","17,19",DI22,Operadora de servicios Paquetexpress,Rotometrics,5/4/2021
,,98,M-910-351,,"102,0",*,"152,4",221,"3,0","3,2",2,2,Rectángulo,"77,788","17,19",AF1097,Operadora de Servicios Paquetexpress,Rotometrics,5/4/2021
,,98,M-910-365,,"102,0",*,"152,4",221,"3,0","3,2",2,2,Rectángulo,"77,788","17,19",CS14,Servicios Estrella Azul de Occidente,Rotometrics,21/4/2022
,,98,M-440-005,,"102,0",*,"152,4",431,"3,0","3,2",4,2,Rectángulo,"38,894","16,76",TT06,EEO,Rotometrics,26/1/2024
,412,49,830-422,E-116,"102,0",*,"156,0",116,0,"0,0",1,1,Marbete,"156,000","18,10",,,,15/2/2001
,,102,910-585,,"102,0",*,"159,0",221,3,"3,2",2,2,Rectángulo con cortes internos (Se usa con 910-586 y 910-587),"81,088","17,92",BB23,Driscolls,AW,12/1/2017
,,102,910-586,,"102,0",*,"159,0",221,3,"3,2",2,2,Cortes por debajo (Se usa con 910-585 y 910-587),"81,088","17,92",BB23,Driscolls,AW,12/1/2017
,,102,910-587,,"102,0",*,"159,0",221,3,"3,2",2,2,Corte completo por debajo (Se usa con 910-585 y 910-586),"81,088","17,92",BB23,Driscolls,AW,12/1/2017
,100,53,830-089,A-127,"102,0",*,"165,0",116,0,"3,0",1,1,Rectángulo,"168,000","19,49",,,,
,204,52,830-207,D-4,"102,0",*,"165,0",116,0,"0,0",1,1,Marbete,"165,000","19,14",,,,
,448,53,830-458,F-17,"102,0",*,"165,0",116,0,"3,0",1,1,Rectángulo,"168,000","19,49",,Transtherm Celanese Corte Especial,,2/5/2003
,778,53,910-045,H-10,"102,0",*,"165,0",222,4,"3,0",2,1,Rectángulo,"84,000","18,65",,,,
,,106,M-910-225,,"102,0",*,"165,0",221,"3,0","3,3",2,2,Rectángulo,"84,138","18,59",TT02,EEO,Rotometrics,5/6/2017
,,106,M-910-287,,"102,0",*,"165,0",221,"3,0","3,3",2,2,Rectángulo,"84,138","18,59",Avery 78121,Nifco Central México,Rotometrics,21/2/2019
,,106,M-830-144,,"102,0",*,"165,1",116,0,"3,2",1,2,Rectángulo,"168,275","19,52",TT06,EEO,Rotometrics,21/4/2022
,881,54,910-147,I-83,"102,0",*,"171,0",222,4,"0,0",2,1,Marbete,"85,500","18,98",,Cartoncillo,,21/6/2003
,894,54,910-160,I-94,"102,0",*,"171,0",222,4,"0,0",2,1,Marbete,"85,500","18,98",,Cartoncillo 200,AW ,15/11/2003
,,114,M-830-099,,"102,0",*,"178,0",116,0,"3,2",1,2,Rectángulo,"181,175","21,02",TT06,EEO,Rotometrics,21/2/2019
,,114,M-830-119,,"102,0",*,"178,0",116,0,"3,2",1,2,Rectángulo,"181,175","21,02",BB35,Yolanda Emperatríz Castro Carranza,Rotometrics,13/7/2020
,,61,830-805,,"102,0",*,"190,0",116,0,"3,7",1,1,Especial (5 etiquetas en el mismo suaje),"193,675","22,47",,Altatec de Occidente,AW,7/11/2011
,,64,M-910-253,,"102,0",*,"197,0",221,"4,0","6,4",2,1,Rectángulo,"101,675","22,47",TT19,Medtronic de México,Rotometrics,14/12/2017
,,65,830-834,,"102,0",*,"203,0",116,0,"0,0",1,1,Rectángulo (corte por debajo y se usa con M-830-041),"203,000","23,55",BB01,Horticola del Desierto,AW,2/2/2016
,1087,65,910-355,I-264,"102,0",*,"203,0",221,3,"3,2",2,1,Rectángulo,"103,088","22,78",,Vimifos (propiedad de EEO),AW,26/3/2007
,,65,M-830-077,,"102,0",*,"203,0",116,0,"3,4",1,1,Rectángulo especial (Rectángulos internos)(se usa con M-830-078),"206,375","23,94",BB15,Horticola del Desierto,Rotometrics,14/12/2017
,,65,M-830-078,,"102,0",*,"203,0",116,0,"3,4",1,1,Corte por debajo (se usa con M-830-077),"206,375","23,94",BB15,Horticola del Desierto,Rotometrics,14/12/2017
,,130,M-440-004,,"102,0",*,"203,0",431,"3,0","3,4",4,2,Rectángulo,"51,594","22,24",DI32,GC Empaques,Rotometrics,11/7/2023
,,65,830-824,,"102,0",*,"203,2",116,0,"3,2",1,1,Rectángulo con cortes especiales,"206,375","23,94",TT01,Colomer Cooler,AW,8/11/2013
,,65,830-825,,"102,0",*,"203,2",116,0,"3,2",1,1,Navaja especial corta por debajo (se usa con 830-824),"206,400","23,94",TT01,Colomer Cooler,AW,8/11/2013
,,65,910-492,,"102,0",*,"203,2",221,3,"3,2",2,1,Rectángulo (Corte especial),"103,188","22,80",,Corporacion Tectronic,AW,30/6/2010
,,65,M-830-041,,"102,0",*,"203,2",116,0,"3,2",1,2,Rectángulo (especial cortes internos)(se usa con 830-834),"206,375","23,94",BB06,Horticola del Desierto,Rotometrics,2/2/2016
,,65,830-820,,"102,0",*,"203,4",116,0,"3,0",1,1,Navajas especiales (se usa con 830-227),"206,400","23,94",TT01,High Tech Gardens,AW,8/11/2013
,,65,M-830-139,,"102,0",*,"203,4",116,0,"3,0",1,1,Rectángulo,"206,375","23,94",DI30,EEO,Rotometrics,21/4/2022
,753,64,910-018,G-8,"102,0",*,"204,0",228,"1,6","0,0",2,1,Marbete,"102,000","23,26",,,,
,,69,910-543,,"102,0",*,"215,0",221,3,"4,1",2,1,Especial (se usa con 910-544),"109,538","24,21",DF393-1,Driscolls,AW,23/10/2012
,,69,910-544,,"102,0",*,"215,0",221,3,"4,1",2,1,Navajas (corte por debajo)(Se usa con 910-543),"109,538","24,21",DF393-1,Driscolls,AW,23/10/2012
,201,68,830-204,D-1,"102,0",*,"216,0",116,0,"0,0",1,1,Marbete,"216,000","25,06",,,,
,,71,910-615,,"102,0",*,"222,0",221,3,"3,4",2,1,Figura especial (Se usa con 910-616),"112,713","24,91",TT36,Omnilife Manufactura,AW,11/7/2023
,,71,910-616,,"102,0",*,"222,0",221,3,"3,4",2,1,Cortes punteados (Se usa con 910-615),"112,713","24,91",TT36,Omnilife Manufactura,AW,11/7/2023
,,73,910-495,,"102,0",*,"229,0",221,3,"3,2",2,1,Cuadrado,"116,088","25,66",,IACNA,AW,29/7/2010
,205,74,830-208,D-5,"102,0",*,"235,0",116,0,"0,0",1,1,Marbete,"235,000","27,26",,,,
,340,80,830-347,E-34,"102,0",*,"254,0",116,0,"0,0",1,1,Especial,"254,000","29,46",,,,17/7/2000
,410,81,830-420,E-114,"102,0",*,"254,0",116,0,"3,0",1,1,Rectángulo,"257,000","29,81",,Corte Especial,,15/2/2001
,551,81,830-566,F-118,"102,0",*,"254,0",116,0,"3,0",1,1,Rectángulo,"257,000","29,81",,BOOP Blanco,,21/6/2003
,202,84,830-205,D-2,"102,0",*,"267,0",116,0,"0,0",1,1,Marbete,"267,000","30,97",,,,
,745,97,910-010,A-13,"102,0",*,"304,8",221,3,"3,1",2,1,Rectángulo,"153,950","34,02",,,,27/12/2001
,415,57,830-425,E-119,"103,0",*,"27,0",117,0,"3,0",1,6,Figura,"30,000","3,51",,,,15/2/2001
,,99,MD-3030-081,,"103,0",*,"49,0",330,"3,0","3,4",2,6,Rectángulo,"26,194","8,64",PB05,AP Automatización y Cotrol Eléctrico,Rotometrics,26/1/2024
,,66,910-479,,"103,0",*,"49,2",223,3,"3,2",2,4,Dos figuras,"26,194","5,84",,Group of Products and Services,AW,5/1/2010
,,90,MD-3030-083,,"103,0",*,"54,0",330,"3,0","3,2",2,5,Rectángulo,"28,575","9,43",PB05,AP Automatización y Cotrol Eléctrico,Rotometrics,26/1/2024
,,71,830-807,,"103,0",*,"76,0",117,0,"0,0",1,3,Marbete epecial,"76,000","8,89",,Altatec de Occidente,AW,17/1/2012
,226,53,830-230,D-27,"103,0",*,"168,0",171,0,"0,0",1,1,Navaja punteada,"168,000","28,73",,Navaja Punteada Centrada,,15/2/2001
,877,72,910-143,I-79,"103,0",*,"225,0",223,3,"3,0",2,1,Rectángulo,"114,000","25,42",,C.S.,AW,13/6/2003
,524,57,830-538,F-92,"104,0",*,"57,0",118,0,"3,0",1,3,Figura,"60,000","7,08",,Establo,,
,833,53,910-099,I-37,"104,0",*,"81,0",225,"3,1","3,0",2,2,Figura,"42,000","9,45",,Tequila Pura sangre,,30/10/2000
,975,68,910-243,I-171,"104,0",*,"104,0",225,3,"4,0",2,2,Círculo,"53,975","12,14",,Gustavo Escoto (Mi Pueblo),AW,10/5/2005
,1142,68,910-410,,"104,0",*,"104,0",225,3,"4,0",2,2,Cuadrado,"53,975","12,14",,Etiquetas Electrónicas,AW,18/12/2007
,1136,78,910-404,,"104,0",*,"122,3",225,3,"3,2",2,2,3 figuras en el mismo suaje,"62,738","14,12",,Robles Ochoa Jesus,AW,7/11/2007
,327,80,830-333,E-19,"104,0",*,"124,0",118,0,"3,0",1,2,Especial,"127,000","14,99",,Usa con Navaja  P. 830-329,,17/7/2000
,,88,M-3300-464,,"104,0",*,"273,0",332,3,"6,4",3,1,Rectángulo,"93,133","30,92",CS28,Henkel Capital,Rotometrics,11/7/2023
,860,60,910-126,I-65,"105,0",*,"45,0",227,3,"3,0",2,4,Rectángulo,"24,000","5,45",,Futurama (C&C),,9/10/2002
,,96,MD-3030-057,,"105,0",*,"48,0",330,"3,0","2,8",2,6,Rectángulo,"25,400","8,38",BB15,Impogel,Rotometrics,11/7/2023
,,67,910-453,,"105,0",*,"50,0",227,3,"3,2",2,4,Figura,"26,588","6,04",,Laboratorios Jaloma,AW,20/3/2009
,,80,M-910-129,,"105,0",*,"60,0",227,"3,0","3,5",2,4,Figura,"31,750","7,21",BB01,Bodylogic,Rotometrics,19/9/2014
,157,65,830-149,B-14,"105,0",*,"65,0",119,0,"4,0",1,3,Ventana,"69,000","8,21",,DANSK,,
,900,69,910-166,I-100,"105,0",*,"70,0",227,3,"3,0",2,3,Figura,"36,500","8,29",,C.S.,AW,24/12/2003
,,96,M-3300-338,,"105,0",*,"73,0",335,3,"3,2",3,4,Figura (Frente),"25,400","8,51",MT03,Barcel,Rotometrics,21/4/2022
,,96,M-3300-339,,"105,0",*,"73,0",335,3,"3,2",3,4,Figura (Frente),"25,400","8,51",BM07,Barcel,Rotometrics,21/4/2022
,,96,M-3300-340,,"105,0",*,"73,0",335,3,"3,2",3,4,Figura (Frente),"25,400","8,51",GC05,Barcel,Rotometrics,21/4/2022
,818,74,910-084,I-22,"105,0",*,"114,0",227,3,"3,0",2,2,Rectángulo,"58,500","13,28",,,,17/7/2000
,761,56,910-026,G-17,"105,0",*,"165,0",231,"6,5","0,0",2,1,Marbete,"82,500","19,06",,Marbete,,
,925,63,910-191,I-120,"105,0",*,"197,0",227,3,"3,0",2,1,Rectángulo,"100,000","22,70",,,,29/6/2004
,,65,M-3300-219,,"105,0",*,"203,0",335,3,"3,4",3,1,Rectángulo,"68,792","23,05",CS28,Productos Farmaceuticos Collins,Rotometrics,7/10/2019
,821,66,910-087,I-25,"105,0",*,"210,0",226,2,"1,0",2,1,Figura,"105,500","23,84",,De solar es (emb. Pasteuriza),,17/7/2000
,1106,73,910-374,,"105,0",*,"229,0",227,3,"3,2",2,1,Rectángulo,"116,088","26,35",,Embotelladora de Occidente (Propiedad de EEO),AW,4/7/2007
,,94,830-840,,"105,0",*,"296,0",119,0,"3,0",1,1,Rectángulo,"299,000","35,58",TT01,Laboratorios Pisa,AW,4/9/2017
,,99,M-3300-089,,"105,0",*,"310,0",335,3,"4,3",3,1,Rectángulo,"104,775","35,10",BT07,Embotelladora de Occidente (Propiedad de EEO),Rotometrics,14/7/2016
,,111,910-435,,"105,0",*,"350,0",227,3,"3,2",2,1,Varias figuras en el mismo suaje,"176,588","40,09",,Plasticos la Ardimlla,AW,15/7/2008
,,111,910-437,,"105,0",*,"350,0",227,3,"3,2",2,1,Varias figuras en el mismo suaje,"176,588","40,09",,Plasticos la Ardimlla,AW,22/8/2008
,1089,144,910-357,I-358,"105,0",*,"454,0",227,3,"3,2",2,1,Rectángulo,"228,588","51,89",,Embotelladora de Occidente (Propiedad de EEO),AW,26/3/2007
,,154,910-604,,"105,0",*,"486,0",227,3,"2,5",2,1,"Fihura especial (Corta por arriba, se usa con 910-605)","244,250","55,44",TT06,CNT Impresos,AW,13/7/2020
,,154,910-605,,"105,0",*,"486,0",227,3,"2,5",2,1,"Fihura especial (Corta por abajo, se usa con 910-606)","244,250","55,44",TT06,CNT Impresos,AW,13/7/2020
,390,54,830-400,E-92,"105,5",*,"121,0",106,0,"0,0",1,8,Navaja,"121,000","12,77",,Navaja punteada,,30/10/2000
,230,54,830-234,D-31,"106,0",*,"29,0",175,0,"0,0",1,6,Navaja punteada,"29,000","5,08",,Navaja Punteada Centrada,,
,404,64,830-414,E-106,"106,0",*,"48,0",120,0,"3,0",1,4,Rectángulo,"51,000","6,12",,"Gemplus Reposoción 14-10-05, segunda reposición 13-11-07, tercer reposición 20-06-08",,17/3/2003
,646,49,830-669,F-209,"106,0",*,"48,0",114,0,"0,0",1,1,Refile,"48,000","5,47",,Navajas para refilar con suaje 830-414,C&C,30/4/2005
,,76,910-446,,"106,0",*,"57,2",229,3,"3,2",2,4,2 Figuras,"30,163","6,91",,Genomma Lab Internacional,AW,17/2/2008
,,76,M-910-070,,"106,0",*,"57,2",229,3,"3,2",2,4,Figura,"30,163","6,91",BB06,Genomma Lab Internacional,Rotometrics,5/3/2013
,,104,M-910-175,,"106,0",*,"161,1",229,"3,0","4,0",2,2,Rectángulo,"82,550","18,90",TT01,Kodak Export de México,Rotometrics,3/9/2015
,,64,M-910-137,,"106,0",*,"190,0",229,"3,0","13,2",2,1,Dos figuras en el mismo suaje,"101,600","23,27",WI02,Tierra de Agaves,Rotometrics,19/9/2014
,,79,3300-054,,"106,0",*,"248,0",338,3,"3,2",3,1,Rectángulo,"83,725","28,30",,Chongos Coronado,AW,3/4/2012
,,61,910-502,,"107,0",*,"45,0",231,3,"3,4",2,4,Fuigura,"24,209","5,59",,Sholt de México,AW,1/11/2010
,,99,M-3300-341,,"107,0",*,"75,0",231,3,"3,6",2,4,Dos figuras en el mismo suaje (frente y contra),"39,291","9,08",MT03,Barcel,Rotometrics,21/4/2022
,,99,M-3300-342,,"107,0",*,"75,0",231,3,"3,6",2,4,Dos figuras en el mismo suaje (frente y contra),"39,291","9,08",BM07,Barcel,Rotometrics,21/4/2022
,,99,M-3300-343,,"107,0",*,"75,0",231,3,"3,6",2,4,Dos figuras en el mismo suaje (frente y contra),"39,291","9,08",GC05,Barcel,Rotometrics,21/4/2022
,,68,M-910-251,,"107,0",*,"211,0",231,"3,0","4,9",2,1,Figura,"107,950","24,94",CS28,Pisa Agropecuaria,Rotometrics,14/12/2017
,391,50,830-401,E-93,"108,0",*,"79,0",108,0,"0,0",1,2,Navaja punteada,"79,000","8,53",,Navaja punteada,,30/10/2000
,,108,M-3300-063,,"108,0",*,"82,0",344,3,"3,7",3,4,Figura (corte a dos niveles),"28,575","9,83",CU01,Mastronardi Produce,Rotometrics,3/9/2015
,,82,M-3300-531,,"108,0",*,"83,0",344,3,"3,8",3,3,Rectángulo,"28,928","9,95",CS28,Mastronardi Produce,Rotometrics,26/1/2024
,386,56,830-395,E-86,"108,0",*,"89,0",116,0,"0,0",1,2,Marbete,"89,000","10,32",,Futurama,,14/8/2001
,973,56,910-241,I-169,"108,0",*,"89,0",234,4,"0,0",2,2,Marbete,"44,500","10,41",,Marbete 2p2d,AW,9/5/2005
,905,85,910-171,I-105,"108,0",*,"132,0",233,3,"3,0",2,2,Figura,"67,500","15,73",,kodak,AW,15/3/2004
,781,86,910-048,I-252,"108,0",*,"133,5",233,3,"3,0",2,2,Rectángulo,"68,250","15,90",,,,
,980,92,910-248,I-352,"108,0",*,"143,0",233,3,"3,1",2,2,Figura,"73,025","17,01",,3 figuras diferentes en el mismo suaje ,AW,16/6/2005
,,82,M-910-375,,"108,0",*,"256,0",233,"3,0","4,4",2,1,Rectángulo,"130,175","30,33",TT17,Fresenius Medical Care,Rotometrics,21/4/2022
,,57,910-535,,"109,0",*,"42,0",235,3,"3,2",2,4,Figura,"22,588","5,31",,Salud Natural ,AW,4/6/2012
,766,64,910-031,G-22,"109,0",*,"62,0",236,4,"6,0",2,3,Rectángulo,"34,000","8,02",,,,
,,69,910-419,,"109,0",*,"70,0",235,3,"3,2",2,3,Figura,"36,588","8,60",,4e de México,AW,17/4/2008
,281,50,830-287,D-83,"109,0",*,"76,0",123,0,"0,0",1,2,Rectángulo,"76,000","9,35",,,,
,796,50,910-062,H-26,"109,0",*,"76,0",232,0,"0,0",2,2,Rectángulo,"38,000","8,82",,,,
,935,67,910-201,I-130,"109,0",*,"103,0",235,3,"3,0",2,2,Rectángulo,"53,000","12,46",,,,29/6/2004
,369,48,830-377,E-66,"109,0",*,"149,0",123,"3,4","3,0",1,1,Figura,"152,000","18,70",,Figura especial P/Teq. Azabahe,,
,,72,M-830-129,,"110,0",*,"25,0",124,0,"3,6",1,8,Rectángulo,"28,575","3,54",TT06,Alfa Comercialización de Insumos,Rotometrics,5/4/2021
,,72,M-3300-282,,"110,0",*,"35,0",237,3,"3,1",2,6,Rectángulo,"19,050","4,51",BB33,NatureSweet Invernaderos,Rotometrics,5/4/2021
,240,48,830-245,D-42,"110,0",*,"38,0",124,0,"0,0",1,4,Marbete,"38,000","4,71",,,,
,80,54,830-068,A-104,"110,0",*,"40,0",124,0,"3,0",1,4,Rectángulo,"43,000","5,33",,,,
,,68,M-910-082,,"110,0",*,"50,0",237,3,"3,2",2,4,Rectángulo,"26,588","6,30",PF06,Genomma Lab Internacional,Rotometrics,16/8/2013
,,68,M-910-117,,"110,0",*,"50,0",237,"3,0","4,0",2,4,Figura,"26,988","6,40",CS02,Bodylogic,Rotometrics,23/5/2014
,,99,M-3300-215,,"110,0",*,"60,0",237,3,"3,0",2,5,Rectángulo,"31,500","7,47",BT20,Henkel Capital,Rotometrics,7/10/2019
,756,62,910-021,G-11,"110,0",*,"62,0",238,4,"4,0",2,3,Rectángulo,"33,000","7,85",,,,
,,69,M-3300-047,,"110,0",*,"70,0",237,3,"3,0",2,3,Rectángulo,"36,513","8,65",CS02,Lafon Launay Cosmetics,Rotometrics,10/2/2015
,,69,M-3300-213,,"110,0",*,"70,0",237,3,"3,0",2,3,Rectángulo,"36,513","8,65",BB26,Lafon Launay Cosmetics,Rotometrics,7/10/2019
,,72,3300-034,,"110,0",*,"73,0",350,3,"3,2",3,3,Rectángulo,"25,400","8,89",,Tequila Centinela (Cabrito),AW,6/6/2011
,961,59,910-228,I-156,"110,0",*,"90,0",237,3,"3,7",2,2,Figura,"46,831","11,10",,,C&C,17/12/2004
,,88,M-910-215,,"110,0",*,"90,0",237,"3,0","3,1",2,3,Rectángulo,"46,567","11,04",CS02,Laboratorios Pisa,Rotometrics,5/6/2017
,1034,71,910-302,I-222,"110,0",*,"110,0",237,3,"3,2",2,2,Círculo,"56,588","13,41",,Etiquetas Tintas y Suplementos,AW,2/5/2006
,1043,71,910-311,I-231,"110,0",*,"110,0",237,3,"3,2",2,2,Círculo con muesca triangular (Se usa con 910-303),"56,588","13,41",,Etiquetas Tintas y Suplementos (Se usa con suaje 910-303),AW,2/5/2006
,,72,M-910-428,,"110,0",*,"110,0",237,"3,0","4,3",2,2,Cuadrado,"57,150","13,54",TT36,Laboratorios Pisa,Rotometrics,11/7/2023
,,84,910-518,,"110,0",*,"130,2",236,2,"3,2",2,2,Rectángulo,"66,675","15,74",,Mexicana de Lubricantes,AW,6/6/2011
,81,45,830-069,A-105,"110,0",*,"140,0",124,0,"3,0",1,1,Rectángulo,"143,000","17,73",,,,
,,63,830-839,,"110,0",*,"195,0",124,0,"5,0",1,1,Navajas especiales (corta por debajo),"200,025","24,80",DI13,Minland Farms,AW,5/6/2017
,,63,M-830-059,,"110,0",*,"195,0",124,0,"5,0",1,1,Rectángulo especial (cortes internos),"200,025","24,80",DI04,Mainland Farms,Rotometrics,5/6/2017
,,72,M-3300-325,,"110,0",*,"226,0",124,0,"3,0",1,1,Dos figuras en el mismo suaje (Prueba desarrollo colgador),"229,000","28,40",BB15,Laboratorios Pisa,Rotometrics,21/4/2022
,,84,910-570,,"110,0",*,"264,0",237,3,"2,7",2,1,Rectángulo,"133,350","31,60",CS02,Pisa Agropecuaria,AW,15/7/2015
,,92,910-560,,"110,0",*,"289,0",237,3,"3,5",2,1,Rectángulo,"146,250","34,66",MT02,Bodylogic,AW,23/5/2014
,,92,M-3300-157,,"110,0",*,"289,1",350,3,"3,0",3,1,Rectángulo,"97,367","34,08",BB07,GEUSA de Occidente,Rotometrics,5/7/2018
,,105,3300-050,,"110,0",*,"330,0",350,3,"3,2",3,1,Rectángulo,"111,058","38,87",,Chongos Coronado,AW,3/4/2012
,,112,MD-3030-001,,"110,0",*,"352,0",330,"3,0","3,0",2,1,Rectángulo,"177,500","58,58",BM06,Nutrición Ela,Rotometrics,19/5/2022
,,112,910-522,,"110,0",*,"352,4",237,3,"3,2",2,1,Rectángulo,"177,800","42,14",,Mexicana de Lubricantes,AW,2/7/2011
,,75,M-830-118,,"111,0",*,"14,0",125,0,"3,0",1,14,Figura (joyería),"17,009","2,13",BB06,Monica Sánchez,Rotometrics,13/7/2020
,,90,M-3300-194,,"111,0",*,"44,0",239,3,"3,6",2,6,Rectángulo,"23,813","5,69",BT12,Henkel Capital,Rotometrics,21/2/2019
,,90,M-3300-191,,"111,0",*,"44,7",239,3,"2,9",2,6,Figura,"23,813","5,69",BT12,Henkel Capital,Rotometrics,21/2/2019
,,90,M-3300-041,,"111,0",*,"45,0",239,3,"2,9",2,6,2 figuras en el mismo suaje,"23,963","5,73",BT12,Henkel (Pert frente y contra),Rotometrics,10/2/2015
,129,56,830-119,A-156,"111,0",*,"56,0",125,0,"3,0",1,3,Figura,"59,000","7,38",,VIVA,,
,425,46,830-435,E-130,"111,0",*,"70,0",125,0,"3,1",1,2,Figura,"73,100","9,14",,,,15/2/2001
,797,67,910-063,I-1,"111,0",*,"103,3",236,0,"0,0",2,2,Figura,"51,650","12,19",,MEXLUB (FRENTE),,
,810,67,910-076,I-14,"111,0",*,"103,3",240,4,"3,0",2,2,Figura,"53,150","12,76",,MEXLUB,,
,848,68,910-114,I-53,"111,0",*,"104,0",239,3,"4,0",2,2,Figura,"54,000","12,91",,,,22/6/2001
,,68,910-427,,"111,0",*,"104,0",239,3,"4,0",2,2,Dos figuras en el mismo suaje,"54,000","12,91",,José Pablo Moreno Velasco,AW,9/6/2008
,,68,910-428,,"111,0",*,"104,0",239,3,"4,0",2,2,Dos figuras en el mismo suaje (Corta por debajo con suaje 910-427),"54,000","12,91",,José Pablo Moreno Velasco,AW,9/6/2008
,901,55,910-167,I-101,"111,0",*,"171,0",239,3,"3,0",2,1,Rectángulo,"87,000","20,79",,C.S.,AW,24/12/2003
,48,80,830-040,A-72,"111,0",*,"251,0",125,0,"3,0",1,1,Ovalo,"254,000","31,75",,,,
,,104,M-910-064,,"111,0",*,"327,0",239,3,"3,2",2,1,Rectángulo,"165,100","39,46",CS06,Laboratorios Pisa,Rotometrics,5/3/2013
,942,48,910-208,I-137,"111,9",*,"72,8",241,3,"3,4",2,2,Figura,"38,120","9,19",,,C&C,4/8/2004
,1018,68,910-286,I-206,"112,0",*,"27,0",241,3,"0,0",2,8,Marbete continuo,"13,500","3,25",,Rooster Prodocts (Marbete continui sin punteado),AW,2/5/2006
,158,63,830-150,B-15,"112,0",*,"64,0",126,0,"3,0",1,3,Rectángulo,"67,000","8,44",,Reposición 24-11-08,AW,
,834,57,910-100,I-38,"112,0",*,"87,0",241,"3,2","3,0",2,2,Figura,"45,000","10,85",,Tequila Pura sangre,,30/10/2000
,119,80,830-109,A-146,"112,0",*,"123,0",126,0,"3,0",1,2,Rectángulo,"126,000","15,88",,,,
,,78,M-3300-420,,"112,0",*,"241,0",241,3,"6,7",2,1,Figura,"123,825","29,84",WI05,Cavas de Don Max,Rotometrics,3/10/2022
,,78,M-3300-326,,"113,0",*,"79,4",243,3,"3,2",2,3,Rectángulo,"41,275","10,03",MT02,Tequila Orendain de Jalisco,Rotometrics,21/4/2022
,809,70,910-075,I-13,"113,0",*,"218,0",244,4,"4,0",2,1,Rectángulo,"111,000","27,08",,,,
,,90,M-910-091,,"114,0",*,"93,0",245,"3,0","2,3",2,3,Figura,"47,625","11,67",CS02,Mexicana de Lubricantes,Rotometrics,16/12/2013
,774,66,910-041,H-6,"114,0",*,"102,0",245,3,"3,0",2,2,Rectángulo,"52,500","12,86",,FAMESA,,
,,72,M-830-029,,"114,0",*,"111,1",128,0,"3,2",1,2,Rectángulo,"114,300","14,63",TT01,Medtronic,Rotometrics,15/7/2015
,,49,830-817,,"114,0",*,"152,4",128,0,"3,2",1,1,Rectángulo,"155,575","19,91",BB07,Bunker Electrónics,AW,16/8/2013
,,98,M-830-138,,"114,0",*,"152,4",128,0,"3,2",1,2,Rectángulo,"155,575","19,91",TT31,Laboratorios Pisa,Rotometrics,21/4/2022
,,106,M-910-421,,"114,0",*,"165,0",245,"3,0","3,3",2,2,Rectángulo,"84,138","20,61",BB15,Comercializadora Transfer Naga,Rotometrics,11/7/2023
,,108,M-3300-441,,"114,0",*,"166,0",245,3,"5,5",2,2,Rectángulo,"85,725","21,00",BM08,Comercializadora Transfer Naga,Rotometrics,11/7/2023
,286,57,830-292,D-88,"114,0",*,"178,0",128,0,"3,0",1,1,Rectángulo,"181,000","23,17",,,,
,1143,57,910-411,,"114,0",*,"178,0",245,3,"3,2",2,1,Rectángulo,"90,588","22,19",,Etiquetas Electrónicas,AW,2/1/2008
,,88,M-3300-167,,"114,0",*,"273,1",242,3,"6,4",2,1,Rectángulo,"139,700","33,81",CS08,Barcel,Rotometrics,21/2/2019
,,64,M-830-025,,"115,0",*,"23,0",129,0,"2,9",1,8,Rectángulo,"25,900","3,34",BB20,Laboratorios Pisa,Rotometrics,15/7/2015
,1021,63,910-289,I-209,"115,0",*,"25,0",247,3,"0,0",2,8,Marbete especial,"12,500","3,09",,Sistema de Arneses (marbete especial c/punteado),AW,2/5/2006
,,63,910-480,,"115,0",*,"64,0",247,3,"3,2",2,3,Dos figuras,"33,588","8,30",,Group of Products and Services,AW,5/1/2010
,,108,M-3300-492,,"115,0",*,"66,0",247,3,"3,2",2,5,2 Figuras (Frente y contra),"34,590","8,54",BB15,ACH Foods de México,Rotometrics,26/1/2024
,1092,62,910-360,I-267,"115,0",*,"95,0",247,3,"3,2",2,2,Dos figuras (fte y contra),"49,088","12,12",,Sholt de México,AW,26/3/2007
,,106,M-910-337,,"115,0",*,"165,0",247,"3,0","3,3",2,2,Rectángulo,"84,138","20,78",PB05,Conteyor Packing Solutions,Rotometrics,5/4/2021
,,78,910-601,,"115,0",*,"245,0",247,3,"3,2",2,1,Rectángulo,"124,088","30,65",CS28,Collins División Veterinaria,AW,5/7/2018
,819,98,910-085,I-23,"115,0",*,"308,0",247,3,"3,1",2,1,Rectángulo,"155,550","38,42",,,,17/7/2000
,,102,M-3300-329,,"115,0",*,"320,0",247,3,"3,9",2,1,Rectángulo,"161,925","40,00",BB15,Bebidas Mundiales,Rotometrics,21/4/2022
,174,69,830-168,C-11,"116,0",*,"71,0",130,0,"3,0",1,3,Trapezoide,"74,000","9,62",,Se ha usado con 70 dientes en varios trabajos,,
,1141,70,910-409,,"116,0",*,"71,1",249,3,"3,0",2,3,Trapecio,"37,042","9,22",,Etiquetas Electrónicas,AW,18/12/2007
,313,46,830-319,E-3,"117,0",*,"70,0",131,0,"3,0",1,2,Figura,"73,000","9,56",,,,
,786,70,910-053,H-17,"117,0",*,"71,0",131,0,"3,0",1,3,Figura,"74,000","9,69",,,,
,,81,M-3300-172,,"117,0",*,"82,0",250,3,"4,2",2,3,Figura,"43,113","10,78",MT02,Barcel,Rotometrics,21/2/2019
,,81,M-3300-173,,"117,0",*,"82,0",250,3,"4,2",2,3,Figura,"43,113","10,78",CS28,Barcel,Rotometrics,21/2/2019
,,81,M-3300-174,,"117,0",*,"82,0",250,3,"4,2",2,3,2 figuras en el mismo suaje,"43,113","10,78",MT02,Barcel,Rotometrics,21/2/2019
,,96,M-3300-411,,"117,0",*,"152,4",248,0,"0,0",2,2,Figura especial,"76,200","18,90",CS37,Embasegura México,Rotometrics,3/10/2022
,,62,910-593,,"117,3",*,"194,0",252,3,"3,0",2,1,Figura,"98,524","24,83",Green Bay VALUT758M40SC,Medtronic,AW,14/12/2017
,1079,84,910-347,I-371,"118,0",*,"130,0",253,3,"3,2",2,2,Dos figuras especiales,"66,588","16,85",,Summa Company,AW,26/3/2007
,863,84,910-129,I-339,"118,0",*,"263,0",253,3,"3,0",2,1,Rectángulo,"133,000","33,65",,,,15/1/2003
,,116,830-816,,"118,0",*,"356,1",132,0,"3,2",1,1,Figura,"359,300","47,43",BB01,Mexicana de Lubricantes,AW,17/6/2013
,,72,M-910-185,,"119,0",*,"25,0",255,"3,0","3,6",2,8,Rectángulo,"14,288","3,64",PB01,Altatec de Occidente,Rotometrics,2/2/2016
,849,57,910-115,I-54,"119,0",*,"57,0",255,"3,1","3,1",2,3,Rectángulo,"30,050","7,66",,,,19/3/2002
,,104,M-910-108,,"119,0",*,"64,0",255,"3,0","3,0",2,5,Dos figuras en el mismo suaje,"33,500","8,54",BT01,Distribuidora Kedsal,Rotometrics,13/3/2014
,,76,M-910-173,,"119,0",*,"78,0",255,"3,0","3,0",2,3,Rectángulo,"40,500","10,33",CS02,Bodylogic,Rotometrics,3/9/2015
,1033,54,910-301,I-221,"119,0",*,"83,0",255,3,"3,2",2,2,Figura Especial,"43,088","10,99",,Ultrak Products,AW,2/5/2006
,981,92,910-249,I-250,"119,0",*,"143,0",255,3,"3,1",2,2,Figura,"73,025","18,62",,3 figuras diferentes en el mismo suaje ,AW,16/6/2005
,,72,910-607,,"119,0",*,"229,0",252,0,"0,0",2,1,Dos navajas punteadas (Una punteada y la otra corrida)(Se usa con 910-608)(Corte por arriba),"114,500","28,85",DF 1300-1,Productos Tajin,AW,21/4/2022
,,72,910-608,,"119,0",*,"229,0",252,0,"0,0",2,1,Navaja completa (Se usa con 910-607)(Corte por debajo),"114,500","28,85",DF 1300-1,Productos Tajin,AW,21/4/2022
,929,107,910-195,I-349,"119,0",*,"337,0",255,3,"3,0",2,1,Rectángulo,"170,000","43,35",,,,29/6/2004
,363,54,830-371,E-59,"120,0",*,"40,0",134,0,"3,0",1,4,Rectángulo,"43,000","5,76",,,,
,469,60,830-479,F-37,"120,0",*,"60,3",134,0,"3,0",1,3,Figura,"63,300","8,48",,Tequila,,26/12/2001
,,64,M-3300-226,,"120,0",*,"63,0",257,3,"4,7",2,3,Rectángulo,"33,867","8,70",WI04,Tequila las Americas,Rotometrics,7/10/2019
,,83,M-910-254,,"120,0",*,"85,0",257,"3,0","3,0",2,3,Rectángulo,"44,000","11,31",GC02,Oculus Technologies,Rotometrics,14/12/2017
,999,65,910-267,I-189,"120,0",*,"100,0",257,3,"3,2",2,2,Figura,"51,588","13,26",,Etiqueta de galon (Trapesio)(Repetición 26-02-09),AW,23/9/2005
,364,44,830-372,E-60,"120,0",*,"136,0",134,0,"3,7",1,1,Rectángulo,"139,700","18,72",,,,
,,104,M-910-058,,"120,0",*,"160,0",257,3,"5,1",2,2,Figura,"82,550","21,22",BB18,Rodolfo Bravo Escoto,Rotometrics,5/3/2013
,,104,M-910-112,,"120,0",*,"160,0",134,"0,0","5,1",1,2,Figura,"165,100","22,12",BB01,Bunker Electronics,Rotometrics,23/5/2014
,558,62,830-574,F-125,"120,0",*,"192,0",134,0,"4,9",1,1,2 Figuras,"196,850","26,38",,Jaguar 2 Fig. ,C.S.,25/7/2003
,600,69,830-620,F-167,"120,0",*,"215,9",134,0,"3,2",1,1,Rectángulo,"219,100","29,36",,,AW,2/8/2004
,243,73,830-248,D-45,"120,0",*,"229,0",134,0,"3,0",1,1,Rectángulo,"232,000","31,09",,,,
,,100,910-483,,"120,0",*,"314,3",257,3,"3,2",2,1,Rectángulo,"158,750","40,80",,Mega Empack,AW,5/3/2010
,,73,910-038,,"121,0",*,"109,0",260,4,"6,0",2,2,Rectángulo,"57,500","14,95",,,,28/1/2008
,131,49,830-122,A-159,"122,0",*,"75,0",136,0,"3,0",1,2,Figura,"78,000","10,61",,VIVA,,
,,88,M-3300-074,,"122,0",*,"137,0",261,3,"3,0",2,2,Rectángulo,"70,000","18,27",BT12,Henkel,Rotometrics,2/2/2016
,979,77,910-247,I-175,"122,0",*,"241,3",261,3,"3,2",2,1,Figura,"122,238","31,90",,Figura Especial (Zear International),AW,31/5/2005
,,83,M-3300-099,,"122,3",*,"84,0",262,3,"3,8",3,3,Figura,"29,281","7,67",GC06,Mission Hills,Rotometrics,12/1/2017
,,70,M-3300-401,,"123,0",*,"70,0",263,3,"4,1",2,3,Rectángulo,"37,042","9,74",BT29,Max World Trading,Rotometrics,3/10/2022
,,92,MD-3030-032,,"123,0",*,"70,0",330,"3,0","3,0",2,4,Rectángulo,"36,513","12,05",BB06,Max World Trading,Rotometrics,3/10/2022
,,86,M-3300-501,,"123,0",*,"88,0",263,3,"3,4",2,3,Figura,"45,708","12,02",BB15,Tequilera BSC,Rotometrics,26/1/2024
,,58,910-515,,"123,0",*,"89,0",263,3,"3,2",2,2,Rectángulo,"46,088","12,12",,Rompope Coronado,AW,2/4/2011
,,88,M-3300-512,,"123,0",*,"90,0",263,3,"3,1",2,3,Figura,"46,567","12,25",WI11,Tequilera BSC,Rotometrics,26/1/2024
,783,80,910-050,H-14,"123,0",*,"250,0",264,4,"4,0",2,1,Rectángulo,"127,000","33,53",,NHUMO,,
,912,107,910-178,I-346,"123,0",*,"337,0",263,3,"3,0",2,1,Rectángulo,"170,000","44,71",,,,28/4/2004
,,132,910-573,,"123,0",*,"416,0",137,0,"3,1",1,1,Rectángulo,"419,100","57,42",MT01,Special Nutrition Group,AW,15/7/2015
,,56,830-841,,"124,0",*,"86,0",138,0,"2,9",1,2,Rectángulo,"88,900","12,27",DF819-3,Medtronic Mexico,AW,14/12/2017
,657,52,830-680,F-220,"125,0",*,"30,0",139,0,"3,2",1,5,Figura,"33,175","4,61",,Kodak Export de México (4 Etiquetas),AW,1/8/2005
,,74,M-910-111,,"125,0",*,"55,0",139,"0,0","3,7",1,4,Rectángulo,"58,738","8,16",BT01,Bodylogic,Rotometrics,23/5/2014
,663,74,830-687,F-226,"125,0",*,"75,0",139,0,"3,2",1,2,Rectángulo,"78,175","10,87",,Los Danzantes,AW,24/9/2005
,662,61,830-686,F-225,"125,0",*,"94,0",139,0,"3,2",1,2,Rectángulo,"97,175","13,51",,Los Danzantes,AW,23/9/2005
,,65,M-830-076,,"125,0",*,"100,0",139,0,"3,2",1,2,Figura,"103,188","14,34",BT07,Laboratorios Vimex,Rotometrics,14/12/2017
,449,44,830-459,F-18,"125,0",*,"137,0",139,"3,175","3,2",1,1,Figura,"140,175","19,48",,"3 figuras en el mismo suaje (Frente, Contra y Cuello)",,22/6/2001
,,57,3300-004,,"125,0",*,"178,0",267,3,"3,2",2,1,Rectángulo,"90,588","24,19",,Envasadora de Aguas de México,AW,27/11/2008
,637,75,830-660,F-200,"125,0",*,"235,5",139,0,"2,6",1,1,Figura,"238,125","33,10",,Figura como de cuello,AW,5/4/2005
,,84,910-602,,"125,0",*,"264,0",139,0,"2,7",1,1,Figura,"266,700","37,07",CS28,Pisa Agropecuaria,AW,7/10/2019
,,96,M-3300-484,,"126,0",*,"150,0",269,3,"3,0",2,2,Rectángulo,"76,500","20,58",CS28,ACH Foods de México,Rotometrics,26/1/2024
,,80,M-910-295,,"127,0",*,"60,0",141,"0,0","3,5",1,4,Rectángulo,"63,500","8,95",TT06,North Star,Rotometrics,7/10/2019
,54,75,830-045,A-78,"127,0",*,"76,0",141,0,"3,2",1,3,Rectángulo,"79,175","11,16",,Reposición de suaje por desgaste,AW,27/1/2005
,,75,M-830-135,,"127,0",*,"76,2",141,0,"3,2",1,3,Rectángulo,"79,375","11,19",PL06,EEO,Rotometrics,21/4/2022
,522,56,830-536,F-90,"127,0",*,"85,0",141,0,"3,5",1,2,Rectángulo,"88,500","12,48",,,,
,563,64,830-579,F-130,"127,0",*,"98,0",141,0,"3,0",1,2,Rectángulo,"101,000","14,24",,,,10/27/2003
,99,66,830-088,A-126,"127,0",*,"101,0",141,0,"3,0",1,2,Rectángulo,"104,000","14,66",,,,
,573,82,830-591,F-140,"127,0",*,"127,0",141,0,"3,0",1,2,Rectángulo,"130,000","18,33",,Transtherm,AW,15/3/2004
,,94,830-801,,"127,0",*,"144,0",141,0,"5,2",1,2,Figura,"149,225","21,04",,Soluciones Médicas,AW,7/11/2011
,,94,830-790,,"127,0",*,"146,0",141,0,"3,2",1,2,Rectángulo,"149,175","21,03",,Soluciones Medicas Exportacion,AW,28/9/2010
,73,49,830-061,A-97,"127,0",*,"152,0",141,0,"3,0",1,1,Rectángulo,"155,000","21,86",,,,
,,98,M-830-019,,"127,0",*,"152,3",141,0,"3,3",1,2,Figura,"155,575","21,94",TT01,Kodak Export de México,Rotometrics,10/2/2015
,,106,M-830-142,,"127,0",*,"165,0",141,0,"3,3",1,2,Rectángulo,"168,275","23,73",TT06,Matecmex,Rotometrics,21/4/2022
,652,65,830-675,F-215,"127,0",*,"204,0",141,0,"3,2",1,1,Rectángulo,"207,175","29,21",,Kodak Export de México,AW,3/6/2005
,580,79,830-599,F-147,"127,0",*,"248,0",141,0,"3,0",1,1,Rectángulo,"251,000","35,39",,kodak Especial C/Cortes,AW,15/3/2004
,576,84,830-594,F-143,"127,0",*,"263,0",141,0,"3,7",1,1,Rectángulo,"266,700","37,60",,Kodak,AW,15/3/2004
,,99,M-3300-408,,"127,0",*,"311,0",271,3,"3,3",2,1,Figura,"157,163","42,59",CS28,Orora de México,Rotometrics,3/10/2022
,146,62,830-137,B-2,"128,0",*,"63,0",142,0,"3,0",1,3,Figura,"66,000","9,37",,Para Bool,,7/3/2003
,480,83,830-490,F-48,"128,0",*,"85,0",142,0,"3,1",1,3,Figura,"88,100","12,51",,,,22/3/2002
,,94,M-3300-093,,"128,0",*,"96,0",273,3,"3,5",2,3,Figura,"49,742","13,58",GC06,Mission Hills,Rotometrics,12/1/2017
,,94,M-4200-009,,"128,0",*,"96,0",404,3,"3,5",3,3,Figura,"33,161","13,40",GC06,Mission Hills,Rotometrics,5/4/2021
,688,71,830-712,F-251,"128,0",*,"110,0",142,0,"3,0",1,2,Rectángulo,"113,000","16,05",,Mezcal de Gusano (Mezcal Dos Gusanos),AW,28/11/2006
,,84,M-4200-012,,"128,0",*,"127,0",404,3,"6,4",3,2,Figura (Corte por arriba se usa con M-4200-013),"44,450","17,96",BT29,Naturesweet Invernaderos,Rotometrics,21/4/2022
,,84,M-4200-013,,"128,0",*,"127,0",404,3,"6,4",3,2,Figura (Corte por debajo se usa con M-4200-012),"44,450","17,96",BT29,Naturesweet Invernaderos,Rotometrics,21/4/2022
,,84,M-4200-017,,"128,0",*,"127,0",404,3,"6,4",3,2,Figura con cortes de seguridad,"44,450","17,96",BT20,NatureSweet Invernaderos,Rotometrics,3/10/2022
,,99,M-910-274,,"128,0",*,"150,0",142,"0,0","7,2",1,2,5 figuras en el mismo suaje,"157,163","22,32",WI04,Tequila las Americas,Rotometrics,21/2/2019
,545,96,830-560,F-114,"128,0",*,"302,0",142,3,"3,0",1,1,Rectángulo,"305,000","43,31",,C.S.,AW,13/6/2003
,,77,910-474,,"129,0",*,"78,3",143,0,"3,2",1,3,Figura (Frente),"81,490","11,65",,Jose Pablo Moreno,AW,30/11/2009
,,77,3300-017,,"129,0",*,"78,3",275,3,"3,2",2,3,Figura,"40,746","11,21",,Mexicana de Lubricantes (Frente y contra),AW,5/1/2010
,,77,910-475,,"129,0",*,"78,3",143,0,"3,2",1,3,Figura (Contra),"81,492","11,65",,Jose Pablo Moreno,AW,30/11/2009
,,61,3300-051,,"130,0",*,"36,0",277,3,"3,2",2,5,Figura especial (Frente y Contra),"19,588","5,43",,Industrias Wet Line,AW,3/4/2012
,647,55,830-670,F-210,"130,0",*,"40,0",144,0,"3,2",1,4,Rectángulo,"43,175","6,22",,Jorge Mario Salinas Onofre,,30/4/2005
,606,64,830-626,F-170,"130,0",*,"48,0",144,0,"2,8",1,4,Rectángulo,"50,800","7,32",,,AW,2/8/2004
,,71,3300-055,,"130,0",*,"53,2",277,3,"3,2",2,4,Figura,"28,188","7,81",,Jugos del Valle,AW,4/6/2012
,,72,M-3300-193,,"130,0",*,"54,0",277,3,"3,2",2,4,Figura,"28,575","7,92",BM06,Henkel Capital,Rotometrics,21/2/2019
,,64,M-3300-293,,"130,0",*,"65,0",277,3,"3,2",2,3,2 figuras (Frente y contra),"34,088","9,44",BT07,Comercializadora Moba Profesional,Rotometrics,5/4/2021
,,86,3300-069,,"130,0",*,"88,0",277,3,"3,0",2,3,Rectángulo,"45,500","12,60",CS02,Tapones Internacionales,AW,16/12/2013
,315,59,830-321,E-5,"130,0",*,"90,0",144,0,"3,5",1,2,Rectángulo,"93,500","13,46",,,,
,,90,M-3300-021,,"130,0",*,"92,0",277,3,"3,3",2,3,Rectángulo,"47,625","13,19",MT02,Tequila Centinela (Cabrito),Rotometrics,19/9/2014
,,75,M-910-202,,"130,0",*,"116,0",144,"0,0","3,1",1,2,3 figuras en el mismo suaje,"119,063","17,15",CS02,Hot Sauce Don Paulino,Rotometrics,12/1/2017
,258,84,830-264,D-60,"130,0",*,"130,0",144,0,"3,0",1,2,Cuadro,"133,000","19,15",,,,
,528,84,830-542,F-96,"130,0",*,"130,0",144,0,"3,0",1,2,Figura,"133,000","19,15",,,,
,640,84,830-663,F-203,"130,0",*,"130,0",144,0,"3,4",1,2,Circulo,"133,350","19,20",,,AW,5/4/2005
,,97,MD-3030-055,,"130,0",*,"150,0",330,"3,0","4,0",2,2,Rectángulo,"76,994","25,41",BB15,NB Foods,Rotometrics,11/7/2023
,,108,M-3300-060,,"130,0",*,"169,0",277,3,"3,0",2,2,Rectángulo,"86,000","23,82",CS02,Bunge Comercial,Rotometrics,3/9/2015
,253,60,830-258,D-55,"130,0",*,"187,0",144,0,"3,0",1,1,Rectángulo,"190,000","27,36",,,,
,949,62,910-216,I-145,"130,0",*,"193,7",144,0,"3,2",1,1,Rectángulo,"196,850","28,35",,,C&C,28/9/2004
,228,69,830-232,D-29,"130,0",*,"216,0",144,0,"3,0",1,1,Rectángulo,"219,000","31,54",,ULTREX,,
,,78,M-3300-217,,"130,0",*,"245,0",277,3,"2,7",2,1,Rectángulo,"123,825","34,30",CS28,North Star,Rotometrics,7/10/2019
,,89,3300-063,,"130,0",*,"280,0",277,3,"3,0",2,1,Rectángulo,"141,500","39,20",MT02,Bodylogic,AW,17/6/2013
,,92,M-3300-121,,"130,0",*,"290,0",277,3,"3,0",2,1,Rectángulo,"146,500","40,58",BM02,Bodylogic Internacional,Rotometrics,4/9/2017
,,105,3300-065,,"130,0",*,"330,4",277,3,"3,0",2,1,Rectángulo,"166,688","46,17",CS02,Laboratorios Pisa,AW,17/6/2013
,,96,M-4200-001,,"131,0",*,"73,0",413,3,"3,0",3,4,Figura,"25,333","10,46",CG05,Mission Hills,Rotometrics,5/7/2018
,,72,M-3300-049,,"131,0",*,"73,2",279,3,"3,0",2,3,Figura,"38,100","10,63",FLX057114,Colgate Palmolive,Rotometrics,10/2/2015
,,72,M-3300-050,,"131,0",*,"73,2",279,3,"3,0",2,3,Figura,"38,100","10,63",Avery 79007,Colgate Palmolive,Rotometrics,10/2/2015
,,96,M-4200-007,,"131,0",*,"73,2",413,3,"3,0",3,4,Figura,"25,400","10,49",GC06,Mission Hills,Rotometrics,5/4/2021
,,72,M-3300-483,,"131,0",*,"110,0",279,3,"4,3",2,2,Figura,"57,150","15,94",CS28,ACH Foods de México,Rotometrics,26/1/2024
,,74,M-3300-105,,"131,0",*,"115,0",279,3,"3,0",2,2,Rectángulo,"59,000","16,46",CS28,Delimex de México,Rotometrics,5/6/2017
,,74,M-3300-043,,"131,0",*,"231,0",279,3,"4,0",2,1,Rectángulo,"117,475","32,78",CS02,Delimex de México,Rotometrics,10/2/2015
,,74,M-910-140,,"131,0",*,"231,0",145,"0,0","4,0",1,1,Rectángulo,"234,950","34,07",CS01,Delimex de México,Rotometrics,10/2/2015
,,96,M-910-249,,"131,0",*,"301,0",145,"0,0","3,8",1,1,Figura,"304,800","44,20",CS28,Pisa Agropecuaria,Rotometrics,14/12/2017
,,147,3300-068,,"131,0",*,"463,6",279,3,"3,2",2,1,Rectángulo,"233,363","65,11",CS02,Delimex de Mexico,AW,16/12/2013
,,83,M-3300-098,,"131,2",*,"85,0",280,3,"2,8",2,2,Figura,"43,921","12,30",GC06,Mission Hills,Rotometrics,12/1/2017
,,72,M-3300-097,,"131,4",*,"110,0",280,3,"4,3",2,2,Figura,"57,150","16,00",GC06,Mission Hills,Rotometrics,12/1/2017
,262,59,830-268,D-64,"132,0",*,"60,0",146,0,"3,0",1,3,Fígura,"63,000","9,20",,Tequila Buen Agave,,
,,83,M-3300-382,,"132,0",*,"62,0",281,3,"3,9",2,4,Figura,"32,941","9,26",CS28,Henkel Capital,Rotometrics,21/4/2022
,,75,M-3300-171,,"132,0",*,"76,2",281,3,"3,2",2,3,2 figuras en el mismo suaje,"39,688","11,15",CS28,Mexicana de Lubricantes,Rotometrics,21/2/2019
,,106,M-910-373,,"132,0",*,"165,0",146,"0,0","3,3",1,2,Figura (Colgador),"168,275","24,57",BB15,Laboratorios Pisa,Rotometrics,21/4/2022
,,121,MD-3030-027,,"132,0",*,"189,0",330,"3,0","3,1",2,2,Rectángulo,"96,044","31,69",CS28,Comercializadora Agropecuaria de Degollado,Rotometrics,3/10/2022
,,92,M-3300-080,,"132,0",*,"289,0",281,3,"3,2",2,1,Rectángulo,"146,088","41,05",BT07,GEUSA de Occidente,Rotometrics,14/7/2016
,359,54,830-367,E-55,"133,0",*,"57,0",141,0,"0,0",1,3,Navaja punteada,"57,000","8,04",,Navaja Punteda Especial Usar C-830-359,,
,,83,M-3300-095,,"133,0",*,"86,0",283,3,"2,3",2,3,Figura,"44,171","12,50",GC06,Mission Hills,Rotometrics,12/1/2017
,,88,M-3300-446,,"133,0",*,"90,0",283,3,"3,1",2,3,Figura,"46,565","13,18",WI11,Tequilera BSC,Rotometrics,11/7/2023
,,72,M-3300-002,,"133,0",*,"111,0",283,3,"3,3",2,2,Dos figuras en el mismo suaje,"57,150","16,17",BB18,Bodylogic,Rotometrics,23/10/2012
,,89,MD-3030-090,,"133,0",*,"138,0",330,"3,0","3,6",2,2,Rectángulo,"70,794","23,36",BM06,Tecnoglobal PH7,Rotometrics,26/1/2024
,577,50,830-595,F-144,"133,0",*,"152,0",147,0,"6,0",1,1,Rectángulo,"158,000","23,23",,Kodak (Repetición 15-04-08),AW,15/3/2004
,,99,M-3300-491,,"133,0",*,"153,0",283,3,"4,2",2,2,Rectángulo,"78,581","22,24",BM08,Comercializadora Moba,Rotometrics,26/1/2024
,632,59,830-654,F-196,"134,0",*,"90,4",148,0,"3,2",1,2,Figura,"93,575","13,85",,Arco once pueblos,C&C,27/1/2005
,,104,M-910-199,,"134,0",*,"322,0",148,"0,0","8,2",1,1,Rectángulo,"330,200","48,87",MT01,Bodylogic,Rotometrics,12/1/2017
,,74,M-3300-100,,"135,0",*,"55,0",287,3,"3,7",2,4,Figura,"29,369","8,43",BM02,Genomma Lab Internacional,Rotometrics,12/1/2017
,,80,M-910-198,,"135,0",*,"60,3",149,"0,0","3,2",1,4,Figura,"63,500","9,46",CS02,Agricola Gala,Rotometrics,12/1/2017
,,80,M-910-227,,"135,0",*,"60,3",149,"0,0","3,2",1,4,Figura,"63,500","9,46",GC02,Agricola de Gala,Rotometrics,5/6/2017
,,94,MD-3030-067,,"135,0",*,"71,0",330,"3,0","3,6",2,4,Rectángulo,"37,306","12,31",WI05,Cavas de Don Max,Rotometrics,11/7/2023
,,78,3300-027,,"135,0",*,"80,0",287,3,"3,0",2,3,Rectángulo,"41,500","11,91",,Mega Empack,AW,4/1/2011
,,105,MD-3030-066,,"135,0",*,"80,0",330,"3,0","3,3",2,4,Rectángulo,"41,672","13,75",WI05,Cavas de Don Max,Rotometrics,11/7/2023
,516,62,830-528,F-84,"135,0",*,"96,0",149,0,"3,0",1,2,Rectángulo,"99,000","14,75",,,,28/7/2002
,,64,3300-033,,"135,0",*,"98,4",287,3,"3,2",2,2,Rectángulo,"50,800","14,58",,Tequila Centinela (Cabrito),AW,6/6/2011
,,96,M-3300-359,,"135,0",*,"98,4",287,3,"3,2",2,3,Figura,"50,800","14,58",CS27,Fabrica de Jabón la Corona,Rotometrics,21/4/2022
,,65,3300-026,,"135,0",*,"100,0",287,3,"3,2",2,2,Rectángulo,"51,588","14,81",,Mega Empack,AW,4/1/2011
,,68,M-3300-312,,"135,0",*,"105,0",287,3,"3,2",2,2,Rectángulo,"54,088","15,52",MT02,Tequila Orendain de Jalisco,Rotometrics,5/4/2021
,,61,830-828,,"135,0",*,"188,0",149,0,"5,7",1,1,Rectángulo,"193,675","28,86",BB01,Oculus Technologies,AW,17/11/2015
,698,83,830-722,F-763,"135,0",*,"260,4",149,0,"3,2",1,1,Rectángulo,"263,525","39,27",,Industrias Buin Mor (Propiedad de EEO),AW,28/11/2006
,175,90,830-169,C-12,"135,0",*,"283,0",149,0,"3,0",1,1,Rectángulo,"286,000","42,61",,,,22/6/2001
,,147,830-760,,"135,0",*,"463,0",149,0,"3,7",1,1,Rectángulo,"466,730","69,54",,Soluciones Alimenticias,AW,3/3/2008
,,66,3300-044,,"136,0",*,"102,0",289,3,"3,2",2,2,Rectángulo,"52,588","15,20",,Mega Empack,AW,7/10/2011
,256,66,830-262,D-58,"136,0",*,"102,0",150,0,"3,0",1,2,Rectángulo,"105,000","15,75",,,,
,511,45,830-523,F-79,"136,5",*,"139,7",151,0,"3,1",1,1,Rectángulo,"142,800","21,56",,Reposición 22-08-05,,5/7/2002
,684,78,830-708,F-247,"137,0",*,"79,4",151,0,"3,2",1,3,Figura,"82,575","12,47",,Etiquetas Titnas y Suplementos,AW,28/11/2006
,654,57,830-677,F-217,"137,0",*,"88,0",151,0,"3,2",1,2,Figura,"91,175","13,77",,Mezcal de Gusano (Mezcal Dos Gusanos),AW,1/8/2005
,674,61,830-698,F-237,"137,0",*,"94,0",151,0,"3,2",1,2,Figura especial,"97,175","14,67",,Ultrak Products,AW,2/5/2006
,675,61,830-699,F-238,"137,0",*,"94,0",151,0,"3,2",1,2,Figura especial,"97,175","14,67",,Ultrak Products,AW,2/5/2006
,,104,M-910-114,,"137,0",*,"322,0",151,"0,0","8,2",1,1,Rectángulo,"330,200","49,86",MT01,Bodylogic,Rotometrics,23/5/2014
,,100,MD-3030-023,,"137,3",*,"76,0",330,"3,0","3,4",2,4,2 figuras,"39,688","13,10",WI09,Cia Tequilera los Alambiques,Rotometrics,19/5/2022
,729,75,830-753,,"139,0",*,"116,0",153,0,"3,2",1,2,Figura,"119,175","18,23",,Grupo ETS,AW,25/9/2007
,628,69,830-650,F-192,"139,0",*,"215,0",153,0,"3,1",1,1,Rectángulo,"218,075","33,37",,,,17/12/2004
,478,50,830-488,F-46,"140,0",*,"50,0",154,0,"3,1",1,3,Figura,"53,100","8,18",,,,20/3/2002
,,68,M-830-158,,"140,0",*,"50,0",154,0,"4,0",1,4,Rectángulo,"53,975","8,31",BB35,Altatec de Occidente,Rotometrics,11/7/2023
,711,71,830-735,,"140,0",*,"72,0",154,0,"3,2",1,3,Figura,"75,175","11,58",,Industrializadora de Cacahuananche,AW,4/7/2007
,,104,M-3300-065,,"140,0",*,"80,0",297,3,"3,0",2,4,Dos figuras en el mismo suaje (frente y reverso),"41,500","12,33",BB01,Lafon Launay Cosmetics,Rotometrics,3/9/2015
,506,59,830-517,F-74,"140,0",*,"90,0",154,0,"3,0",1,2,Rectángulo,"93,000","14,32",,,,27/5/2002
,184,60,830-177,C-22,"140,0",*,"92,0",154,0,"3,0",1,2,Figura,"95,000","14,63",,,,
,727,74,830-751,,"140,0",*,"114,3",154,0,"3,2",1,2,Dos figuras especiales,"117,475","18,09",,Tequilera Newton e Hijos,AW,20/7/2007
,293,76,830-299,D-95,"140,0",*,"117,0",154,0,"3,0",1,2,Rectángulo,"120,000","18,48",,Para Bool,,7/3/2003
,,76,M-910-130,,"140,0",*,"117,5",154,"0,0","3,2",1,2,Figura,"120,650","18,58",BT01,Real de Jalpa,Rotometrics,19/9/2014
,,86,M-3300-196,,"140,0",*,"130,0",297,3,"6,5",2,2,Rectángulo,"68,263","20,27",GC02,Oculus Technologies,Rotometrics,21/2/2019
,,99,M-3300-413,,"140,0",*,"154,0",297,3,"3,2",2,2,Figura,"78,581","23,34",WI04,Tanteo Spirits México,Rotometrics,3/10/2022
,,111,M-3300-271,,"140,0",*,"171,0",297,3,"5,2",2,2,2 figuras,"88,106","26,17",WI04,Tanteo Spirits,Rotometrics,13/7/2020
,,55,830-771,,"140,0",*,"171,5",154,0,"3,2",1,1,Rectángulo,"174,625","26,89",,Soluciones Medicas Exportacion,AW,5/2/2009
,312,65,830-318,E-2,"140,0",*,"203,0",154,0,"4,0",1,1,Ovalo,"207,000","31,88",,,,
,,166,MD-3030-046,,"140,0",*,"260,0",330,"3,0","3,5",2,2,Rectángulo,"131,763","43,48",BM06,Cropzone,Rotometrics,11/7/2023
,,83,3300-061,,"140,0",*,"260,4",297,3,"3,2",2,1,Rectángulo,"131,763","39,13",CS02,Petro de Occidente,AW,17/6/2013
,433,90,830-443,F-2,"140,0",*,"281,1",154,0,"4,0",1,1,Rectángulo,"285,100","43,91",,,,15/2/2001
,,96,M-3300-386,,"140,0",*,"300,0",297,3,"4,8",2,1,Figura,"152,400","45,26",CS28,Barcel,Rotometrics,21/4/2022
,,96,M-3300-399,,"140,0",*,"300,0",297,3,"4,8",2,1,Figura,"152,400","45,26",CS28,Productos Ricolino,Rotometrics,3/10/2022
,,96,M-3300-419,,"140,0",*,"300,0",297,3,"4,8",2,1,Figura,"152,400","45,26",CS28,Productos Ricolino,Rotometrics,3/10/2022
,731,69,830-755,,"141,0",*,"106,5",155,0,"3,2",1,2,Figuras,"109,675","17,00",,Minz (Dos figuras en el mismo suaje),AW,25/10/2007
,714,77,830-738,,"141,0",*,"119,0",155,0,"3,2",1,2,dos figuras,"122,175","18,94",,Minz Company,AW,4/7/2007
,707,82,830-731,F-270,"141,0",*,"127,0",155,0,"3,2",1,2,2 figuras en el mismo suaje,"130,175","20,18",,Summa Company,AW,26/3/2007
,614,63,830-634,F-178,"142,0",*,"63,5",156,0,"3,0",1,3,Figura,"66,500","10,37",,Suaje para Chemical MacOIL Frente,C&C,28/9/2004
,615,63,830-635,F-179,"142,0",*,"63,5",156,0,"3,0",1,3,Figura,"66,500","10,37",,Suaje para Chemical MacOIL Contra,C&C,28/9/2004
,,64,830-813,,"142,0",*,"64,0",156,0,"3,7",1,3,Dos figuras en el mismo suaje,"67,733","10,57",MT01,Destilería 501,AW,23/10/2012
,703,75,830-727,F-267,"142,0",*,"75,0",156,0,"4,4",1,3,3 figuras en el mismo suaje,"79,375","12,38",,Destileria Don Roberto (afilado para Global Co-Ex),AW,26/3/2007
,,81,M-3300-123,,"142,0",*,"254,0",301,3,"3,2",2,1,Rectángulo,"128,588","38,70",BT12,Grupo Acytex,Rotometrics,4/9/2017
,,81,M-3300-348,,"142,0",*,"254,0",301,3,"3,2",2,1,Rectángulo,"128,588","38,70",BT07,Grupo Acytex,Rotometrics,21/4/2022
,594,51,830-614,F-161,"143,0",*,"80,0",157,0,"3,0",1,2,Ovalo,"83,000","13,03",,,,29/6/2004
,,96,M-3300-046,,"144,0",*,"58,0",305,3,"3,2",2,5,Figura,"30,588","9,33",BT12,Henkel (Pert frente y contra),Rotometrics,10/2/2015
,621,69,830-642,F-185,"144,0",*,"106,0",158,0,"3,2",1,2,Figura,"109,175","17,25",,,,17/12/2004
,,88,M-3300-414,,"144,0",*,"136,0",305,3,"3,7",2,2,Rectángulo,"69,850","21,30",BB06,Mission Hills,Rotometrics,3/10/2022
,682,48,830-706,F-245,"144,0",*,"149,2",158,0,"3,2",1,1,Tres figuras especiales,"152,400","24,08",,Corporacion Tectronic,AW,2/5/2006
,242,66,830-247,D-44,"145,0",*,"102,0",159,0,"3,0",1,2,Rectángulo,"105,000","16,70",,ULTREX,,
,,58,M-3300-177,,"145,0",*,"176,0",159,0,"8,2",1,1,4 figuras en el mismo suaje,"184,150","29,28",WI04,Casa Cuervo,Rotometrics,21/2/2019
,,72,M-910-250,,"145,0",*,"225,4",159,"0,0","3,2",1,1,Rectángulo,"228,600","36,35",CS28,Pisa Agropecuaria,Rotometrics,14/12/2017
,702,81,830-726,F-266,"145,0",*,"254,0",159,0,"3,2",1,1,Rectángulo,"257,175","40,89",,Salud Natural (Propiedad de EEO),AW,26/3/2007
,,92,3300-056,,"145,0",*,"289,0",307,3,"3,2",2,1,Rectángulo,"146,088","44,85",,Salud Natural (Propiedad de EEO),AW,16/8/2012
,,99,M-3300-400,,"146,0",*,"308,0",309,3,"6,3",2,1,Figura,"157,163","48,56",CS28,Orora de México,Rotometrics,3/10/2022
,560,58,830-576,F-127,"147,0",*,"179,0",161,0,"0,0",1,1,Figura,"179,000","28,82",,Jgo. 4 Etiq. Rep Plata Tequila Chavoya,AW,26/8/2003
,,96,M-3300-040,,"148,0",*,"58,0",313,3,"3,0",2,5,2 figuras en el mismo suaje,"30,480","9,54",BT12,Henkel (Pert frente y contra),Rotometrics,10/2/2015
,,96,M-3300-154,,"148,0",*,"58,0",313,3,"3,0",2,5,Figura,"30,480","9,54",BT12,Henkel Capital,Rotometrics,5/7/2018
,,68,M-830-137,,"148,0",*,"210,0",162,0,"5,9",1,1,Rectángulo,"215,900","34,98",TT27,Ingeniería en Electrónica del Atlantico,Rotometrics,21/4/2022
,676,89,830-700,F-239,"149,0",*,"279,4",163,0,"3,2",1,1,Rectángulo,"282,575","46,06",,Velsimex,AW,2/5/2006
,,99,M-3300-449,,"149,0",*,"308,0",315,3,"6,3",2,1,Figura,"157,163","49,51",CS37,Orora de México,Rotometrics,11/7/2023
,,66,M-910-160,,"150,0",*,"23,2",164,"0,0","3,0",1,8,Rectángulo,"26,200","4,30",BB01,Laboratorios Pisa,Rotometrics,10/2/2015
,,101,MD-3030-079,,"150,0",*,"50,0",330,"3,0","3,4",2,6,Rectángulo,"26,723","8,82",BB44,Viñedos de la Rivera Sur de Chapala,Rotometrics,26/1/2024
,101,60,830-090,A-128,"150,0",*,"60,0",164,0,"3,0",1,3,Rectángulo,"63,000","10,33",,,,15/1/2003
,,101,MD-3030-005,,"150,0",*,"60,1",330,"3,0","4,0",2,5,Rectángulo,"32,068","10,58",BB15,Aceitera Mevi México,Rotometrics,19/5/2022
,,69,M-3300-383,,"150,0",*,"70,0",317,3,"3,0",2,3,Rectángulo,"36,513","11,57",CS28,Henkel Capital,Rotometrics,21/4/2022
,,75,830-764,,"150,0",*,"76,2",164,0,"3,2",1,3,Figura,"79,375","13,02",,Industrias Wet Line Frente,AW,15/7/2008
,,75,830-765,,"150,0",*,"76,2",164,0,"3,2",1,3,Figura,"79,375","13,02",,Industrias Wet Line Contra,AW,15/7/2008
,,106,MD-3030-006,,"150,0",*,"80,1",330,"3,0","4,0",2,4,Rectángulo,"42,069","13,88",BB15,Aceitera Mevi México,Rotometrics,19/5/2022
,,96,M-910-048,,"150,0",*,"99,0",164,0,"3,0",1,3,Figura,"102,000","16,73",CS01,Pablo Ignacio Michel Ontiveros,Rotometrics,16/8/2012
,148,46,830-139,B-4,"150,0",*,"143,0",164,0,"3,0",1,1,Rectángulo,"146,000","23,94",,,,
,,64,M-3300-104,,"150,0",*,"200,0",317,3,"3,2",2,1,Rectángulo,"101,600","32,21",BM02,Bodylogic International,Rotometrics,5/6/2017
,,64,M-910-440,,"150,0",*,"200,0",164,"0,0","3,2",1,1,Rectángulo,"203,200","33,32",BB15,Comercializadora Transfer Naga,Rotometrics,26/1/2024
,,128,MD-3030-043,,"150,0",*,"200,0",330,"3,0","3,2",2,2,Rectángulo,"101,600","33,53",BM09,Comercializadora Transfer Naga,Rotometrics,11/7/2023
,,66,M-910-214,,"150,0",*,"207,0",164,"0,0","3,0",1,1,Rectángulo,"210,000","34,44",CS02,Laboratorios Pisa,Rotometrics,5/6/2017
,678,72,830-702,F-241,"150,0",*,"225,4",164,0,"3,2",1,1,Figura de Huevo,"228,575","37,49",,Industrializadora de Porcinos Ayotlan,AW,2/5/2006
,706,96,830-730,F-399,"150,0",*,"302,0",164,0,"3,2",1,1,Rectángulo,"305,175","50,05",,Grupo ETS ,AW,26/3/2007
,,143,MD-3030-015,,"150,0",*,"450,0",330,"3,0","3,0",2,1,Rectángulo,"226,500","74,75",BM06,Alfa Comercializadora ,Rotometrics,19/5/2022
,,68,M-830-009,,"151,0",*,"51,4",165,0,"2,6",1,4,Especial corte por debajo (se usa con M-830-010 o M-830-011),"53,975","8,91",BB18,Laboratorios Pisa (corte por debajo),Rotometrics,23/5/2014
,,68,M-830-010,,"151,0",*,"51,4",165,0,"2,6",1,4,"Especial (punteado con corte a 3,175mm y amarre 0,2mm) (se usa con M-830-009)","53,975","8,91",BB18,Laboratorios Pisa,Rotometrics,23/5/2014
,,68,M-830-011,,"151,0",*,"51,4",165,0,"2,6",1,4,"Especial (punteado con corte a 0,3mm y amarre 0,2mm) (se usa con M-830-009)","53,975","8,91",BB18,Laboratorios Pisa,Rotometrics,23/5/2014
,,68,M-830-048,,"151,0",*,"51,4",165,0,"2,6",1,4,Figura especial (Jeringas),"53,975","8,91",GC02,Laboratorios Pisa,Rotometrics,19/7/2016
,,74,3300-002,,"151,0",*,"75,2",319,3,"3,2",2,3,Dos figuras (fte y contra),"39,188","12,50",,Grupo ETS,AW,25/8/2008
,590,68,830-610,F-157,"151,0",*,"212,0",165,0,"3,0",1,1,Rectángulo,"215,000","35,48",,,,29/6/2004
,595,67,830-615,F-162,"151,0",*,"212,0",165,0,"0,0",1,1,Figura,"212,000","34,98",,Navaja  con Perforación,,29/6/2004
,,86,M-3300-090,,"151,0",*,"268,0",319,3,"5,1",2,1,Rectángulo,"136,525","43,55",BT04,Reid de México,Rotometrics,12/1/2017
,,103,MD-3030-044,,"152,0",*,"62,0",330,"3,0","3,4",2,6,Rectángulo,"32,703","10,79",BT28,Grisi Hnos,Rotometrics,11/7/2023
,574,50,830-592,F-141,"152,0",*,"76,0",166,0,"3,0",1,2,Figura,"79,000","13,11",,Transtherm,AW,15/3/2004
,192,66,830-195,C-31,"152,0",*,"102,0",166,0,"3,0",1,2,Rectángulo,"105,000","17,43",,,,
,324,80,830-330,E-16,"152,0",*,"124,0",166,0,"3,0",1,2,Rectángulo,"127,000","21,08",,Rectángulo Especial,,
,,82,830-775,,"152,0",*,"127,0",166,0,"3,2",1,2,Figura,"130,175","21,61",,Soluciones Médicas,AW,28/7/2009
,,86,830-776,,"152,0",*,"133,4",166,0,"3,2",1,2,Rectángulo,"136,525","22,66",,Soluciones Médicas,AW,28/7/2009
,206,49,830-209,D-6,"152,0",*,"152,0",166,0,"3,0",1,1,Cuadrado,"155,000","25,73",,,,
,567,49,830-585,F-134,"152,0",*,"152,0",166,0,"3,0",1,1,Rectángulo (Corte por arriba se usa con 830-587),"155,000","25,73",,Usar C/830-586,AW,24/12/2003
,568,49,830-586,F-135,"152,0",*,"152,0",166,0,"3,0",1,1,Rectángulo (Corte por debajo se usa con 830-588),"155,000","25,73",,Usar C/830-585,AW,24/12/2003
,403,53,830-413,E-105,"152,0",*,"165,0",166,0,"3,0",1,1,Rectángulo,"168,000","27,89",,,,15/2/2001
,,106,3300-007,,"152,0",*,"165,1",321,3,"3,2",2,2,Rectángulo,"84,138","27,01",,Grupo ETS,AW,27/11/2008
,279,57,830-285,D-81,"152,0",*,"178,0",166,0,"3,0",1,1,Rectángulo,"181,000","30,05",,,,
,,116,MD-3030-088,,"152,0",*,"180,0",330,"3,0","4,2",2,2,3 figuras en el mismo suaje,"92,075","30,38",WI05,Ole Cocktail Company,Rotometrics,26/1/2024
,464,65,830-474,F-32,"152,0",*,"203,0",166,0,"3,3",1,1,Rectángulo,"206,300","34,25",,,,5/12/2001
,443,73,830-453,F-12,"152,0",*,"229,0",166,0,"3,0",1,1,Rectángulo,"232,000","38,51",,Transtherm Celanese,,2/5/2003
,,147,MD-3030-012,,"152,0",*,"229,0",330,"3,0","4,4",2,2,Rectángulo,"116,681","38,50",CS28,Comercializadora Agropecuaria de Degollado,Rotometrics,19/5/2022
,,78,830-792,,"152,4",*,"121,0",167,0,"3,2",1,2,Rectángulo,"124,175","20,74",,Soluciones Medicas Exportacion,AW,28/2/2011
,320,50,830-326,E-10,"153,0",*,"77,0",167,0,"3,0",1,2,Figura,"80,000","13,36",,Etiqueta y Cuello de botella,,
,,80,M-3300-102,,"153,0",*,"120,0",323,3,"7,0",2,2,Figura,"63,500","20,51",CS02,Marquez Brothers,Rotometrics,12/1/2017
,,59,910-545,,"153,0",*,"177,0",167,0,"10,3",1,1,Tres figuras en el mismo suaje,"187,325","31,28",WI04,Tequila las Americas,AW,5/3/2013
,,59,M-3300-426,,"153,0",*,"177,0",323,3,"10,3",2,1,3 etiquetas en el mismo suaje,"93,663","30,25",WI09,123 Spirits,Rotometrics,3/10/2022
,350,81,830-358,E-45,"153,0",*,"254,0",167,0,"3,1",1,1,Rectángulo,"257,120","42,94",,,,20/7/2000
,,74,M-910-075,,"154,0",*,"36,0",168,0,"3,2",1,6,Dos figuras en el mismo suaje,"39,175","6,58",GC01,Progarco,Rotometrics,17/6/2013
,,60,830-778,,"154,0",*,"60,3",168,0,"3,2",1,3,Figura,"63,500","10,67",,Real de Jalpa,AW,24/8/2009
,188,51,830-181,C-26,"154,0",*,"159,0",168,0,"3,0",1,1,Rectángulo,"162,000","27,22",,,,
,,118,MD-3030-056,,"154,0",*,"184,0",330,"0,0","3,3",1,2,Rectángulo,"187,325","61,82",BB15,NB Foods,Rotometrics,11/7/2023
,,108,M-3300-116,,"155,0",*,"63,0",327,3,"5,6",2,5,Figura,"34,290","11,21",GC01,Henkel Capital,Rotometrics,4/9/2017
,,108,M-3300-269,,"155,0",*,"63,0",327,3,"5,6",2,5,Figura,"34,290","11,21",GC01,Henkel Capital,Rotometrics,13/7/2020
,,88,M-3300-107,,"155,0",*,"67,0",327,3,"3,0",2,4,2 figuras (frente y contra),"35,000","11,45",BT17,Henkel Capital,Rotometrics,5/6/2017
,,96,M-910-193,,"155,0",*,"72,0",169,"0,0","4,2",1,4,Figura,"76,200","12,88",CS02,Agrícola de Gala,Rotometrics,19/7/2016
,366,50,830-374,E-63,"155,0",*,"155,0",169,0,"3,8",1,1,Circulo,"158,800","26,84",,,,
,677,70,830-701,F-240,"155,0",*,"219,0",169,0,"3,2",1,1,Figura especial,"222,175","37,55",,Industrializadora de Porcinos Ayotlan,AW,2/5/2006
,,121,M-3300-465,,"156,0",*,"189,0",329,3,"3,1",2,2,Rectángulo,"96,044","31,60",GC06,Henkel Capital,Rotometrics,11/7/2023
,597,65,830-617,F-164,"156,0",*,"203,0",170,0,"3,0",1,1,Rectángulo,"206,000","35,02",,,,29/6/2004
,,81,830-815,,"156,0",*,"254,0",170,0,"3,2",1,1,Figura,"257,175","43,72",BB01,Mexicana de Lubricantes,AW,17/6/2013
,,76,M-3300-493,,"157,0",*,"78,0",331,3,"3,0",2,3,2 Figuras (Frente y contra),"40,500","13,41",BB15,ACH Foods de México,Rotometrics,26/1/2024
,341,88,830-348,E-35,"158,0",*,"275,0",172,0,"4,4",1,1,Rectángulo,"279,400","48,06",,,,17/7/2000
,,88,M-3300-044,,"159,0",*,"136,0",335,3,"3,7",2,2,2 figuras en el mismo suaje,"69,850","23,40",BB01,Oculus Technologies (Frente y contra),Rotometrics,10/2/2015
,,88,M-3300-142,,"159,0",*,"136,0",335,3,"3,7",2,2,Figura,"69,850","23,40",BB28,Oculus Technologies,Rotometrics,5/7/2018
,273,71,830-279,D-75,"159,0",*,"222,0",173,0,"3,0",1,1,Rectángulo,"225,000","38,93",,,,
,,60,3300-052,,"160,0",*,"45,0",337,3,"3,2",2,4,Figura especial (Frente y Contra),"24,088","8,12",,Industrias Wet Line,AW,3/4/2012
,596,56,830-616,F-163,"160,0",*,"89,0",174,0,"0,0",1,2,Figura,"89,000","15,49",,,,29/6/2004
,,59,3300-075,,"160,0",*,"180,0",337,3,"7,3",2,1,Rectángulo,"93,663","31,56",CS02,Bunge Comercial,AW,3/9/2015
,,64,M-910-256,,"160,0",*,"200,0",174,"0,0","3,2",1,1,Rectángulo,"203,200","35,36",CS28,Pisa Agropecuaria,Rotometrics,14/12/2017
,,96,910-613,,"160,0",*,"297,0",174,0,"7,8",1,1,3 navajas punteadas,"304,800","53,04",CS44,Medtronic,AW,3/10/2022
,,96,M-910-409,,"160,0",*,"297,0",200,"0,0","7,8",1,1,Rectángulo especial (Corte doble nivel),"304,800","60,96",CS44,Medtronic,Rotometrics,3/10/2022
,,102,M-3300-525,,"160,0",*,"320,0",337,3,"3,9",2,1,Rectángulo,"161,925","54,57",BM08,Hombre Ave,Rotometrics,26/1/2024
,,102,3300-064,,"161,0",*,"321,0",339,3,"3,0",2,1,Rectángulo,"162,000","54,92",MT02,Bodylogic,AW,17/6/2013
,1123,76,910-391,,"162,0",*,"117,5",176,0,"3,2",1,2,3 figuras en el mismo suaje,"120,675","21,24",,Agabe Tequilana,AW,3/8/2007
,699,102,830-723,F-295,"162,0",*,"321,0",176,0,"3,2",1,1,Rectángulo,"324,175","57,05",,Salud Natural (Propiedad de EEO),AW,26/3/2007
,302,55,830-308,D-104,"163,0",*,"171,0",177,0,"0,0",1,1,Figura,"171,000","30,27",,Especial MEXLUB,,
,303,55,830-309,D-105,"163,0",*,"171,0",177,0,"0,0",1,1,Figura,"171,000","30,27",,Especial MEXLUB,,
,658,67,830-681,F-221,"163,0",*,"210,0",177,0,"3,2",1,1,Figura,"213,175","37,73",,Grupo Etytec (Jamón Gilbert),AW,1/8/2005
,50,73,830-042,A-74,"163,0",*,"229,0",177,0,"3,0",1,1,Huevo,"232,000","41,06",,HUEVO,,
,,108,M-3300-034,,"164,0",*,"341,0",345,3,"2,4",2,1,Figura,"171,700","59,24",CS02,Pisa Agropecuaria,Rotometrics,10/2/2015
,608,86,830-628,F-172,"165,0",*,"134,0",179,0,"2,5",1,2,Rectángulo,"136,500","24,43",,,C&C,2/8/2004
,,94,M-4200-005,,"165,0",*,"149,0",350,0,"0,0",2,2,Cortes por debajo (Topseal resellable),"74,500","26,08",DF1076-1 + DF1060-1,Eco Agri Tec,Rotometrics,7/10/2019
,,96,M-4200-003,,"165,0",*,"152,0",350,0,"0,0",2,2,Cortes por debajo (Topseal resellable),"76,000","26,60",DF1076-1 + DF1060-1,NatureSweet Invernaderos,Rotometrics,21/2/2019
,,96,M-4200-004,,"165,0",*,"152,0",350,0,"0,0",2,2,Cortes por debajo (Topseal resellable),"76,000","26,60",DF1076-1 + DF1060-1,NatureSweet Invernaderos,Rotometrics,7/10/2019
,513,60,830-525,F-81,"165,0",*,"190,0",173,0,"0,0",11,11,Figura,"17,273","2,99",,Kinder Sorpresa Hoja,,5/7/2002
,509,68,830-520,F-77,"165,0",*,"216,0",179,0,"0,0",1,1,Figura,"216,000","38,66",,5 Partes (hoja),,1/7/2002
,603,107,830-623,F-392,"165,0",*,"335,0",173,0,"4,8",1,1,Corte Especial,"339,800","58,79",,Medios cortes Internos ,AW,2/8/2004
,630,50,830-652,F-194,"166,0",*,"50,0",180,0,"3,2",1,3,Figura,"53,175","9,57",,,,17/12/2004
,422,75,830-432,E-127,"166,0",*,"235,0",180,0,"3,1",1,1,Rectángulo,"238,100","42,86",,Especial Celanece (Usar con 433),,15/2/2001
,,94,3300-040,,"167,0",*,"144,0",181,0,"5,2",1,2,3 figuras en el mismo suaje,"149,225","27,01",,Corporación Tectronic (Artenom),AW,2/7/2011
,,111,M-FA17-007,,"168,0",*,"67,0",353,3,"3,5",2,5,Figura,"35,243","12,44",BT20,Henkel Capital,Rotometrics,3/10/2022
,,111,M-3300-192,,"168,0",*,"67,0",182,0,"3,5",1,5,Figura,"70,485","12,83",BT12,Henkel Capital,Rotometrics,21/2/2019
,,96,M-3300-037,,"168,0",*,"71,0",182,0,"5,2",1,4,Figura,"76,200","13,87",BT12,Henkel (Pert frente),Rotometrics,10/2/2015
,,96,M-3300-038,,"168,0",*,"71,0",182,0,"5,2",1,4,Figura,"76,200","13,87",BT12,Henkel (Pert contra),Rotometrics,10/2/2015
,,59,910-582,,"168,0",*,"182,0",182,0,"5,3",1,1,Corte por debajo (se una con 830-581),"187,325","34,09",TT11,Medtronic,AW,12/1/2017
,,59,910-584,,"168,0",*,"182,0",182,0,"5,3",1,1,Corte por debajo (se una con 830-583),"187,325","34,09",TT11,Medtronic,AW,12/1/2017
,,118,M-910-299,,"168,0",*,"182,0",182,"0,0","5,3",1,2,Rectángulo con cortes internos (Corte por arriba)(Se usa con M-910-300),"187,325","34,09",TT11,Medtronic,Rotometrics,7/10/2019
,,118,M-910-300,,"168,0",*,"182,0",182,"0,0","5,3",1,2,Rectángulo con cortes internos (Corte por debajo)(Se usa con M-910-299),"187,325","34,09",TT11,Medtronic,Rotometrics,7/10/2019
,,118,M-910-311,,"168,0",*,"182,0",182,"0,0","5,3",1,2,Rectángulo con cortes internos,"187,325","34,09",TT11,Medtronic,Rotometrics,7/10/2019
,78,49,830-066,A-102,"169,0",*,"153,0",183,0,"3,0",1,1,Figura,"156,000","28,55",,Chunky Pulp,,
,1139,74,910-407,,"169,0",*,"232,0",183,0,"3,2",1,1,3 Rectángulos diferentes en el mismo suaje,"235,175","43,04",,Crescencio Corona,AW,29/11/2007
,,72,M-3300-005,,"170,0",*,"105,0",184,0,"9,3",1,2,Figura,"114,300","21,03",BM02,Empacadora Celaya,Rotometrics,8/11/2013
,,90,M-910-101,,"170,0",*,"130,0",184,"0,0","12,9",1,2,Fugura,"142,875","26,29",BB01,Bunker Electronics,Rotometrics,13/3/2014
,285,45,830-291,D-87,"170,0",*,"140,0",184,0,"3,0",1,1,Rectángulo,"143,000","26,31",,MEXLUB,,
,805,49,910-071,I-9,"170,0",*,"152,0",184,0,"3,5",1,1,Rectángulo,"155,500","28,61",,,,
,,78,M-910-263,,"170,0",*,"245,0",184,"0,0","3,2",1,1,Rectángulo,"248,175","45,66",BM06,Collins División Veterinaria,Rotometrics,5/7/2018
,179,83,830-172A,C-17,"170,0",*,"260,0",184,0,"3,0",1,1,Rectángulo,"263,000","48,39",,,,
,,167,MD-3030-042,,"170,0",*,"262,0",330,"0,0","3,1",1,2,Rectángulo,"265,113","87,49",BM09,Comercializadora Transfer Naga,Rotometrics,11/7/2023
,,69,M-3300-427,,"171,0",*,"70,0",185,0,"3,0",1,3,Rectángulo,"73,025","13,51",WI05,Altatec de Occidente,Rotometrics,3/10/2022
,,55,910-429,,"171,0",*,"171,0",185,0,"3,6",1,1,Circulo,"174,625","32,31",,Central de Bolsas,AW,23/6/2008
,954,60,910-221,I-149,"174,0",*,"92,0",188,0,"3,2",1,2,Figura,"95,175","17,89",,dos figuras en el mismo suaje,AW,17/12/2004
,272,49,830-278,D-74,"175,0",*,"11,9",175,0,"0,0",1,13,Navajas,"11,900","2,08",,Completa Usar con el No. 830-277 (TRACK),,
,,75,830-854,,"175,0",*,"17,0",175,0,"0,0",1,14,Navaja punteada,"17,008","2,98",BB06,Monica Sánchez (Joyería),AW,13/7/2020
,322,51,830-328,E-14,"175,0",*,"18,0",175,0,"0,0",1,9,Navaja,"17,990","3,15",,Navaja Completa medio corte usar con 830-327,,
,,46,830-838,,"175,0",*,"18,3",175,0,"0,0",1,8,Navaja punteada,"18,256","3,19",TT19,ICU Medical,AW,12/1/2017
,94,48,830-083,A-120,"175,0",*,"19,0",175,0,"0,0",1,8,Navaja,"19,000","3,33",,Navaja Completa,,
,,51,830-823,,"175,0",*,"23,1",189,0,"0,0",1,7,Navaja punteada,"23,132","4,37",BB01,Magna Assembly,AW,8/11/2013
,664,47,830-688,F-227,"175,0",*,"24,9",175,0,"0,0",1,6,Navaja punteada,"24,870","4,35",,Corporacion Tectronic,AW,20/10/2005
,71,48,830-059,A-95,"175,0",*,"25,0",175,0,"0,0",1,6,Navaja,"25,000","4,38",,Navaja Completa,,
,,53,830-829,,"175,0",*,"28,0",175,0,"0,0",1,6,Navaja punteada,"28,046","4,91",TT01,ICU Medical,AW,19/9/2014
,471,45,830-481,F-39,"175,0",*,"28,5",175,0,"0,0",1,5,Navaja punteada,"28,500","4,99",,Navaja Punteada,,27/12/2001
,56,48,830-047,A-80,"175,0",*,"30,0",175,0,"0,0",1,5,Navaja,"30,000","5,25",,Navaja Completa,,
,96,51,830-085,A-123,"175,0",*,"33,0",175,0,"0,0",1,5,Navaja punteada,"33,000","5,78",,Navaja Punteada,,
,,65,830-847,,"175,0",*,"34,4",175,0,"0,0",1,6,Navaja punteada,"34,396","6,02",DI13,Promotora Mexicana Gaitan,AW,21/2/2019
,236,55,830-241,D-38,"175,0",*,"35,0",175,0,"0,0",1,5,Navaja,"35,000","6,13",,Navaja Completa,,
,150,50,830-141,B-6,"175,0",*,"40,0",175,0,"0,0",1,4,Navaja,"40,000","7,00",,Navaja Completa,,
,440,50,830-450,F-9,"175,0",*,"40,0",175,0,"0,0",1,4,Navaja punteada,"40,000","7,00",,Navaja Punteada Completa,,22/6/2001
,495,77,830-505,F-63,"175,0",*,"40,7",175,0,"0,0",1,6,Navaja punteada,"40,700","7,12",,Punteado Completo,,23/5/2002
,690,52,830-714,F-253,"175,0",*,"41,3",175,0,"0,0",1,4,Navaja Punteada,"41,300","7,23",,Datacode de México (Corte completo),AW,28/11/2006
,413,54,830-423,E-117,"175,0",*,"43,0",175,0,"0,0",1,4,Navaja punteada,"43,000","7,53",,Navaja Punteada,,15/2/2001
,95,56,830-084,A-121,"175,0",*,"45,0",175,0,"0,0",1,4,Navaja,"45,000","7,88",,,,
,,58,830-788,,"175,0",*,"46,0",175,0,"0,0",1,4,Navaja punteada,"46,038","8,06",,Emerson,AW,30/6/2010
,527,46,830-541,F-95,"175,0",*,"48,0",189,0,"0,0",1,3,Navaja,"48,000","9,07",,Usar con 82x45,,
,477,63,830-487,F-45,"175,0",*,"50,0",189,0,"0,0",1,4,navaja,"50,000","9,45",,,,18/3/2002
,641,50,830-664,F-204,"175,0",*,"50,0",189,0,"3,0",1,3,Rectángulo,"53,000","10,02",,,AW,5/4/2005
,232,50,830-236,D-33,"175,0",*,"53,0",175,0,"0,0",1,3,Navaja punteada,"53,000","9,28",,Navaja Punteada Completa,,
,680,52,830-704,F-243,"175,0",*,"55,0",175,0,"0,0",1,3,Navaja punteada (5ppp),"55,000","9,63",,Operadora Aldo (Punteado con 5 perforaciones por pulgada),AW,2/5/2006
,561,70,830-577,F-128,"175,0",*,"56,0",175,0,"0,0",1,4,Navaja punteada,"56,000","9,80",,Navaja Punteda Completa,,10/19/2003
,668,55,830-692,F-231,"175,0",*,"58,2",175,0,"0,0",1,3,Navaja,"58,200","10,19",,Gemplus (Tele Cartte),AW,2/5/2006
,402,63,830-412,E-104,"175,0",*,"66,6",175,0,"0,0",1,3,Navaja punteada,"66,600","11,66",,Nav.  Punteada FORD Usar con 830-409,,
,332,63,830-338,E-24,"175,0",*,"66,7",175,0,"0,0",1,3,Navaja,"66,700","11,67",,Navaja punteada,,17/7/2000
,,69,830-848,,"175,0",*,"73,0",175,0,"0,0",1,3,Navaja punteada,"73,025","12,78",DI06,Limones Monica,AW,21/2/2019
,301,47,830-307,D-103,"175,0",*,"74,6",175,0,"0,0",1,2,Navaja punteada,"74,610","13,06",,Nav. Punteada Completa,,
,171,48,830-165,C-8,"175,0",*,"76,0",175,0,"0,0",1,2,Navaja,"76,000","13,30",,Navaja Completa (2),,
,642,49,830-665,F-205,"175,0",*,"77,8",175,0,"0,0",1,2,Navaja punteada,"77,780","13,61",,Navaja Punteada especal para Nylon,AW,5/4/2005
,22,50,830-018,A-22,"175,0",*,"80,0",175,0,"0,0",1,2,Navaja punteada,"80,000","14,00",,Navaja Punteada Completa (2),,
,488,54,830-498,F-56,"175,0",*,"85,7",175,0,"0,0",1,2,Navaja punteada,"85,700","15,00",,Navaja punteada,,31/3/2002
,269,55,830-275,D-71,"175,0",*,"87,0",175,0,"0,0",1,2,Navaja punteada,"87,000","15,23",,Navaja Punteada Especial Futurama Usar con 30X,,
,,56,830-842,,"175,0",*,"88,9",175,0,"0,0",1,2,Navaja punteada,"88,900","15,56",DF819-3,Medtronic Mexico,AW,14/12/2017
,533,58,830-547,F-101,"175,0",*,"92,0",175,0,"0,0",1,2,Navaja punteada,"92,000","16,10",,Navaja Punteada,,15/1/2003
,562,60,830-578,F-129,"175,0",*,"95,0",175,0,"0,0",1,2,Navaja punteada,"95,000","16,63",,Navaja Punteda Completa,,10/19/2003
,349,60,830-357,E-44,"175,0",*,"95,2",175,0,"0,0",1,2,Navaja,"95,200","16,66",,Navaja Completa,,20/7/2000
,974,64,910-242,I-170,"175,0",*,"98,0",189,0,"3,2",1,2,Figuras,"101,175","19,12",,3 figuras diferentes en el mismo suaje ,AW,9/5/2005
,11,63,830-009,A-11,"175,0",*,"100,0",175,0,"0,0",1,2,Navaja,"100,000","17,50",,Navaja Completa (2),,
,337,64,830-343,E-31,"175,0",*,"101,6",175,0,"0,0",1,2,Navaja punteada,"101,600","17,78",,,,17/7/2000
,564,64,830-580,F-131,"175,0",*,"101,6",175,0,"0,0",1,2,navaja punteada,"101,600","17,78",,Navaja Punteda,,10/27/2003
,189,64,830-182,C-27,"175,0",*,"102,0",175,0,"0,0",1,2,Navaja punteada,"102,000","17,85",,Navaja punteada y Navaja corte completo,,
,267,66,830-273,D-69,"175,0",*,"105,0",175,0,"0,0",1,2,Navaja punteada,"105,000","18,38",,Punteada,,
,1014,71,910-282,I-202,"175,0",*,"110,0",189,3,"3,2",1,2,Figuras,"113,175","21,39",,3 figuras en el mismo suaje,AW,20/10/2005
,,72,830-832,,"175,0",*,"114,3",175,0,"0,0",1,2,Navaja punteada,"114,300","20,00",TT01,Medtronic,AW,15/7/2015
,988,75,910-256,I-182,"175,0",*,"116,0",189,0,"3,0",1,2,Figura,"119,000","22,49",,Comercializadora Pame (Licor de Café Don Cleofas),AW,1/8/2005
,28,80,830-022,A-52,"175,0",*,"127,0",175,0,"0,0",1,2,Navaja,"127,000","22,23",,Navaja Completa (2),,
,323,80,830-329,E-15,"175,0",*,"127,0",175,0,"0,0",1,2,Navaja punteada,"127,000","22,23",,2 Navajas Punteadas 2 N. Completas Usar con 830-330,,
,284,82,830-290,D-86,"175,0",*,"130,1",175,0,"0,0",1,2,Navaja punteada,"130,100","22,77",,Navaja Punteada Completa,,
,266,45,830-272,D-68,"175,0",*,"143,0",175,0,"0,0",1,1,Navaja punteada,"143,000","25,03",,Punteada,,
,405,48,830-415,E-107,"175,0",*,"152,0",175,0,"0,0",1,1,Navaja punteada,"152,000","26,60",,Navaja Punteda Completa C/830-414,,17/3/2003
,268,49,830-274,D-70,"175,0",*,"155,0",175,0,"0,0",1,2,Navaja,"155,000","27,13",,(Dos) Especial MACorp. Usar con 102X152 Punteada,,15/2/2001
,213,49,830-216,D-13,"175,0",*,"155,5",175,0,"0,0",1,1,Navaja punteada,"155,500","27,21",,Navaja Punteada,,
,55,50,830-046,A-79,"175,0",*,"160,0",175,0,"0,0",1,1,Navaja,"160,000","28,00",,Navaja Completa,,
,,53,830-833,,"175,0",*,"168,3",175,0,"0,0",1,1,Navaja punteada,"168,275","29,45",TT01,ICU Medical,AW,2/2/2016
,155,55,830-146,B-11,"175,0",*,"174,0",175,0,"0,0",1,1,Navaja punteada,"174,000","30,45",,Navaja punteada,,
,124,56,830-114,A-151,"175,0",*,"178,0",175,0,"0,0",1,1,Navaja,"178,000","31,15",,SUAJE ESP. CHILE,,
,441,57,830-451,F-10,"175,0",*,"181,0",175,0,"0,0",1,1,Navaja punteada,"181,000","31,68",,Navaja Punteada completa,,22/6/2001
,512,60,830-524,F-80,"175,0",*,"190,0",175,0,"0,0",1,1,Navaja,"190,000","33,25",,Nav. Completa,,5/7/2002
,23,63,830-019,A-23,"175,0",*,"200,0",175,0,"0,0",1,1,Navaja punteada,"200,000","35,00",,Navaja punteada,,
,164,64,830-158,C-1,"175,0",*,"203,0",175,0,"0,0",1,1,Navaja punteada,"203,000","35,53",,Navaja Punteada Completa (Reposicion 25-05-07),,
,465,64,830-475,F-33,"175,0",*,"203,0",175,0,"0,0",1,1,Navaja,"203,000","35,53",,Navaja Completa,,10/12/2001
,,65,830-855,,"175,0",*,"206,4",175,0,"0,0",1,1,Navaja punteada,"206,375","36,12",TT17,ICU Medical,AW,13/7/2020
,97,68,830-086,A-124,"175,0",*,"216,0",175,0,"0,0",1,1,Navaja,"216,000","37,80",,Navaja Completa,,
,368,68,830-376,E-65,"175,0",*,"216,0",175,0,"0,0",1,1,Navaja punteada,"216,000","37,80",,Navaja Punteda completa,,
,,72,M-3300-058,,"175,0",*,"225,0",189,0,"3,6",1,1,Rectángulo,"228,600","43,21",CS02,Bunge Comercial,Rotometrics,3/9/2015
,,72,M-3300-202,,"175,0",*,"225,0",189,0,"3,6",1,1,Rectángulo,"228,600","43,21",DF868-3 (Avery 53331),Casa Cuervo,Rotometrics,7/10/2019
,442,73,830-452,F-11,"175,0",*,"232,0",175,0,"0,0",1,1,Navaja,"232,000","40,60",,C.C. Celanese,,2/5/2003
,154,75,830-145,B-10,"175,0",*,"238,0",175,0,"0,0",1,1,Navaja,"238,000","41,65",,Navaja Completa,,
,423,75,830-433,E-128,"175,0",*,"238,0",175,0,"0,0",1,1,Navaja punteada,"238,000","41,65",,Punteada Celanece (Usar con 432),,
,60,80,830-049,A-84,"175,0",*,"254,0",175,0,"0,0",1,1,Navaja,"254,000","44,45",,Navaja Completa,,
,61,80,830-049A,A-85,"175,0",*,"254,0",175,0,"0,0",1,1,Navaja,"254,000","44,45",,Navaja Completa,,
,824,90,910-090,I-28,"175,0",* ,"285,8",175,0,"0,0",1,1,Navaja,"285,750","50,01",,Navaja completa,,
,26,90,830-021,A-26,"175,0",*,"287,0",175,0,"0,0",1,1,Navaja,"287,000","50,23",,Navaja Completa,,
,27,90,830-021A,A-27,"175,0",*,"287,0",175,0,"0,0",1,1,Navaja,"287,000","50,23",,Navaja Completa,,
,135,92,830-126,A-163,"175,0",*,"292,0",175,0,"0,0",1,1,Navaja,"292,000","51,10",,Navaja Completa,,
,84,96,830-072,A-108,"175,0",*,"304,0",175,0,"0,0",1,1,Navaja,"304,000","53,20",,Navaja Completa,,
,550,101,830-565,F-390,"175,0",*,"320,0",183,0,"3,0",1,1,Navaja,"323,000","59,11",,Navaja medio corte,,
,548,140,830-563,F-389,"175,0",*,"445,0",175,0,"0,0",1,1,Navaja,"445,000","77,88",,COMPLETA M.C.,AW,13/6/2003
,,49,910-491,,"176,0",*,"152,4",190,0,"3,2",1,1,Figura,"155,575","29,56",,José Pablo Moreno,AW,30/6/2010
,,61,M-910-345,,"177,0",*,"61,0",191,"0,0","3,6",1,3,Rectángulo,"64,558","12,33",BT07,Real de Jalpa,Rotometrics,5/4/2021
,1131,86,910-399,,"177,0",*,"133,5",191,0,"3,2",1,2,4 figuras en el mismo suaje,"136,675","26,10",,Alteña Fabricante de Tequila,AW,25/10/2007
,730,48,830-754,,"178,0",*,"51,0",178,0,"0,0",1,3,Navaja punteada,"51,000","9,08",,Lorena Margarita Rubio,AW,27/9/2007
,610,55,830-630,F-174,"178,0",*,"58,2",178,0,"0,0",1,1,Navaja,"58,208","10,36",,,C&C,28/9/2004
,584,57,830-604,F-151,"178,0",*,"60,3",175,0,"0,0",1,3,Navaja punteada,"60,325","10,56",,Navaja Punteada,,28/4/2004
,,59,910-561,,"178,0",*,"184,0",192,0,"3,3",1,1,Figura,"187,325","35,97",CS02,Sesajal,AW,23/5/2014
,602,83,830-622,F-391,"178,0",*,"263,5",178,0,"0,0",1,1,Navaja punteada,"263,525","46,91",,Navaja punteada,AW,2/8/2004
,604,107,830-624,F-393,"178,0",*,"339,7",178,0,"0,0",1,1,Navaja punteada,"339,725","60,47",,Navaja punteada,AW,2/8/2004
,1054,58,910-322,I-239,"179,0",*,"89,0",193,0,"3,2",1,2,Dos figuras especiales,"92,175","17,79",,Aquiles Zurita (Dos figuras en el mismo suaje),AW,28/11/2006
,,99,3300-074,,"180,0",*,"75,4",194,0,"3,2",1,4,Rectángulo,"78,581","15,24",BT12,Henkel,AW,3/9/2015
,,105,MD-3030-019,,"180,0",*,"80,0",330,"0,0","3,3",1,4,Rectángulo,"83,344","27,50",BB15,Aceitera Mevi México,Rotometrics,19/5/2022
,,88,MD-3030-020,,"180,0",*,"90,0",330,"0,0","3,1",1,3,Rectángulo,"93,133","30,73",BB15,Aceitera Mevi México,Rotometrics,19/5/2022
,,98,M-910-122,,"180,0",*,"101,0",194,"0,0","2,7",1,3,Figura,"103,717","20,12",CS02,Coral Internacional,Rotometrics,23/5/2014
,,75,M-3300-332,,"180,0",*,"235,0",194,0,"3,1",1,1,Dos figuras en el mismo suaje (Prueba desarrollo colgador),"238,125","46,20",BB15,Laboratorios Pisa,Rotometrics,21/4/2022
,,80,M-910-350,,"181,0",*,"48,0",195,"0,0","2,8",1,5,Rectángulo,"50,800","9,91",CG02,Osteo Bio Laboratiorio de Biotecnología,Rotometrics,5/4/2021
,1115,63,910-383,,"181,0",*,"97,0",195,0,"3,2",1,2,Figura,"100,175","19,53",,Biozone Chemical (contra),AW,4/7/2007
,1116,63,910-384,,"181,0",*,"97,0",195,0,"3,2",1,2,Figura,"100,175","19,53",,"0,3",AW,4/7/2007
,1016,70,910-284,I-204,"181,0",*,"108,0",195,0,"3,2",1,2,3 figuras en el mismo suaje,"111,175","21,68",,Armando Garcia Garcia (3 figuras en el mismo suaje),AW,2/5/2006
,,63,910-526,,"182,0",*,"64,0",196,0,"3,2",1,3,Figura,"67,175","13,17",,Mega Empack,AW,7/10/2011
,,68,M-910-445,,"183,0",*,"40,0",197,"0,0","3,2",1,5,Rectángulo,"43,180","8,51",DF1765,Laboratorios Pisa,Rotometrics,26/1/2024
,,88,M-910-446,,"183,0",*,"90,0",197,"0,0","3,1",1,3,Rectángulo,"93,133","18,35",DF1765,Laboratorios Pisa,Rotometrics,26/1/2024
,967,60,910-235,I-163,"183,0",*,"92,0",197,0,"3,2",1,2,Figura,"95,175","18,75",,Suaje compuesto por cuello contra y etiqueta,AW,5/4/2005
,,104,M-910-041,,"183,0",*,"106,0",197,0,"4,1",1,3,2 figuras en el mismo suaje,"110,066","21,68",BB01,Celebrando el buen comer,Rotometrics,16/8/2012
,,92,M-910-447,,"183,0",*,"142,0",197,"0,0","4,1",1,2,Rectángulo,"146,050","28,77",DF1765,Laboratorios Pisa,Rotometrics,26/1/2024
,,93,M-4200-016,,"183,0",*,"144,3",383,3,"3,4",2,2,Figura,"73,819","28,27",BB06,Mission Hills,Rotometrics,3/10/2022
,1055,167,910-323,cuarto de montado,"183,0",*,"527,0",197,0,"3,2",1,1,Rectángulo,"530,175","104,44",,Sayer Lack Mexicana,AW,28/11/2006
,,111,M-3300-224,,"185,0",*,"85,0",199,0,"3,1",1,4,Figura,"88,106","17,53",GC02,Agricola de Gala,Rotometrics,7/10/2019
,,110,MD-3030-021,,"185,0",*,"170,0",330,"0,0","4,6",1,2,4 Figuras,"174,625","57,63",WI05,Skinpop,Rotometrics,19/5/2022
,,64,M-3300-246,,"185,0",*,"187,0",199,0,"16,2",1,1,5 figuras en el mismo suaje,"203,200","40,44",WI04,Ricardo Torres González,Rotometrics,13/7/2020
,915,86,910-181,I-111,"185,0",*,"270,0",199,0,"3,0",1,1,Rectángulo,"273,000","54,33",,,,28/4/2004
,1007,85,910-275,I-196,"189,0",*,"132,0",203,0,"3,2",1,2,Rectángulo,"135,172","27,44",,Fertigro Agroproducts,AW,23/9/2005
,,85,MD-3030-010,,"189,0",*,"132,0",330,"0,0","2,9",1,2,Rectángulo,"134,938","44,53",CS28,Comercializadora Agropecuaria de Degollado,Rotometrics,19/5/2022
,1008,56,910-276,I-197,"189,0",*,"175,0",203,0,"3,2",1,1,Rectángulo,"178,175","36,17",,Fertigro Agroproducts,AW,23/9/2005
,,66,910-468,,"189,0",*,"206,4",203,0,"3,2",1,1,3 figuras en el mismo suaje,"209,555","42,54",,Corporacion Tectronic,AW,28/7/2009
,,100,MD-3030-065,,"190,0",*,"60,0",330,"0,0","3,5",1,5,Rectángulo,"63,500","20,96",WI05,Cavas de Don Max,Rotometrics,11/7/2023
,,93,MD-3030-064,,"190,0",*,"95,0",330,"0,0","3,4",1,3,Rectángulo,"98,425","32,48",WI05,Cavas de Don Max,Rotometrics,11/7/2023
,844,64,910-110,I-49,"190,0",*,"200,0",198,0,"3,1",1,1,Rectángulo,"203,100","40,21",,,,15/2/2001
,1095,58,910-363,I-269,"191,0",*,"89,0",205,0,"3,2",1,2,3 figuras en el mismo suaje,"92,175","18,90",,Com. De Vinos y Licores Marquez de Valencia,AW,26/3/2007
,1109,78,910-377,,"191,0",*,"121,0",205,0,"3,2",1,2,Figura,"124,175","25,46",,Destiladora de la Barranca,AW,4/7/2007
,,72,3300-042,,"192,0",*,"107,3",211,0,"7,0",1,2,3 figuras en el mismo suaje,"114,300","24,12",,Corporación Tectronic,AW,7/10/2011
,1063,64,910-331,I-246,"193,0",*,"98,5",207,0,"3,2",1,2,2 Figuras en el mismo suaje,"101,675","21,05",,Comercializadora Pame  ,AW,28/11/2006
,1140,78,910-408,,"194,0",*,"121,0",208,0,"3,2",1,2,3 figuras en el mismo suaje,"124,175","25,83",,Robles Ochoa,AW,29/11/2007
,,59,910-431,,"196,0",*,"84,0",210,0,"9,7",1,2,Tres figuras en el mismo suaje,"93,700","19,68",,Destiladora de los Altos,Rotometrics,27/6/2008
,,103,910-519,,"196,0",*,"324,0",210,0,"3,2",1,1,Rectángulo,"327,175","68,71",,Mexicana de Lubricantes,AW,6/6/2011
,917,167,910-183,cuarto de montado,"197,0",*,"527,0",211,0,"3,2",1,1,Rectángulo,"530,225","111,88",,Sayer Lack,,17/7/2006
,,99,M-3300-146,,"199,0",*,"101,0",213,0,"4,0",1,3,4 figuras en el mismo suaje,"104,970","22,36",WI06,Casa Cuervo,Rotometrics,5/7/2018
,,82,MD-3030-025,,"200,0",*,"14,0",330,"0,0","3,4",1,15,Rectángulo,"17,357","5,73",WI09,Cia Tequilera los Alambiques,Rotometrics,19/5/2022
,855,59,910-121,I-60,"200,0",*,"90,0",214,0,"3,6",1,2,Rectángulo,"93,600","20,03",,,,27/5/2002
,854,81,910-120,I-59,"200,0",*,"125,0",214,0,"3,6",1,2,Rectángulo,"128,600","27,52",,,,27/5/2002
,,112,MD-3030-076,,"200,0",*,"175,0",330,"0,0","3,0",1,2,Rectángulo,"178,000","58,74",CS40,ACH Foods de México,Rotometrics,26/1/2024
,,64,M-910-191,,"200,0",*,"200,0",214,"0,0","3,2",1,1,Circulo,"203,200","43,48",BB01,Equilátero,Rotometrics,19/7/2016
,,104,M-3300-218,,"201,0",*,"161,0",215,0,"4,1",1,2,Figura,"165,100","35,50",GC02,Grupo Arcoiris Plasticos,Rotometrics,7/10/2019
,,62,910-514,,"201,0",*,"194,0",215,0,"2,9",1,1,Tres figuras en el mismo suaje,"196,850","42,32",,Destiladora Rubio,AW,2/4/2011
,972,64,910-240,I-168,"202,0",,"65,0",216,0,"3,2",1,3,Rectángulo,"68,175","14,73",,,C&C,30/4/2005
,,109,M-4200-014,,"202,0",*,"170,0",421,3,"3,0",2,2,Figura,"86,519","36,42",GC06,Henkel Capital,Rotometrics,3/10/2022
,,96,M-910-029,,"203,0",*,"48,0",217,0,"3,2",1,6,Dos figuras en el mismo suaje,"51,175","11,10",GC01,Progarco,Rotometrics,7/10/2011
,,73,910-504,,"203,0",*,"55,0",217,0,"2,9",1,4,2 figuras en el mismo suaje,"57,943","12,57",,Destiladora Rubio,AW,1/11/2010
,1112,59,910-380,,"203,0",*,"90,0",217,0,"3,7",1,2,3 figuras en el mismo suaje,"93,700","20,33",,Destiladora de los Altos,AW,4/7/2007
,1012,62,910-280,I-200,"203,0",,"96,0",217,3,"3,0",1,2,Especial,"99,000","21,48",,Tequila Quiote (dos figuras en el mismo suaje),AW,20/10/2005
,,136,910-597,,"203,0",*,"422,0",217,0,"9,5",1,1,Rectagulo especial (cortes internos),"431,526","93,64",TT19,Mestronic (se usa con 910-598),AW,5/7/2018
,,136,910-598,,"203,0",*,"422,0",217,0,"9,5",1,1,Rectagulo especial (corte por debajo),"431,526","93,64",TT19,Mestronic (se usa con 910-597),AW,5/7/2018
,1037,65,910-305,I-225,"204,0",*,"99,0",218,0,"4,2",1,2,2 Figuras en el mismo suaje,"103,188","22,49",,Corporación Tectronic (2 figuras en el mismo suaje),AW,2/5/2006
,,62,910-505,,"206,0",*,"194,0",220,0,"3,4",1,1,3 figuras en el mismo suaje (la medida incluye dos juegos de frente contra y cuello),"197,425","43,43",,Destiladora Rubio,AW,1/11/2010
,,86,910-482,,"206,0",*,"270,0",220,0,"3,2",1,1,Figura,"273,175","60,10",,Mexicana de Lubricantes,AW,5/1/2010
,1114,59,910-382,,"208,0",*,"90,0",222,0,"3,7",1,2,3 figuras en el mismo suaje,"93,700","20,80",,Destiladora de los Altos,AW,4/7/2007
,,58,M-3300-130,,"208,0",*,"181,0",222,0,"3,2",1,1,Figura,"184,150","40,88",GC05,Henkel Capital,Rotometrics,14/12/2017
,,58,M-3300-131,,"208,0",*,"181,0",222,0,"3,2",1,1,Figura,"184,150","40,88",DF915-3,Henkel Capital,Rotometrics,14/12/2017
,1074,59,910-342,I-251,"209,0",*,"90,5",223,0,"3,2",1,2,2 figuras en el mismo suaje,"93,675","20,89",,Productores de Tequila de Arandas,AW,28/11/2006
,754,50,910-019,G-9,"210,0",*,"155,0",224,0,"0,0",1,1,Rectángulo,"155,000","34,72",,CELANESE,,
,1027,64,910-295,I-215,"213,0",*,"98,5",227,0,"3,2",1,2,3 figuras en el mismo suaje,"101,675","23,08",,Destiladora de los Altos,AW,2/5/2006
,990,70,910-258,I-184,"213,0",*,"108,0",227,0,"3,2",1,2,Figura,"111,175","25,24",,Agaveros Unidos de Amatitan (4 Figuras en el mismo suaje),AW,1/8/2005
,,78,M-910-341,,"215,0",*,"46,0",229,"0,0","3,5",1,5,Rectángulo con cortes internos,"49,530","11,34",BB25,Colgate Palmolive,Rotometrics,5/4/2021
,,69,910-487,,"215,0",*,"216,0",229,0,"3,2",1,1,Figura,"219,175","50,19",,Mexicana de Lubricantes,AW,3/5/2010
,872,88,910-138,I-74,"216,0",*,"276,0",230,0,"3,0",1,1,Rectángulo,"279,000","64,17",,P/Transtherm 3M,,2/5/2003
,856,89,910-122,I-61,"216,0",*,"283,0",230,0,"0,0",1,1,Figura,"283,000","65,09",,,,6/8/2002
,883,97,910-149,I-343,"216,0",*,"305,0",230,0,"3,0",1,1,Rectángulo,"308,000","70,84",,Transtherm,,24/7/2003
,,98,M-910-203,,"216,0",*,"308,0",230,"0,0","3,2",1,1,Rectángulo,"311,175","71,57",CS13,Eleven Rivers,Rotometrics,12/1/2017
,,67,M-3300-396,,"219,0",*,"208,0",233,0,"4,7",1,1,Figura,"212,725","49,56",GC06,Henkel Capital,Rotometrics,3/10/2022
,842,104,910-108,I-337,"219,0",*,"327,0",233,0,"3,1",1,1,Rectángulo,"330,100","76,91",,Especial Celanece (Usar con 910-109),,15/2/2001
,,63,910-552,,"222,0",*,"187,0",236,0,"13,0",1,1,5 Figuras,"200,025","47,21",BB06,Promeyco,AW,16/8/2013
,,67,910-440,,"222,0",*,"210,0",236,0,"3,2",1,1,Tres figuras en el mismo suaje,"213,175","50,31",,Corporación Tectronic (Tequila Lunazul),AW,22/9/2008
,862,72,910-128,I-67,"224,0",*,"0,0",0,0,"0,0",1,1,Navaja,"0,000","0,00",,Navaja Circular (2) Continuos.,,1/10/2002
,,86,M-3300-234,,"226,0",*,"130,0",240,0,"6,5",1,2,4 figuras en el mismo suaje,"136,525","32,77",CS28,Autentica Tequilera,Rotometrics,13/7/2020
,,86,M-3300-188,,"227,0",*,"130,0",241,0,"6,5",1,2,3 figuras en el mismo suaje,"136,525","32,90",CS28,Autentica Tequilera,Rotometrics,21/2/2019
,,68,M-910-081,,"227,0",*,"207,0",241,0,"9,3",1,1,8 Figuras,"216,260","52,12",BB06,Promeyco,Rotometrics,16/8/2013
,,74,M-3300-324,,"229,0",*,"114,0",243,0,"3,5",1,2,Rectángulo,"117,475","28,55",BT07,Pablo Imaz de la Vega,Rotometrics,5/4/2021
,1011,75,910-279,I-199,"229,0",*,"116,0",243,3,"3,2",1,2,Especial,"119,175","28,96",,Tequila Quiote (dos figuras en el mismo suaje),AW,20/10/2005
,1017,59,910-285,I-205,"233,0",*,"90,5",247,0,"3,2",1,2,3 figuras en el mismo suaje,"93,675","23,14",,Armando Garcia Garcia (3 figuras en el mismo suaje),AW,2/5/2006
,904,51,910-170,I-104,"234,0",*,"159,0",248,0,"3,0",1,1,Figura,"162,000","40,18",,Bopp Blanco,AW,15/3/2004
,,72,M-3300-028,,"236,0",*,"225,0",250,0,"3,6",1,1,3 figuras en el mismo suaje,"228,600","57,15",MT01,Corporación Tectronic (Lunazul 1L),Rotometrics,10/2/2015
,,76,M-3300-035,,"238,0",*,"76,3",252,0,"4,1",1,3,Figura,"80,433","20,27",BB01,Genomma Lab Internacional (Vanart),Rotometrics,10/2/2015
,1132,84,910-400,,"238,0",*,"130,2",252,0,"3,2",1,2,3 figuras en el mismo suaje,"133,375","33,61",,Amcor de México,AW,25/10/2007
,,72,M-910-194,,"240,0",*,"110,0",254,"0,0","4,3",1,2,Figura,"114,300","29,03",CS02,Agrícola de Gala,Rotometrics,19/7/2016
,,72,M-910-241,,"240,0",*,"110,0",254,"0,0","4,3",1,2,Ovalo especial,"114,300","29,03",GC02,Agrícola de Gala,Rotometrics,14/12/2017
,,68,M-4200-006,,"240,0",*,"216,0",254,0,"0,0",1,1,Cortes por debajo (Topseal resellable),"216,000","54,86",TS04,Orora de México,Rotometrics,5/4/2021
,,68,M-4200-011,,"240,0",*,"216,0",254,0,"0,0",1,1,Cortes por debajo (Topseal resellable),"216,000","54,86",TS04,Orora de México,Rotometrics,21/4/2022
,,90,M-910-086,,"240,0",*,"274,0",254,0,"11,8",1,1,11 Figuras,"285,750","72,58",BB01,Promeyco,Rotometrics,8/11/2013
,,94,MD-3030-040,,"242,0",*,"146,0",330,"0,0","3,2",1,2,4 figuras en el mismo suaje,"149,225","49,24",WI05,Skinpop,Rotometrics,11/7/2023
,,90,M-910-085,,"244,0",*,"276,0",258,0,"10,1",1,1,8 Figuras,"286,104","73,81",BB01,Promeyco,Rotometrics,8/11/2013
,,78,910-439,,"246,0",*,"79,4",260,0,"3,2",1,3,4 figuras en el mismo suaje,"82,575","21,47",,Tequila el Mexicano,AW,18/9/2008
,1060,57,910-328,I-243,"254,0",*,"13,0",254,0,"0,0",1,14,Navaja medio corte,"13,000","3,30",,Siemens (Propiedad de EEO),AW,28/11/2006
,,65,910-591,,"254,0",*,"17,2",254,0,"0,0",1,12,Navaja punteada,"17,198","4,37",TT01,Medtronic,AW,14/12/2017
,936,54,910-202,I-131,"254,0",*,"29,0",254,0,"0,0",1,6,Navaja punteada,"29,000","7,37",,Navaja Punteada Completa,,29/6/2004
,1032,62,910-300,I-220,"254,0",*,"39,4",254,0,"0,0",1,5,Navaja Punteada,"39,370","10,00",,Grupo Etytec,AW,2/5/2006
,,68,910-611,,"254,0",*,"43,2",254,0,"0,0",1,5,Navaja punteada,"43,180","10,97",TT06,Sánchez Chávez León,AW,21/4/2022
,861,60,910-127,I-66,"254,0",*,"48,0",254,0,"0,0",1,4,Navaja,"48,000","12,19",,Futurama (C&C),,9/10/2002
,813,51,910-079,I-17,"254,0",*,"53,9",254,0,"0,0",1,3,Navaja punteada,"53,900","13,69",,Nabaja Punteada Completa,,
,752,60,910-017,G-7,"254,0",*,"64,0",254,0,"0,0",1,3,Navaja punteada,"64,000","16,26",,Navaja Punteda Completa (P/102X60),,
,750,64,910-015,G-5,"254,0",*,"68,0",254,0,"0,0",1,3,Navaja punteada,"68,000","17,27",,Navaja Punteda Completa,,
,758,72,910-023,G-14,"254,0",*,"76,0",268,0,"0,0",1,3,Navaja punteada,"76,000","20,37",,Navaja Punteda Completa,,
,1050,75,910-318,I-236,"254,0",*,"79,4",254,0,"0,0",1,3,Navaja punteada,"79,400","20,17",,Propiedad de EEO,AW,28/11/2006
,,82,910-612,,"254,0",*,"86,8",254,0,"0,0",1,3,Navaja punteada,"86,783","22,04",TT30,Jabil Circuit de México,AW,3/10/2022
,740,63,910-004,A-31,"254,0",*,"100,0",254,0,"0,0",1,2,Navaja punteada,"100,000","25,40",,Navaja Punteda Completa,,
,,66,910-603,,"254,0",*,"105,0",254,0,"0,0",1,2,Navaja punteada,"105,000","26,67",DI06,ICU Medical,AW,7/10/2019
,1013,82,910-281,I-201,"254,0",*,"130,2",268,0,"0,0",1,2,Navaja,"130,175","34,89",,Navaja completa (Corporacion Tectronic),AW,20/10/2005
,,82,910-433,,"254,0",*,"130,2",254,0,"0,0",1,2,Navaja punteada,"130,175","33,06",,Sánchez Chávez León,AW,7/7/2008
,803,96,910-069,I-7,"254,0",*,"152,4",254,0,"0,0",1,2,Navaja punteada,"152,400","38,71",,Se le quitaron los cortes especiales que tenía para Estafeta porque ya no se ha usado 06-01-10,AW,
,806,50,910-072,I-10,"254,0",*,"153,0",268,0,"5,5",1,1,Figura,"158,500","42,48",,Esp. C/Punteado BURR,,
,,98,910-507,,"254,0",*,"155,6",254,0,"0,0",1,2,Navaja punteada,"155,575","39,52",,EEO,AW,29/11/2010
,,98,910-507,,"254,0",*,"155,6",254,0,"0,0",1,2,Navaja punteada,"155,575","39,52",,EEO (Para repuesto),CRD,12/1/2024
,837,50,910-103,I-41,"254,0",*,"158,0",254,0,"0,0",1,1,Navaja punteada,"158,000","40,13",,Navaja punteada,,30/10/2000
,933,52,910-199,I-128,"254,0",*,"165,0",254,0,"0,0",1,1,Navaja,"165,000","41,91",,Corte Completo,,29/6/2004
,828,53,910-094,I-32,"254,0",*,"168,0",254,0,"0,0",1,1,Navaja punteada,"168,000","42,67",,Navaja Punteda,,
,787,55,910-054,H-18,"254,0",*,"175,0",254,0,"0,0",1,1,Navaja,"175,000","44,45",,Navaja Completa,,
,792,59,910-059,H-23,"254,0",*,"187,3",254,0,"0,0",1,1,Navaja,"187,300","47,57",,Completa Café Unico,,
,,62,910-594,,"254,0",*,"196,9",254,0,"0,0",1,1,Navaja punteada,"196,850","50,00",TT01,Medtronic,AW,14/12/2017
,770,63,910-035,G-26,"254,0",*,"200,0",254,0,"0,0",1,1,Navaja punteada,"200,000","50,80",,Navaja Punteda,,
,930,63,910-196,I-125,"254,0",*,"200,0",254,0,"0,0",1,1,Navaja punteada,"200,000","50,80",,Navaja punteada,,29/6/2004
,934,63,910-200,I-129,"254,0",*,"200,0",254,0,"0,0",1,1,Navaja punteada,"200,000","50,80",,Navaja Completa,,29/6/2004
,,64,910-592,,"254,0",*,"203,2",254,0,"0,0",1,1,Navaja punteada,"203,200","51,61",TT01,Medtronic,AW,14/12/2017
,1088,65,910-356,I-265,"254,0",*,"206,0",254,0,"0,0",1,1,Navaja punteada,"206,000","52,32",,Vimifos (para puintear con suaje 910-355)(Propiedad de EEO),AW,26/3/2007
,858,68,910-124,I-63,"254,0",*,"216,0",254,0,"0,0",1,1,Navaja punteada,"216,000","54,86",,"Corte completo (Se mando puntear para Promeyco 25-07-13, no se usaba desde el 2008)",,
,791,73,910-058,H-22,"254,0",*,"231,7",254,0,"0,0",1,1,Navaja,"231,700","58,85",,Completa Café Unico,,
,,73,910-496,,"254,0",*,"232,0",254,0,"0,0",2,1,Navaja punteada,"116,000","29,46",,IACNA (se usa con 910-495),AW,29/7/2010
,,73,910-499,,"254,0",*,"232,0",254,0,"0,0",1,1,Navaja,"232,000","58,93",,IACNA (corte por debajo se usa con el suaje 910-495),AW,28/9/2010
,772,80,910-039,H-4,"254,0",*,"254,0",254,0,"0,0",1,1,Navaja,"254,000","64,52",,,,
,927,83,910-193,I-122,"254,0",*,"263,0",254,0,"0,0",1,1,Navaja punteada,"263,000","66,80",,Navaja Punteada,,29/6/2004
,793,84,910-05A,I-335,"254,0",*,"267,0",254,0,"0,0",1,1,Navaja,"267,000","67,82",,Reposición del suaje 10-01-06,,
,1066,86,910-334,I-367,"254,0",*,"273,0",254,0,"0,0",1,1,Navaja,"273,000","69,34",,Amcor de México (medio corte por el respaldo),AW,28/11/2006
,873,88,910-139,I-75,"254,0",*,"279,0",254,0,"0,0",1,1,Navaja punteada,"279,000","70,87",,Punteado C/Contra C.C. 3M,,2/5/2003
,886,88,910-152,I-86,"254,0",*,"279,0",254,0,"0,0",1,1,navaja,"279,000","70,87",,,AW,11/8/2003
,,90,910-553,,"254,0",*,"285,8",254,0,"0,0",1,1,Navaja punteada,"285,750","72,58",BB06,Promeyco,AW,8/11/2013
,795,92,910-061,H-25,"254,0",*,"292,0",254,0,"0,0",1,1,Navaja,"292,000","74,17",,Completa Café Unico,,
,1125,92,910-393,,"254,0",*,"292,1",254,0,"0,0",1,1,Navaja,"292,100","74,19",,Amcor de Mexico (corte por debajo del respaldo),AW,3/8/2007
,890,99,910-156,I-90,"254,0",*,"314,0",254,0,"0,0",1,1,navaja,"314,000","79,76",,M.C.,AW,27/8/2003
,843,104,910-109,I-338,"254,0",*,"330,0",254,0,"0,0",1,2,Navaja punteada,"330,000","83,82",,Punteada 2 Celanece (Usar con 910-108),,15/2/2001
,,111,910-436,,"254,0",*,"352,4",254,0,"0,0",1,1,Navaja punteada,"352,400","89,51",,Plasticos la Ardimlla,AW,15/7/2008
,736,120,910-000,E-13,"254,0",*,"381,0",254,0,"0,0",1,1,Navaja,"381,000","96,77",,Navaja Completa,,
,,94,M-3300-310,,"295,0",*,"295,0",309,0,"3,5",1,1,Cuadrado,"298,450","92,22",CS13,Bunge Comercial,Rotometrics,5/4/2021
,,96,M-3300-138,,"298,0",*,"98,4",312,3,"3,2",1,3,3 figuras en el mismo suaje,"101,600","31,70",MT02,Real de Jalpa,Rotometrics,14/12/2017
,,83,M-3300-048,,"303,0",*,"85,0",317,0,"3,0",1,2,2 figuras en el mismo suaje,"88,000","27,90",BB01,Lafon Launay Cosmetics,Rotometrics,10/2/2015
,,91,3300-021,,"322,0",*,"287,0",336,0,"2,4",1,1,3 figuras en el mismo suaje,"289,425","97,25",,Corporacion Tectronic,AW,30/6/2010
,,96,M-3300-015,,"322,0",*,"287,0",336,0,"18,3",1,1,Figuras especiales,"305,300","102,58",BM02,"Corporación Tectronic - Lunazul 1,750ml",Rotometrics,19/9/2014